#
# A fatal error has been detected by the Java Runtime Environment:
#
#  SIGSEGV (0xb) at pc=0x0000000233759b84, pid=26126, tid=259
#
# JRE version: OpenJDK Runtime Environment Zulu25.34+17-CA (25.0.3+9) (build 25.0.3+9-LTS)
# Java VM: OpenJDK 64-Bit Server VM Zulu25.34+17-CA (25.0.3+9-LTS, mixed mode, sharing, tiered, compressed oops, compressed class ptrs, g1 gc, bsd-aarch64)
# Problematic frame:
# C  [libGLProgrammability.dylib+0x81b84]  glpLLVMGetFunctionGlobalVariableUse+0x1e8
#
# No core dump will be written. Core dumps have been disabled. To enable core dumping, try "ulimit -c unlimited" before starting Java again
#
# If you would like to submit a bug report, please visit:
#   http://www.azul.com/support/
# The crash happened outside the Java Virtual Machine in native code.
# See problematic frame for where to report the bug.
#

---------------  S U M M A R Y ------------

Command Line: --sun-misc-unsafe-memory-access=allow --enable-native-access=ALL-UNNAMED -Djava.library.path=/Users/charlieichikowitz/Library/Application Support/ModrinthApp/meta/natives/26.2-0.19.5/java -Djna.tmpdir=/Users/charlieichikowitz/Library/Application Support/ModrinthApp/meta/natives/26.2-0.19.5/jna -Dorg.lwjgl.system.SharedLibraryExtractPath=/Users/charlieichikowitz/Library/Application Support/ModrinthApp/meta/natives/26.2-0.19.5/lwjgl -Dio.netty.native.workdir=/Users/charlieichikowitz/Library/Application Support/ModrinthApp/meta/natives/26.2-0.19.5/netty -Dminecraft.launcher.brand=theseus -Dminecraft.launcher.version=0.21.2 -DFabricMcEmu=net.minecraft.client.main.Main -Xmx6144M -Dlog4j.configurationFile=/Users/charlieichikowitz/Library/Application Support/ModrinthApp/meta/log_configs/client-1.21.2.xml -javaagent:/private/var/folders/97/0x7l_2j54nz3607j4cfqcp300000gn/T/.tmpKt6OWx/theseus.jar -Dmodrinth.internal.ipc.host=127.0.0.1 -Dmodrinth.internal.ipc.port=53754 -Dmodrinth.internal.quickPlay.serverVersion=BUILTIN -XX:+UseG1GC -XX:+ParallelRefProcEnabled -XX:MaxGCPauseMillis=10 -XX:+UnlockExperimentalVMOptions -XX:+DisableExplicitGC -XX:G1NewSizePercent=20 -XX:G1MaxNewSizePercent=30 -XX:G1HeapRegionSize=8M -XX:G1ReservePercent=15 -XX:G1HeapWastePercent=5 -XX:G1MixedGCCountTarget=4 --add-opens=java.base/java.lang.reflect=ALL-UNNAMED --add-opens=jdk.internal/jdk.internal.misc=ALL-UNNAMED com.modrinth.theseus.MinecraftLaunch net.fabricmc.loader.impl.launch.knot.KnotClient --username ImBisy --version 26.2 --gameDir /Users/charlieichikowitz/Library/Application Support/ModrinthApp/profiles/Ramen%20simple%20mods%201.0.2.2 --assetsDir /Users/charlieichikowitz/Library/Application Support/ModrinthApp/meta/assets --assetIndex 32 --uuid c3c58c0d75c64303a63e7b64c9c23b77 --accessToken eyJraWQiOiIwNDkxODEiLCJhbGciOiJSUzI1NiJ9.eyJ4dWlkIjoiMjUzNTQ0NTM0OTE2MTMzNSIsImFnZyI6IkFkdWx0Iiwic3ViIjoiMzQxMjllYTQtM2YwNC00ODdiLWJkMGUtNjNjZGY2ZmVkMDBkIiwiYXV0aCI6IlhCT1giLCJucyI6ImRlZmF1bHQiLCJyb2xlcyI6W10sImlzcyI6ImF1dGhlbnRpY2F0aW9uIiwiZmxhZ3MiOlsibXVsdGlwbGF5ZXIiXSwicHJvZmlsZXMiOnsibWMiOiJjM2M1OGMwZC03NWM2LTQzMDMtYTYzZS03YjY0YzljMjNiNzcifSwicG1pZCI6Ijk0MjExNTkwLWJhY2ItNWQyZS1iNmQxLTIwNjljY2EwMjlmMyIsInBsYXRmb3JtIjoiUENfTEFVTkNIRVIiLCJ0aWQiOiJFOTlCMCIsInBmZCI6W3sidHlwZSI6Im1jIiwiaWQiOiJjM2M1OGMwZC03NWM2LTQzMDMtYTYzZS03YjY0YzljMjNiNzciLCJuYW1lIjoiSW1CaXN5In1dLCJ4aWQiOiIyNTM1NDQ1MzQ5MTYxMzM1IiwibmJmIjoxNzg5NDA2MTExLCJleHAiOjE3ODk0OTI1MTEsImlhdCI6MTc4OTQwNjExMSwiYWlkIjoiMDAwMDAwMDAtMDAwMC0wMDAwLTAwMDAtMDAwMDQwMmI1MzI4In0.JG7rC2EqPD1DBGHcbyppDNUWOeeQ_QCcowvwrDHCiDdnBIh_LgaS9YC9a0UirrBz0Xmbc3cOfJ5I8j93bOoooYCZJOr_1pKuxksPmrP7MIZbybohzDfcgSyLtX1yWvRN4EiQ7yYWryA8S8l80jgFtF0dGbP4CwqedRrpFAduBCIeEpawGKKqaGqGUNdE1KjNY0or5rvq4HXfovscGoxT1RiA-dt0gUpbulX2WFbpsQYepASIRu1PA92xMZ1RMaQXdIDz_qr7zd6u28--FQcizCvPDILyhez42_17-B4tNWu423KH4KuSX2NMJw2bXUFVANsO6WEHFsDiYZb9eWKK1Q --clientId c4502edb-87c6-40cb-b595-64a280cf8906 --xuid 0 --versionType release --width 854 --height 480

Host: "MacBookPro18,3" arm64, 8 cores, 16G, Darwin 25.6.0, macOS 26.6.2 (25G83)
Time: Tue Sep 15 17:21:59 2026 BST elapsed time: 186.306499 seconds (0d 0h 3m 6s)

---------------  T H R E A D  ---------------

Current thread (0x0000000104e33ab0):  JavaThread "Render thread"        [_thread_in_native, id=259, stack(0x000000016b154000,0x000000016b950000) (8176K)]

Stack: [0x000000016b154000,0x000000016b950000],  sp=0x000000016b944eb0,  free space=8131k
Native frames: (J=compiled Java code, j=interpreted, Vv=VM code, C=native code)
C  [libGLProgrammability.dylib+0x81b84]  glpLLVMGetFunctionGlobalVariableUse+0x1e8
C  [libGLProgrammability.dylib+0x81c20]  glpLLVMGetFunctionGlobalVariableUse+0x284
C  [libGLProgrammability.dylib+0x81c20]  glpLLVMGetFunctionGlobalVariableUse+0x284
C  [libGLProgrammability.dylib+0x81c20]  glpLLVMGetFunctionGlobalVariableUse+0x284
C  [libGLProgrammability.dylib+0x81c20]  glpLLVMGetFunctionGlobalVariableUse+0x284
C  [libGLProgrammability.dylib+0x8055c]  glpLLVMCGFindSamplersAndBuffers+0x484
C  [libGLProgrammability.dylib+0x7f494]  glpLLVMCGTopLevel+0xb24
C  [libGLProgrammability.dylib+0xa7dd8]  glpLinkProgram+0x2808
C  [libGLProgrammability.dylib+0xc0b98]  ShLink+0xd0
C  [GLEngine+0xf5e30]  gleLinkProgram+0x470
C  [GLEngine+0x73d40]  glLinkProgramARB_Exec+0xb4
J 27192  org.lwjgl.opengl.GL20C.glLinkProgram(I)V (0 bytes) @ 0x0000000119689f20 [0x0000000119689e80+0x00000000000000a0]
J 71121 c1 com.mojang.blaze3d.opengl.GlStateManager.glLinkProgram(I)V (8 bytes) @ 0x0000000112abca70 [0x0000000112abc8c0+0x00000000000001b0]
j  net.irisshaders.iris.gl.shader.ProgramCreator.create(Ljava/lang/String;[Lnet/irisshaders/iris/gl/shader/GlShader;)I+111
j  net.irisshaders.iris.gl.program.ProgramBuilder.begin(Ljava/lang/String;Ljava/lang/String;Ljava/lang/String;Ljava/lang/String;Lcom/google/common/collect/ImmutableSet;)Lnet/irisshaders/iris/gl/program/ProgramBuilder;+106
j  net.irisshaders.iris.pipeline.CompositeRenderer.createProgram(Lnet/irisshaders/iris/shaderpack/programs/ProgramSource;Lcom/google/common/collect/ImmutableSet;Lcom/google/common/collect/ImmutableSet;Ljava/util/function/Supplier;)Lnet/irisshaders/iris/gl/program/Program;+141
j  net.irisshaders.iris.pipeline.CompositeRenderer.<init>(Lnet/irisshaders/iris/pipeline/WorldRenderingPipeline;Lnet/irisshaders/iris/pipeline/CompositePass;Lnet/irisshaders/iris/shaderpack/properties/PackDirectives;[Lnet/irisshaders/iris/shaderpack/programs/ProgramSource;[[Lnet/irisshaders/iris/shaderpack/programs/ComputeSource;Lnet/irisshaders/iris/targets/RenderTargets;Lnet/irisshaders/iris/gl/buffer/ShaderStorageBufferHolder;Lnet/irisshaders/iris/gl/texture/TextureAccess;Lnet/irisshaders/iris/uniforms/FrameUpdateNotifier;Lnet/irisshaders/iris/pathways/CenterDepthSampler;Lnet/irisshaders/iris/targets/BufferFlipper;Ljava/util/function/Supplier;Lnet/irisshaders/iris/shaderpack/texture/TextureStage;Lit/unimi/dsi/fastutil/objects/Object2ObjectMap;Lit/unimi/dsi/fastutil/objects/Object2ObjectMap;Ljava/util/Set;Lcom/google/common/collect/ImmutableMap;Lnet/irisshaders/iris/uniforms/custom/CustomUniforms;)V+306
j  net.irisshaders.iris.pipeline.IrisRenderingPipeline.<init>(Lnet/irisshaders/iris/shaderpack/programs/ProgramSet;)V+1482
j  net.irisshaders.iris.Iris.createPipeline(Lnet/irisshaders/iris/shaderpack/materialmap/NamespacedId;)Lnet/irisshaders/iris/pipeline/WorldRenderingPipeline;+33
j  net.irisshaders.iris.Iris$$Lambda+0x00001c0002b937e8.apply(Ljava/lang/Object;)Ljava/lang/Object;+4
J 73251 c1 net.irisshaders.iris.pipeline.PipelineManager.preparePipeline(Lnet/irisshaders/iris/shaderpack/materialmap/NamespacedId;)Lnet/irisshaders/iris/pipeline/WorldRenderingPipeline; (137 bytes) @ 0x000000011405b7ac [0x000000011405b500+0x00000000000002ac]
j  net.irisshaders.iris.Iris.reload()V+33
j  net.irisshaders.iris.apiimpl.IrisApiV0ConfigImpl.setShadersEnabledAndApply(Z)V+26
j  net.irisshaders.iris.gui.screen.ShaderPackScreen.applyChanges()V+159
j  net.irisshaders.iris.gui.screen.ShaderPackScreen.lambda$init$1(Lnet/minecraft/client/gui/components/Button;)V+1
j  net.irisshaders.iris.gui.screen.ShaderPackScreen$$Lambda+0x00001c000430af08.onPress(Lnet/minecraft/client/gui/components/Button;)V+5
j  net.minecraft.client.gui.components.Button.onPress(Lnet/minecraft/client/input/InputWithModifiers;)V+5
j  net.minecraft.client.gui.components.AbstractButton.onClick(Lnet/minecraft/client/input/MouseButtonEvent;Z)V+2
j  net.minecraft.client.gui.components.AbstractWidget.mouseClicked(Lnet/minecraft/client/input/MouseButtonEvent;Z)Z+50
j  net.minecraft.client.gui.components.events.ContainerEventHandler.mouseClicked(Lnet/minecraft/client/input/MouseButtonEvent;Z)Z+37
j  net.irisshaders.iris.gui.screen.ShaderPackScreen.mouseClicked(Lnet/minecraft/client/input/MouseButtonEvent;Z)Z+148
j  net.minecraft.client.MouseHandler.mixinextras$bridge$mouseClicked$87([Ljava/lang/Object;)Ljava/lang/Boolean;+38
j  net.minecraft.client.MouseHandler$$Lambda+0x00001c0003846210.call([Ljava/lang/Object;)Ljava/lang/Object;+1
j  net.minecraft.client.MouseHandler.wrapOperation$zei000$architectury$wrapMouseClicked(Lnet/minecraft/client/gui/screens/Screen;Lnet/minecraft/client/input/MouseButtonEvent;ZLcom/llamalad7/mixinextras/injector/wrapoperation/Operation;)Z+65
j  net.minecraft.client.MouseHandler.mixinextras$bridge$wrapOperation$zei000$architectury$wrapMouseClicked$91(Lcom/llamalad7/mixinextras/injector/wrapoperation/Operation;[Ljava/lang/Object;)Ljava/lang/Boolean;+40
j  net.minecraft.client.MouseHandler$$Lambda+0x00001c0003846440.call([Ljava/lang/Object;)Ljava/lang/Object;+9
j  net.minecraft.client.MouseHandler.wrapOperation$dcn000$fabric-screen-api-v1$invokeMouseClickedEvents(Lnet/minecraft/client/gui/screens/Screen;Lnet/minecraft/client/input/MouseButtonEvent;ZLcom/llamalad7/mixinextras/injector/wrapoperation/Operation;)Z+64
j  net.minecraft.client.MouseHandler.onButton(JLnet/minecraft/client/input/MouseButtonInfo;I)V+585
j  net.minecraft.client.MouseHandler.lambda$setup$3(JLnet/minecraft/client/input/MouseButtonInfo;I)V+5
j  net.minecraft.client.MouseHandler$$Lambda+0x00001c000383d498.run()V+16
J 67429 c2 net.minecraft.util.thread.BlockableEventLoop.doRunTask(Ljava/lang/Runnable;)V (86 bytes) @ 0x000000011a958f30 [0x000000011a958ec0+0x0000000000000070]
J 35580 c1 net.minecraft.util.thread.ReentrantBlockableEventLoop.doRunTask(Ljava/lang/Runnable;)V (42 bytes) @ 0x0000000112ac6f14 [0x0000000112ac6e40+0x00000000000000d4]
J 68038 c2 net.minecraft.util.thread.BlockableEventLoop.execute(Ljava/lang/Runnable;)V (27 bytes) @ 0x000000011a9bd528 [0x000000011a9bd440+0x00000000000000e8]
j  net.minecraft.client.MouseHandler.lambda$setup$2(JIII)V+27
j  net.minecraft.client.MouseHandler$$Lambda+0x00001c000319d000.invoke(JIII)V+10
j  org.lwjgl.glfw.GLFWMouseButtonCallback$Container.invoke(JIII)V+10
j  bre2el.fpsreducer.handler.glfw.InputEventHandler$MouseButtonEventHandler.invoke(JIII)V+59
j  org.lwjgl.glfw.GLFWMouseButtonCallbackI.callback(JJ)V+48
v  ~StubRoutines::call_stub 0x0000000118c5c154
V  [libjvm.dylib+0x4f8cd8]  JavaCalls::call_helper(JavaValue*, methodHandle const&, JavaCallArguments*, JavaThread*)+0x3e4
V  [libjvm.dylib+0x576254]  jni_invoke_nonstatic(JNIEnv_*, JavaValue*, _jobject*, JNICallType, _jmethodID*, JNI_ArgumentPusher*, JavaThread*)+0x40c
V  [libjvm.dylib+0x57aef0]  jni_CallVoidMethod+0x110
C  [liblwjgl.dylib+0x35e30]
C  [liblwjgl.dylib+0x5dcc]
C  [liblwjgl.dylib+0x82e8]
C  [AppKit+0x1cec64]  -[NSWindow(NSEventRouting) _handleMouseDownEvent:isDelayedEvent:]+0xe70
C  [AppKit+0x15d224]  -[NSWindow(NSEventRouting) _reallySendEvent:isDelayedEvent:]+0x1ec
C  [AppKit+0x15ce94]  -[NSWindow(NSEventRouting) sendEvent:]+0x17c
C  [AppKit+0xbcd4c8]  -[NSApplication(NSEventRouting) sendEvent:]+0x4fc
C  [libglfw.dylib+0x14d84]
J 34234  org.lwjgl.system.JNI.invokeV(J)V (0 bytes) @ 0x0000000119e5bca0 [0x0000000119e5bc00+0x00000000000000a0]
J 34999 c1 com.mojang.blaze3d.systems.RenderSystem.pollEvents()V (27 bytes) @ 0x00000001121c7ffc [0x00000001121c7c40+0x00000000000003bc]
j  net.minecraft.client.Minecraft.run()V+98
j  net.minecraft.client.main.Main.main([Ljava/lang/String;)V+1646
j  java.lang.invoke.LambdaForm$DMH+0x00001c0001098400.invokeStaticInit(Ljava/lang/Object;Ljava/lang/Object;)V+10 java.base@25.0.3
j  java.lang.invoke.LambdaForm$MH+0x00001c000135c800.invokeExact_MT(Ljava/lang/Object;Ljava/lang/Object;Ljava/lang/Object;)V+19 java.base@25.0.3
j  net.fabricmc.loader.impl.game.minecraft.MinecraftGameProvider.launch(Ljava/lang/ClassLoader;)V+74
j  net.fabricmc.loader.impl.launch.knot.Knot.launch([Ljava/lang/String;Lnet/fabricmc/api/EnvType;)V+40
j  net.fabricmc.loader.impl.launch.knot.KnotClient.main([Ljava/lang/String;)V+4
j  java.lang.invoke.LambdaForm$DMH+0x00001c0001044800.invokeStatic(Ljava/lang/Object;Ljava/lang/Object;)V+10 java.base@25.0.3
j  java.lang.invoke.LambdaForm$MH+0x00001c0001084800.invoke(Ljava/lang/Object;Ljava/lang/Object;Ljava/lang/Object;)Ljava/lang/Object;+33 java.base@25.0.3
j  java.lang.invoke.Invokers$Holder.invokeExact_MT(Ljava/lang/Object;Ljava/lang/Object;Ljava/lang/Object;Ljava/lang/Object;)Ljava/lang/Object;+20 java.base@25.0.3
j  jdk.internal.reflect.DirectMethodHandleAccessor.invokeImpl(Ljava/lang/Object;[Ljava/lang/Object;)Ljava/lang/Object;+55 java.base@25.0.3
j  jdk.internal.reflect.DirectMethodHandleAccessor.invoke(Ljava/lang/Object;[Ljava/lang/Object;)Ljava/lang/Object;+23 java.base@25.0.3
j  java.lang.reflect.Method.invoke(Ljava/lang/Object;[Ljava/lang/Object;)Ljava/lang/Object;+102 java.base@25.0.3
j  com.modrinth.theseus.MinecraftLaunch.relaunch(Ljava/lang/String;[Ljava/lang/String;)V+138
j  com.modrinth.theseus.MinecraftLaunch.main([Ljava/lang/String;)V+90
v  ~StubRoutines::call_stub 0x0000000118c5c154
V  [libjvm.dylib+0x4f8cd8]  JavaCalls::call_helper(JavaValue*, methodHandle const&, JavaCallArguments*, JavaThread*)+0x3e4
V  [libjvm.dylib+0x57f6b8]  jni_invoke_static(JNIEnv_*, JavaValue*, _jobject*, JNICallType, _jmethodID*, JNI_ArgumentPusher*, JavaThread*)+0x174
V  [libjvm.dylib+0x583248]  jni_CallStaticVoidMethod+0x108
C  [libjli.dylib+0xa768]  JavaMain+0x918
C  [libjli.dylib+0xd738]  __JVMInit_block_invoke+0x48
C  [Foundation+0x3e24c]  __NSBLOCKOPERATION_IS_CALLING_OUT_TO_A_BLOCK__+0x18
C  [Foundation+0x3e11c]  -[NSBlockOperation main]+0x58
C  [Foundation+0x3e0bc]  __NSOPERATION_IS_INVOKING_MAIN__+0x10
C  [Foundation+0x3d4c8]  -[NSOperation start]+0x280
C  [Foundation+0x78bcc]  __NSThreadPerformPerform+0x108
C  [CoreFoundation+0x7df60]  __CFRUNLOOP_IS_CALLING_OUT_TO_A_SOURCE0_PERFORM_FUNCTION__+0x1c
C  [CoreFoundation+0x7def4]  __CFRunLoopDoSource0+0xac
C  [CoreFoundation+0x7dc60]  __CFRunLoopDoSources0+0xe8
C  [CoreFoundation+0x7c884]  __CFRunLoopRun+0x334
C  [CoreFoundation+0x14f264]  _CFRunLoopRunSpecificWithOptions+0x214
C  [libjli.dylib+0xcd24]  CreateExecutionEnvironment+0x19c
C  [libjli.dylib+0x7e5c]  JLI_Launch+0x230
C  [java+0x3bb8]  main+0x194
C  [dyld+0x204e4]  start+0x1b50
Java frames: (J=compiled Java code, j=interpreted, Vv=VM code)
J 27192  org.lwjgl.opengl.GL20C.glLinkProgram(I)V (0 bytes) @ 0x0000000119689ef0 [0x0000000119689e80+0x0000000000000070]
J 71121 c1 com.mojang.blaze3d.opengl.GlStateManager.glLinkProgram(I)V (8 bytes) @ 0x0000000112abca70 [0x0000000112abc8c0+0x00000000000001b0]
j  net.irisshaders.iris.gl.shader.ProgramCreator.create(Ljava/lang/String;[Lnet/irisshaders/iris/gl/shader/GlShader;)I+111
j  net.irisshaders.iris.gl.program.ProgramBuilder.begin(Ljava/lang/String;Ljava/lang/String;Ljava/lang/String;Ljava/lang/String;Lcom/google/common/collect/ImmutableSet;)Lnet/irisshaders/iris/gl/program/ProgramBuilder;+106
j  net.irisshaders.iris.pipeline.CompositeRenderer.createProgram(Lnet/irisshaders/iris/shaderpack/programs/ProgramSource;Lcom/google/common/collect/ImmutableSet;Lcom/google/common/collect/ImmutableSet;Ljava/util/function/Supplier;)Lnet/irisshaders/iris/gl/program/Program;+141
j  net.irisshaders.iris.pipeline.CompositeRenderer.<init>(Lnet/irisshaders/iris/pipeline/WorldRenderingPipeline;Lnet/irisshaders/iris/pipeline/CompositePass;Lnet/irisshaders/iris/shaderpack/properties/PackDirectives;[Lnet/irisshaders/iris/shaderpack/programs/ProgramSource;[[Lnet/irisshaders/iris/shaderpack/programs/ComputeSource;Lnet/irisshaders/iris/targets/RenderTargets;Lnet/irisshaders/iris/gl/buffer/ShaderStorageBufferHolder;Lnet/irisshaders/iris/gl/texture/TextureAccess;Lnet/irisshaders/iris/uniforms/FrameUpdateNotifier;Lnet/irisshaders/iris/pathways/CenterDepthSampler;Lnet/irisshaders/iris/targets/BufferFlipper;Ljava/util/function/Supplier;Lnet/irisshaders/iris/shaderpack/texture/TextureStage;Lit/unimi/dsi/fastutil/objects/Object2ObjectMap;Lit/unimi/dsi/fastutil/objects/Object2ObjectMap;Ljava/util/Set;Lcom/google/common/collect/ImmutableMap;Lnet/irisshaders/iris/uniforms/custom/CustomUniforms;)V+306
j  net.irisshaders.iris.pipeline.IrisRenderingPipeline.<init>(Lnet/irisshaders/iris/shaderpack/programs/ProgramSet;)V+1482
j  net.irisshaders.iris.Iris.createPipeline(Lnet/irisshaders/iris/shaderpack/materialmap/NamespacedId;)Lnet/irisshaders/iris/pipeline/WorldRenderingPipeline;+33
j  net.irisshaders.iris.Iris$$Lambda+0x00001c0002b937e8.apply(Ljava/lang/Object;)Ljava/lang/Object;+4
J 73251 c1 net.irisshaders.iris.pipeline.PipelineManager.preparePipeline(Lnet/irisshaders/iris/shaderpack/materialmap/NamespacedId;)Lnet/irisshaders/iris/pipeline/WorldRenderingPipeline; (137 bytes) @ 0x000000011405b7ac [0x000000011405b500+0x00000000000002ac]
j  net.irisshaders.iris.Iris.reload()V+33
j  net.irisshaders.iris.apiimpl.IrisApiV0ConfigImpl.setShadersEnabledAndApply(Z)V+26
j  net.irisshaders.iris.gui.screen.ShaderPackScreen.applyChanges()V+159
j  net.irisshaders.iris.gui.screen.ShaderPackScreen.lambda$init$1(Lnet/minecraft/client/gui/components/Button;)V+1
j  net.irisshaders.iris.gui.screen.ShaderPackScreen$$Lambda+0x00001c000430af08.onPress(Lnet/minecraft/client/gui/components/Button;)V+5
j  net.minecraft.client.gui.components.Button.onPress(Lnet/minecraft/client/input/InputWithModifiers;)V+5
j  net.minecraft.client.gui.components.AbstractButton.onClick(Lnet/minecraft/client/input/MouseButtonEvent;Z)V+2
j  net.minecraft.client.gui.components.AbstractWidget.mouseClicked(Lnet/minecraft/client/input/MouseButtonEvent;Z)Z+50
j  net.minecraft.client.gui.components.events.ContainerEventHandler.mouseClicked(Lnet/minecraft/client/input/MouseButtonEvent;Z)Z+37
j  net.irisshaders.iris.gui.screen.ShaderPackScreen.mouseClicked(Lnet/minecraft/client/input/MouseButtonEvent;Z)Z+148
j  net.minecraft.client.MouseHandler.mixinextras$bridge$mouseClicked$87([Ljava/lang/Object;)Ljava/lang/Boolean;+38
j  net.minecraft.client.MouseHandler$$Lambda+0x00001c0003846210.call([Ljava/lang/Object;)Ljava/lang/Object;+1
j  net.minecraft.client.MouseHandler.wrapOperation$zei000$architectury$wrapMouseClicked(Lnet/minecraft/client/gui/screens/Screen;Lnet/minecraft/client/input/MouseButtonEvent;ZLcom/llamalad7/mixinextras/injector/wrapoperation/Operation;)Z+65
j  net.minecraft.client.MouseHandler.mixinextras$bridge$wrapOperation$zei000$architectury$wrapMouseClicked$91(Lcom/llamalad7/mixinextras/injector/wrapoperation/Operation;[Ljava/lang/Object;)Ljava/lang/Boolean;+40
j  net.minecraft.client.MouseHandler$$Lambda+0x00001c0003846440.call([Ljava/lang/Object;)Ljava/lang/Object;+9
j  net.minecraft.client.MouseHandler.wrapOperation$dcn000$fabric-screen-api-v1$invokeMouseClickedEvents(Lnet/minecraft/client/gui/screens/Screen;Lnet/minecraft/client/input/MouseButtonEvent;ZLcom/llamalad7/mixinextras/injector/wrapoperation/Operation;)Z+64
j  net.minecraft.client.MouseHandler.onButton(JLnet/minecraft/client/input/MouseButtonInfo;I)V+585
j  net.minecraft.client.MouseHandler.lambda$setup$3(JLnet/minecraft/client/input/MouseButtonInfo;I)V+5
j  net.minecraft.client.MouseHandler$$Lambda+0x00001c000383d498.run()V+16
J 67429 c2 net.minecraft.util.thread.BlockableEventLoop.doRunTask(Ljava/lang/Runnable;)V (86 bytes) @ 0x000000011a958f30 [0x000000011a958ec0+0x0000000000000070]
J 35580 c1 net.minecraft.util.thread.ReentrantBlockableEventLoop.doRunTask(Ljava/lang/Runnable;)V (42 bytes) @ 0x0000000112ac6f14 [0x0000000112ac6e40+0x00000000000000d4]
J 68038 c2 net.minecraft.util.thread.BlockableEventLoop.execute(Ljava/lang/Runnable;)V (27 bytes) @ 0x000000011a9bd528 [0x000000011a9bd440+0x00000000000000e8]
j  net.minecraft.client.MouseHandler.lambda$setup$2(JIII)V+27
j  net.minecraft.client.MouseHandler$$Lambda+0x00001c000319d000.invoke(JIII)V+10
j  org.lwjgl.glfw.GLFWMouseButtonCallback$Container.invoke(JIII)V+10
j  bre2el.fpsreducer.handler.glfw.InputEventHandler$MouseButtonEventHandler.invoke(JIII)V+59
j  org.lwjgl.glfw.GLFWMouseButtonCallbackI.callback(JJ)V+48
v  ~StubRoutines::call_stub 0x0000000118c5c154
J 34234  org.lwjgl.system.JNI.invokeV(J)V (0 bytes) @ 0x0000000119e5bc70 [0x0000000119e5bc00+0x0000000000000070]
J 34999 c1 com.mojang.blaze3d.systems.RenderSystem.pollEvents()V (27 bytes) @ 0x00000001121c7ffc [0x00000001121c7c40+0x00000000000003bc]
j  net.minecraft.client.Minecraft.run()V+98
j  net.minecraft.client.main.Main.main([Ljava/lang/String;)V+1646
j  java.lang.invoke.LambdaForm$DMH+0x00001c0001098400.invokeStaticInit(Ljava/lang/Object;Ljava/lang/Object;)V+10 java.base@25.0.3
j  java.lang.invoke.LambdaForm$MH+0x00001c000135c800.invokeExact_MT(Ljava/lang/Object;Ljava/lang/Object;Ljava/lang/Object;)V+19 java.base@25.0.3
j  net.fabricmc.loader.impl.game.minecraft.MinecraftGameProvider.launch(Ljava/lang/ClassLoader;)V+74
j  net.fabricmc.loader.impl.launch.knot.Knot.launch([Ljava/lang/String;Lnet/fabricmc/api/EnvType;)V+40
j  net.fabricmc.loader.impl.launch.knot.KnotClient.main([Ljava/lang/String;)V+4
j  java.lang.invoke.LambdaForm$DMH+0x00001c0001044800.invokeStatic(Ljava/lang/Object;Ljava/lang/Object;)V+10 java.base@25.0.3
j  java.lang.invoke.LambdaForm$MH+0x00001c0001084800.invoke(Ljava/lang/Object;Ljava/lang/Object;Ljava/lang/Object;)Ljava/lang/Object;+33 java.base@25.0.3
j  java.lang.invoke.Invokers$Holder.invokeExact_MT(Ljava/lang/Object;Ljava/lang/Object;Ljava/lang/Object;Ljava/lang/Object;)Ljava/lang/Object;+20 java.base@25.0.3
j  jdk.internal.reflect.DirectMethodHandleAccessor.invokeImpl(Ljava/lang/Object;[Ljava/lang/Object;)Ljava/lang/Object;+55 java.base@25.0.3
j  jdk.internal.reflect.DirectMethodHandleAccessor.invoke(Ljava/lang/Object;[Ljava/lang/Object;)Ljava/lang/Object;+23 java.base@25.0.3
j  java.lang.reflect.Method.invoke(Ljava/lang/Object;[Ljava/lang/Object;)Ljava/lang/Object;+102 java.base@25.0.3
j  com.modrinth.theseus.MinecraftLaunch.relaunch(Ljava/lang/String;[Ljava/lang/String;)V+138
j  com.modrinth.theseus.MinecraftLaunch.main([Ljava/lang/String;)V+90
v  ~StubRoutines::call_stub 0x0000000118c5c154

siginfo: si_signo: 11 (SIGSEGV), si_code: 2 (SEGV_ACCERR), si_addr: 0x0000000000000000

Registers:
 x0=0x00000001537b1ec0  x1=0x00000001537c66f0  x2=0x0000000153ac30a0  x3=0x0000000153ac3098
 x4=0x0000000153ac3140  x5=0x0000000000000000  x6=0x0000000000000000  x7=0xfffff0003ffff800
 x8=0x0000000153946708  x9=0x0000000086000000 x10=0x0000000153ac3110 x11=0x0000000000000018
x12=0x0000000000000000 x13=0x0000000000000000 x14=0x000000015fa7e760 x15=0x0000000ba56cc000
x16=0x00000006559ead9c x17=0x00000002a7a06fd8 x18=0x0000000000000000 x19=0x0000000153ac3098
x20=0x0000000153ac30a0 x21=0x00000001537c66f0 x22=0x0000000153ac1fa0 x23=0x0000000000000000
x24=0x0000000000000000 x25=0x0000000ba45ad680 x26=0x0000000ba6994414 x27=0x0000000ba6994300
x28=0x0000000ba69943b8  fp=0x000000016b944f00  lr=0x0000000233759b80  sp=0x000000016b944eb0
pc=0x0000000233759b84 cpsr=0x0000000060001000

Register to memory mapping:

x0 =0x00000001537b1ec0 points into unknown readable memory: 0x00000001537b1de0 | e0 1d 7b 53 01 00 00 00
x1 =0x00000001537c66f0 points into unknown readable memory: 0x0000000000000000 | 00 00 00 00 00 00 00 00
x2 =0x0000000153ac30a0 points into unknown readable memory: 0x0000000ba92328c0 | c0 28 23 a9 0b 00 00 00
x3 =0x0000000153ac3098 points into unknown readable memory: 0x0000000000000001 | 01 00 00 00 00 00 00 00
x4 =0x0000000153ac3140 points into unknown readable memory: 0x0000000000000000 | 00 00 00 00 00 00 00 00
x5 =0x0 is null
x6 =0x0 is null
x7 =0xfffff0003ffff800 is an unknown value
x8 =0x0000000153946708 points into unknown readable memory: 0x00000001537c66f0 | f0 66 7c 53 01 00 00 00
x9 =0x0000000086000000 is an unknown value
x10=0x0000000153ac3110 points into unknown readable memory: 0x0000000000000006 | 06 00 00 00 00 00 00 00
x11=0x0000000000000018 is an unknown value
x12=0x0 is null
x13=0x0 is null
x14=0x000000015fa7e760 points into unknown readable memory: 0x0013e090008400d2 | d2 00 84 00 90 e0 13 00
x15=0x0000000ba56cc000 points into unknown readable memory: 0x535b067f73f8c9f1 | f1 c9 f8 73 7f 06 5b 53
x16=0x00000006559ead9c is an unknown value
x17=0x00000002a7a06fd8 points into unknown readable memory: 0x000000018d909030 | 30 90 90 8d 01 00 00 00
x18=0x0 is null
x19=0x0000000153ac3098 points into unknown readable memory: 0x0000000000000001 | 01 00 00 00 00 00 00 00
x20=0x0000000153ac30a0 points into unknown readable memory: 0x0000000ba92328c0 | c0 28 23 a9 0b 00 00 00
x21=0x00000001537c66f0 points into unknown readable memory: 0x0000000000000000 | 00 00 00 00 00 00 00 00
x22=0x0000000153ac1fa0 points into unknown readable memory: 0x0000000000000000 | 00 00 00 00 00 00 00 00
x23=0x0 is null
x24=0x0 is null
x25=0x0000000ba45ad680 points into unknown readable memory: 0x0000000000000000 | 00 00 00 00 00 00 00 00
x26=0x0000000ba6994414 points into unknown readable memory: 0f 00 00 00
x27=0x0000000ba6994300 points into unknown readable memory: 0x0000000ba92328c0 | c0 28 23 a9 0b 00 00 00
x28=0x0000000ba69943b8 points into unknown readable memory: 0x000000015372de90 | 90 de 72 53 01 00 00 00
 fp=0x000000016b944f00 is pointing into the stack for thread: 0x0000000104e33ab0
 lr=0x0000000233759b80: glpLLVMGetFunctionGlobalVariableUse+0x1e4 in /System/Library/Frameworks/OpenGL.framework/Versions/A/Libraries/libGLProgrammability.dylib at 0x00000002336d8000
 sp=0x000000016b944eb0 is pointing into the stack for thread: 0x0000000104e33ab0

Top of Stack: (sp=0x000000016b944eb0)
0x000000016b944eb0:   0000000ba69943b8 0000000ba6994300   .C.......C......
0x000000016b944ec0:   0000000ba6994414 0000000ba45ad680   .D........Z.....
0x000000016b944ed0:   0000000000000000 0000000000000001   ................
0x000000016b944ee0:   0000000153ac1fa0 00000001539466c0   ...S.....f.S....
0x000000016b944ef0:   0000000153ac30a0 0000000153ac3098   .0.S.....0.S....
0x000000016b944f00:   000000016b944f60 0000000233759c20   `O.k.... .u3....
0x000000016b944f10:   0000000ba69943b8 0000000ba6994300   .C.......C......
0x000000016b944f20:   0000000ba6994414 0000000ba45ad680   .D........Z.....
0x000000016b944f30:   0000000000000002 0000000000000005   ................
0x000000016b944f40:   0000000153ac1fa0 00000001537c60f0   ...S.....`|S....
0x000000016b944f50:   0000000153ac30a0 0000000153ac3098   .0.S.....0.S....
0x000000016b944f60:   000000016b944fc0 0000000233759c20   .O.k.... .u3....
0x000000016b944f70:   0000000ba69943b8 0000000ba6994300   .C.......C......
0x000000016b944f80:   0000000ba6994414 0000000ba45ad680   .D........Z.....
0x000000016b944f90:   0000000000000001 0000000000000002   ................
0x000000016b944fa0:   0000000153ac1fa0 00000001537c6020   ...S.... `|S....
0x000000016b944fb0:   0000000153ac30a0 0000000153ac3098   .0.S.....0.S....
0x000000016b944fc0:   000000016b945020 0000000233759c20    P.k.... .u3....
0x000000016b944fd0:   0000000ba69943b8 0000000ba6994300   .C.......C......
0x000000016b944fe0:   0000000ba6994414 0000000ba45ad680   .D........Z.....
0x000000016b944ff0:   0000000000000005 0000000000000010   ................
0x000000016b945000:   0000000153ac1fa0 00000001539394a0   ...S.......S....
0x000000016b945010:   0000000153ac30a0 0000000153ac3098   .0.S.....0.S....
0x000000016b945020:   000000016b945080 0000000233759c20   .P.k.... .u3....
0x000000016b945030:   0000000ba69943b8 0000000ba6994300   .C.......C......
0x000000016b945040:   0000000ba6994414 0000000ba45ad680   .D........Z.....
0x000000016b945050:   0000000000000001 0000000000000009   ................
0x000000016b945060:   0000000153ac3090 0000000153939370   .0.S....p..S....
0x000000016b945070:   00000001539394a0 0000000153ac1fa0   ...S.......S....
0x000000016b945080:   000000016b945120 000000023375855c    Q.k....\.u3....
0x000000016b945090:   0000000000004000 0000000000000000   .@..............
0x000000016b9450a0:   000000015372de90 0000000ba575c1b0   ..rS......u.....

Instructions: (pc=0x0000000233759b84)
  0x0000000233759a84:   e1 03 17 aa 52 3c 01 94 a0 01 00 b4 f8 03 00 aa
  0x0000000233759a94:   56 3c 01 94 1f cc 00 71 21 01 00 54 e0 03 18 aa
  0x0000000233759aa4:   a5 45 01 94 a0 43 01 94 08 28 40 39 88 00 20 36
  0x0000000233759ab4:   08 a0 40 b9 1f 01 1b 6b 1c 00 9c 9a f7 06 00 11
  0x0000000233759ac4:   c8 42 40 f9 c9 42 41 b9 08 0d 09 8b 00 5d 40 f9
  0x0000000233759ad4:   3d 3c 01 94 ff 02 00 6b c3 fc ff 54 97 4f 40 f9
  0x0000000233759ae4:   e1 02 40 f9 e0 03 14 aa d8 02 00 94 e8 0a 40 b9
  0x0000000233759af4:   69 02 40 b9 28 01 08 2a 68 02 00 b9 5a 07 00 91
  0x0000000233759b04:   28 07 40 b9 5f 03 08 eb 23 fa ff 54 37 00 00 14
  0x0000000233759b14:   1f 50 01 71 40 04 00 54 1f 44 01 71 61 06 00 54
  0x0000000233759b24:   e0 03 15 aa 45 4c 01 94 08 18 40 f9 28 05 00 b7
  0x0000000233759b34:   09 c0 b0 52 1f 01 09 ea 80 05 00 54 f7 03 00 aa
  0x0000000233759b44:   00 04 40 f9 80 00 00 b4 81 03 80 52 3c 85 00 94
  0x0000000233759b54:   c0 04 00 b5 e8 4a 40 f9 68 00 00 b4 08 09 40 f9
  0x0000000233759b64:   48 04 00 b5 e0 03 17 aa e1 03 14 aa 9f 02 00 94
  0x0000000233759b74:   1e 00 00 14 e0 03 15 aa 70 4b 01 94 17 4c 40 f9
=>0x0000000233759b84:   e1 02 40 f9 e0 03 14 aa b0 02 00 94 e8 0a 40 b9
  0x0000000233759b94:   69 02 40 b9 28 01 08 2a 13 00 00 14 e0 03 15 aa
  0x0000000233759ba4:   b4 4c 01 94 80 00 00 34 68 02 40 b9 08 01 1d 32
  0x0000000233759bb4:   68 02 00 b9 e0 03 15 aa aa 4c 01 94 1f 64 02 71
  0x0000000233759bc4:   41 01 00 54 68 02 40 b9 08 01 1e 32 06 00 00 14
  0x0000000233759bd4:   69 02 40 b9 68 00 18 b7 28 01 00 32 02 00 00 14
  0x0000000233759be4:   28 01 1f 32 68 02 00 b9 e0 03 15 aa d8 3b 01 94
  0x0000000233759bf4:   c0 01 00 34 f7 03 00 aa 18 00 80 52 e0 03 15 aa
  0x0000000233759c04:   e1 03 18 aa d7 3b 01 94 e1 03 00 aa e0 03 16 aa
  0x0000000233759c14:   e2 03 14 aa e3 03 13 aa 60 ff ff 97 18 07 00 11
  0x0000000233759c24:   ff 02 18 6b c1 fe ff 54 fd 7b 45 a9 f4 4f 44 a9
  0x0000000233759c34:   f6 57 43 a9 f8 5f 42 a9 fa 67 41 a9 fc 6f c6 a8
  0x0000000233759c44:   ff 23 03 d5 c0 03 5f d6 7f 23 03 d5 f6 57 bd a9
  0x0000000233759c54:   f4 4f 01 a9 fd 7b 02 a9 fd 83 00 91 f4 03 01 aa
  0x0000000233759c64:   f3 03 00 aa e0 03 02 aa 56 cd 00 94 1f 48 00 71
  0x0000000233759c74:   62 03 00 54 e8 c1 34 f0 08 41 3d 91 15 59 60 f8


Stack slot to memory mapping:

stack at sp + 0 slots: 0x0000000ba69943b8 points into unknown readable memory: 0x000000015372de90 | 90 de 72 53 01 00 00 00
stack at sp + 1 slots: 0x0000000ba6994300 points into unknown readable memory: 0x0000000ba92328c0 | c0 28 23 a9 0b 00 00 00
stack at sp + 2 slots: 0x0000000ba6994414 points into unknown readable memory: 0f 00 00 00
stack at sp + 3 slots: 0x0000000ba45ad680 points into unknown readable memory: 0x0000000000000000 | 00 00 00 00 00 00 00 00
stack at sp + 4 slots: 0x0 is null
stack at sp + 5 slots: 0x0000000000000001 is an unknown value
stack at sp + 6 slots: 0x0000000153ac1fa0 points into unknown readable memory: 0x0000000000000000 | 00 00 00 00 00 00 00 00
stack at sp + 7 slots: 0x00000001539466c0 points into unknown readable memory: 0x0000000100000001 | 01 00 00 00 01 00 00 00

Lock stack of current Java thread (top to bottom):


Compiled method (n/a) 186323 27192     n 0       org.lwjgl.opengl.GL20C::glLinkProgram (native)
 total in heap  [0x0000000119689d88,0x0000000119689fd0] = 584
 main code      [0x0000000119689e80,0x0000000119689fc0] = 320
 oops           [0x0000000119689fc0,0x0000000119689fd0] = 16
 mutable data [0x0000000b7a4087c0,0x0000000b7a4087d8] = 24
 relocation     [0x0000000b7a4087c0,0x0000000b7a4087d8] = 24

[Constant Pool (empty)]

[MachCode]
[Entry Point]
  # {method} {0x0000000137760000} 'glLinkProgram' '(I)V' in 'org/lwjgl/opengl/GL20C'
  # parm0:    c_rarg1   = int
  #           [sp+0x60]  (sp of caller)
  0x0000000119689e80: 1f20 03d5 | 2808 40b9 | 2a09 40b9 | 1f01 0a6b | 4000 0054 

  0x0000000119689e94: ;   {runtime_call Shared Runtime ic_miss_blob}
  0x0000000119689e94: 5b35 d817 
[Verified Entry Point]
  0x0000000119689e98: 1f20 03d5 | e953 40d1 | 3f01 00f9 | fd7b bfa9 | fd03 0091 | ff43 01d1 | 2801 0018 | 8923 40b9 
  0x0000000119689eb8: 1f01 09eb | e000 0054 

  0x0000000119689ec0: ;   {runtime_call Stub::method_entry_barrier}
  0x0000000119689ec0: 0830 80d2 | 4819 a3f2 | 2800 c0f2 | 0001 3fd6 | 0200 0014 | 2c00 0000 | 227c 4093 

  0x0000000119689edc: ;   {oop(a 'java/lang/Class'{0x0000000689a4e490} = 'org/lwjgl/opengl/GL20C')}
  0x0000000119689edc: 0192 9cd2 | 8134 b1f2 | c100 c0f2 | e123 00f9 | e103 0191 | 0800 0010 | 880f 02f9 | e803 0091 
  0x0000000119689efc: 880b 02f9 | 80c3 1091 | e803 7eb2 | 89f3 1291 | 28fd 9f88 
[error occurred during error reporting (printing code blobs if possible), id 0xb, SIGSEGV (0xb) at pc=0x000000010a7be320]

---------------  P R O C E S S  ---------------

Threads class SMR info:
_java_thread_list=0x0000000ba16a6680, length=140, elements={
0x0000000104e33ab0, 0x0000000b708a3200, 0x0000000b70910000, 0x0000000b70911400,
0x0000000b70911e00, 0x0000000b70912800, 0x0000000b70913200, 0x0000000b70914000,
0x0000000b70915e00, 0x0000000b70916800, 0x0000000b70cc0000, 0x0000000b70cc0a00,
0x0000000b6ff40000, 0x0000000b6ef59e00, 0x0000000b6ef9de00, 0x0000000b6ef9d400,
0x0000000b6de80000, 0x0000000b6de80a00, 0x0000000b6de81400, 0x0000000b6de81e00,
0x0000000b6de82800, 0x0000000b6cc85e00, 0x0000000b6d379400, 0x0000000b6e7f6800,
0x0000000b6cce8000, 0x0000000b6fadc000, 0x0000000b6c794a00, 0x0000000b6c7a3200,
0x0000000b6c788a00, 0x0000000b6c7a2800, 0x0000000b6c1dc000, 0x0000000b6d3f2800,
0x0000000b6fe01400, 0x0000000b6bce5e00, 0x0000000b6bce4a00, 0x0000000b6ef2de00,
0x0000000b6c2e0a00, 0x0000000b6c2e1400, 0x0000000b6c2e1e00, 0x0000000b6fe0b200,
0x0000000b6cf0b200, 0x0000000b6c33d400, 0x0000000b6c33e800, 0x0000000b6b81ca00,
0x0000000b6bf6d400, 0x0000000b6bf6de00, 0x0000000b6bf90000, 0x0000000b6bf90a00,
0x0000000b6bf91400, 0x0000000b6bf91e00, 0x0000000b6bf93200, 0x0000000b6e856800,
0x0000000b6c968000, 0x0000000b6cbda800, 0x0000000b6d310000, 0x0000000b6bfa5e00,
0x0000000b6bf13200, 0x0000000b6b0d4000, 0x0000000b6b0d6800, 0x0000000b6b0d4a00,
0x0000000b6add0a00, 0x0000000b6add1400, 0x0000000b6add1e00, 0x0000000b6add2800,
0x0000000b6add3200, 0x0000000b6ae46800, 0x0000000b6cbdb200, 0x0000000b6abe9e00,
0x0000000b6abdc000, 0x0000000b6d393200, 0x0000000b6ce9b200, 0x0000000b6ce98000,
0x0000000b3f615e00, 0x0000000b3f624000, 0x0000000b3f625400, 0x0000000b344fc000,
0x0000000b344fca00, 0x0000000b34c60a00, 0x0000000b34c61400, 0x0000000b34c61e00,
0x0000000b3456f200, 0x0000000b3457c000, 0x0000000b3457ca00, 0x0000000b3457e800,
0x0000000b3457f200, 0x0000000b3457d400, 0x0000000b34598000, 0x0000000b34599400,
0x0000000b345b2800, 0x0000000b345b3200, 0x0000000b3457de00, 0x0000000b345d4000,
0x0000000b345d4a00, 0x0000000b34ca6800, 0x0000000b34cc9400, 0x0000000b34d05400,
0x0000000b34d05e00, 0x0000000b34d07200, 0x0000000b34780000, 0x0000000b34780a00,
0x0000000b6941c000, 0x0000000b34798a00, 0x0000000b34799400, 0x0000000b33db0a00,
0x0000000b33851400, 0x0000000b33851e00, 0x0000000b33853200, 0x0000000b33605e00,
0x0000000b3360c000, 0x0000000b336f1400, 0x0000000b336f0a00, 0x0000000b336f1e00,
0x0000000b336f2800, 0x0000000b336f3200, 0x0000000b6f7ef200, 0x0000000b6ff41400,
0x0000000b347ce800, 0x0000000b3459a800, 0x0000000b6add0000, 0x0000000b6fae2800,
0x0000000b6b81f200, 0x0000000b6c5f1e00, 0x0000000b33126800, 0x0000000b33285400,
0x0000000b33348a00, 0x0000000b6ef9e800, 0x0000000b3422b200, 0x0000000b6c968a00,
0x0000000b3418b200, 0x0000000b33142800, 0x0000000b33177200, 0x0000000b34211400,
0x0000000b329e5e00, 0x0000000b32f6f200, 0x0000000b6925c000, 0x0000000b32428a00,
0x0000000b32455400, 0x0000000b32535400, 0x0000000b34ca7200, 0x0000000b6e81e800
}

Java Threads: ( => current thread )
=>0x0000000104e33ab0 JavaThread "Render thread"                     [_thread_in_native, id=259, stack(0x000000016b154000,0x000000016b950000) (8176K)]
  0x0000000b708a3200 JavaThread "Reference Handler"          daemon [_thread_blocked, id=24579, stack(0x000000016c94c000,0x000000016cb4f000) (2060K)]
  0x0000000b70910000 JavaThread "Finalizer"                  daemon [_thread_blocked, id=24835, stack(0x000000016cb58000,0x000000016cd5b000) (2060K)]
  0x0000000b70911400 JavaThread "Signal Dispatcher"          daemon [_thread_blocked, id=25091, stack(0x000000016cd64000,0x000000016cf67000) (2060K)]
  0x0000000b70911e00 JavaThread "Service Thread"             daemon [_thread_blocked, id=25603, stack(0x000000016cf70000,0x000000016d173000) (2060K)]
  0x0000000b70912800 JavaThread "Monitor Deflation Thread"   daemon [_thread_blocked, id=29187, stack(0x000000016d17c000,0x000000016d37f000) (2060K)]
  0x0000000b70913200 JavaThread "C2 CompilerThread0"         daemon [_thread_blocked, id=26115, stack(0x000000016d388000,0x000000016d58b000) (2060K)]
  0x0000000b70914000 JavaThread "C1 CompilerThread0"         daemon [_thread_blocked, id=28675, stack(0x000000016d594000,0x000000016d797000) (2060K)]
  0x0000000b70915e00 JavaThread "Common-Cleaner"             daemon [_thread_blocked, id=28419, stack(0x000000016d7a0000,0x000000016d9a3000) (2060K)]
  0x0000000b70916800 JavaThread "Notification Thread"        daemon [_thread_blocked, id=28163, stack(0x000000016d9ac000,0x000000016dbaf000) (2060K)]
  0x0000000b70cc0000 JavaThread "Theseus RPC Main"           daemon [_thread_blocked, id=27907, stack(0x000000016dbb8000,0x000000016ddbb000) (2060K)]
  0x0000000b70cc0a00 JavaThread "Theseus RPC Read"           daemon [_thread_in_native, id=27651, stack(0x000000016ddc4000,0x000000016dfc7000) (2060K)]
  0x0000000b6ff40000 JavaThread "LauncherLogger-Worker"      daemon [_thread_blocked, id=36387, stack(0x000000016ee24000,0x000000016f027000) (2060K)]
  0x0000000b6ef59e00 JavaThread "JNA Cleaner"                daemon [_thread_blocked, id=40715, stack(0x000000016f23c000,0x000000016f43f000) (2060K)]
  0x0000000b6ef9de00 JavaThread "c2me-worker-0"              daemon [_thread_blocked, id=41235, stack(0x000000016f488000,0x000000016f68b000) (2060K)]
  0x0000000b6ef9d400 JavaThread "c2me-worker-1"              daemon [_thread_blocked, id=40243, stack(0x000000016f694000,0x000000016f897000) (2060K)]
  0x0000000b6de80000 JavaThread "c2me-worker-2"              daemon [_thread_blocked, id=35395, stack(0x000000016faac000,0x000000016fcaf000) (2060K)]
  0x0000000b6de80a00 JavaThread "c2me-worker-3"              daemon [_thread_blocked, id=37891, stack(0x000000017029c000,0x000000017049f000) (2060K)]
  0x0000000b6de81400 JavaThread "c2me-worker-4"              daemon [_thread_blocked, id=38403, stack(0x00000001704a8000,0x00000001706ab000) (2060K)]
  0x0000000b6de81e00 JavaThread "c2me-worker-5"              daemon [_thread_blocked, id=39427, stack(0x00000001706b4000,0x00000001708b7000) (2060K)]
  0x0000000b6de82800 JavaThread "c2me-sched"                 daemon [_thread_blocked, id=38915, stack(0x00000001708c0000,0x0000000170ac3000) (2060K)]
  0x0000000b6cc85e00 JavaThread "EuphoriaConfigWatcher"      daemon [_thread_blocked, id=43523, stack(0x0000000170acc000,0x0000000170ccf000) (2060K)]
  0x0000000b6d379400 JavaThread "EuphoriaPatcher-FileWriter" daemon [_thread_blocked, id=64515, stack(0x0000000170ee4000,0x00000001710e7000) (2060K)]
  0x0000000b6e7f6800 JavaThread "Timer hack thread"          daemon [_thread_blocked, id=23571, stack(0x000000016f8a0000,0x000000016faa3000) (2060K)]
  0x0000000b6cce8000 JavaThread "Yggdrasil Key Fetcher"      daemon [_thread_blocked, id=44047, stack(0x00000001710f0000,0x00000001712f3000) (2060K)]
  0x0000000b6fadc000 JavaThread "Download-2"                 daemon [_thread_blocked, id=44547, stack(0x0000000171508000,0x000000017170b000) (2060K)]
  0x0000000b6c794a00 JavaThread "HttpClient-2-SelectorManager" daemon [_thread_in_native, id=62723, stack(0x0000000171f44000,0x0000000172147000) (2060K)]
  0x0000000b6c7a3200 JavaThread "ForkJoinPool.commonPool-worker-1" daemon [_thread_blocked, id=45339, stack(0x0000000171714000,0x0000000171917000) (2060K)]
  0x0000000b6c788a00 JavaThread "ForkJoinPool.commonPool-worker-2" daemon [_thread_blocked, id=61443, stack(0x0000000172774000,0x0000000172977000) (2060K)]
  0x0000000b6c7a2800 JavaThread "config-file-watcher-0-0"    daemon [_thread_blocked, id=61187, stack(0x0000000172980000,0x0000000172b83000) (2060K)]
  0x0000000b6c1dc000 JavaThread "FileSystemWatcher"          daemon [_thread_blocked, id=47107, stack(0x0000000172b8c000,0x0000000172d8f000) (2060K)]
  0x0000000b6d3f2800 JavaThread "ToggleableConfigWatchService"        [_thread_blocked, id=63503, stack(0x0000000171920000,0x0000000171b23000) (2060K)]
  0x0000000b6fe01400 JavaThread "ldtteam-config-writer"      daemon [_thread_blocked, id=45587, stack(0x0000000171b2c000,0x0000000171d2f000) (2060K)]
  0x0000000b6bce5e00 JavaThread "FileSystemWatcher"          daemon [_thread_blocked, id=63779, stack(0x0000000171d38000,0x0000000171f3b000) (2060K)]
  0x0000000b6bce4a00 JavaThread "ConfigSaver"                daemon [_thread_blocked, id=60931, stack(0x0000000172d98000,0x0000000172f9b000) (2060K)]
  0x0000000b6ef2de00 JavaThread "pool-9-thread-1"                   [_thread_blocked, id=47619, stack(0x0000000172fa4000,0x00000001731a7000) (2060K)]
  0x0000000b6c2e0a00 JavaThread "DefaultDispatcher-worker-1" daemon [_thread_blocked, id=48131, stack(0x00000001731b0000,0x00000001733b3000) (2060K)]
  0x0000000b6c2e1400 JavaThread "DefaultDispatcher-worker-2" daemon [_thread_blocked, id=60419, stack(0x00000001733bc000,0x00000001735bf000) (2060K)]
  0x0000000b6c2e1e00 JavaThread "ConfigSaver"                daemon [_thread_blocked, id=60167, stack(0x00000001735c8000,0x00000001737cb000) (2060K)]
  0x0000000b6fe0b200 JavaThread "JEI Config File Watcher"    daemon [_thread_blocked, id=58883, stack(0x0000000173bec000,0x0000000173def000) (2060K)]
  0x0000000b6cf0b200 JavaThread "FileSystemWatcher"          daemon [_thread_blocked, id=49155, stack(0x0000000173df8000,0x0000000173ffb000) (2060K)]
  0x0000000b6c33d400 JavaThread "VirtualThread-unblocker"    daemon [_thread_blocked, id=33123, stack(0x000000016e1dc000,0x000000016e3df000) (2060K)]
  0x0000000b6c33e800 JavaThread "HttpClient-3-SelectorManager" daemon [_thread_in_native, id=58119, stack(0x0000000174004000,0x0000000174207000) (2060K)]
  0x0000000b6b81ca00 JavaThread "FileWatcher-1-thread-1"     daemon [_thread_blocked, id=50435, stack(0x0000000174a40000,0x0000000174c43000) (2060K)]
  0x0000000b6bf6d400 JavaThread "spark-monitoring-2-thread-1" daemon [_thread_blocked, id=50691, stack(0x0000000174c4c000,0x0000000174e4f000) (2060K)]
  0x0000000b6bf6de00 JavaThread "spark-monitoring-2-thread-2" daemon [_thread_blocked, id=56067, stack(0x0000000174e58000,0x000000017505b000) (2060K)]
  0x0000000b6bf90000 JavaThread "spark-monitoring-2-thread-3" daemon [_thread_blocked, id=51203, stack(0x0000000175064000,0x0000000175267000) (2060K)]
  0x0000000b6bf90a00 JavaThread "spark-monitoring-2-thread-4" daemon [_thread_blocked, id=51459, stack(0x0000000175270000,0x0000000175473000) (2060K)]
  0x0000000b6bf91400 JavaThread "spark-worker-pool-1-thread-1" daemon [_thread_blocked, id=51715, stack(0x000000017547c000,0x000000017567f000) (2060K)]
  0x0000000b6bf91e00 JavaThread "Structurize IO Worker #0"   daemon [_thread_blocked, id=51971, stack(0x0000000175688000,0x000000017588b000) (2060K)]
  0x0000000b6bf93200 JavaThread "ConfigSaver"                daemon [_thread_blocked, id=52227, stack(0x0000000175894000,0x0000000175a97000) (2060K)]
  0x0000000b6e856800 JavaThread "Cleaner-0"                  daemon [_thread_blocked, id=54787, stack(0x0000000175cac000,0x0000000175eaf000) (2060K)]
  0x0000000b6c968000 JavaThread "Cleaner-1"                  daemon [_thread_blocked, id=54531, stack(0x0000000175eb8000,0x00000001760bb000) (2060K)]
  0x0000000b6cbda800 JavaThread "Cleaner-2"                  daemon [_thread_blocked, id=54275, stack(0x00000001760c4000,0x00000001762c7000) (2060K)]
  0x0000000b6d310000 JavaThread "Cleaner-3"                  daemon [_thread_blocked, id=54019, stack(0x00000001762d0000,0x00000001764d3000) (2060K)]
  0x0000000b6bfa5e00 JavaThread "PotatoFileMonitor"          daemon [_thread_blocked, id=120835, stack(0x0000000174834000,0x0000000174a37000) (2060K)]
  0x0000000b6bf13200 JavaThread "FileSystemWatcher"          daemon [_thread_blocked, id=120323, stack(0x0000000175aa0000,0x0000000175ca3000) (2060K)]
  0x0000000b6b0d4000 JavaThread "Worker-Main-1"              daemon [_thread_blocked, id=119051, stack(0x0000000172150000,0x0000000172353000) (2060K)]
  0x0000000b6b0d6800 JavaThread "Worker-Main-2"              daemon [_thread_blocked, id=96775, stack(0x00000001737d4000,0x00000001739d7000) (2060K)]
  0x0000000b6b0d4a00 JavaThread "Cleaner-4"                  daemon [_thread_blocked, id=98059, stack(0x0000000174210000,0x0000000174413000) (2060K)]
  0x0000000b6add0a00 JavaThread "Worker-Main-3"              daemon [_thread_blocked, id=96315, stack(0x0000000170cd8000,0x0000000170edb000) (2060K)]
  0x0000000b6add1400 JavaThread "Worker-Main-5"              daemon [_thread_blocked, id=167939, stack(0x0000000176568000,0x000000017676b000) (2060K)]
  0x0000000b6add1e00 JavaThread "Worker-Main-7"              daemon [_thread_blocked, id=167427, stack(0x0000000176774000,0x0000000176977000) (2060K)]
  0x0000000b6add2800 JavaThread "Worker-Main-6"              daemon [_thread_blocked, id=166915, stack(0x0000000176980000,0x0000000176b83000) (2060K)]
  0x0000000b6add3200 JavaThread "Worker-Main-4"              daemon [_thread_blocked, id=166659, stack(0x0000000176b8c000,0x0000000176d8f000) (2060K)]
  0x0000000b6ae46800 JavaThread "Friends List"               daemon [_thread_blocked, id=166147, stack(0x0000000176fa4000,0x00000001771a7000) (2060K)]
  0x0000000b6cbdb200 JavaThread "Telemetry-Sender-#1"        daemon [_thread_blocked, id=146947, stack(0x0000000178210000,0x0000000178413000) (2060K)]
  0x0000000b6abe9e00 JavaThread "Download-4"                 daemon [_thread_blocked, id=154675, stack(0x0000000172568000,0x000000017276b000) (2060K)]
  0x0000000b6abdc000 JavaThread "CullThread"                        [_thread_blocked, id=74791, stack(0x00000001739e0000,0x0000000173be3000) (2060K)]
  0x0000000b6d393200 JavaThread "Download-5"                 daemon [_thread_blocked, id=157235, stack(0x0000000176d98000,0x0000000176f9b000) (2060K)]
  0x0000000b6ce9b200 JavaThread "Download-6"                 daemon [_thread_blocked, id=145447, stack(0x00000001773bc000,0x00000001775bf000) (2060K)]
  0x0000000b6ce98000 JavaThread "IO-Worker-2"                       [_thread_blocked, id=145939, stack(0x00000001775c8000,0x00000001777cb000) (2060K)]
  0x0000000b3f615e00 JavaThread "Server thread"                     [_thread_blocked, id=256311, stack(0x00000001771b0000,0x00000001773b3000) (2060K)]
  0x0000000b3f624000 JavaThread "HttpClient-6-SelectorManager" daemon [_thread_in_native, id=165899, stack(0x000000017d300000,0x000000017d503000) (2060K)]
  0x0000000b3f625400 JavaThread "spark-worker-pool-3-thread-1" daemon [_thread_blocked, id=161347, stack(0x000000017d50c000,0x000000017d70f000) (2060K)]
  0x0000000b344fc000 JavaThread "C2ME Storage #1"            daemon [_thread_blocked, id=255763, stack(0x000000017df18000,0x000000017e11b000) (2060K)]
  0x0000000b344fca00 JavaThread "C2ME Storage #2"            daemon [_thread_blocked, id=179219, stack(0x000000017e124000,0x000000017e327000) (2060K)]
  0x0000000b34c60a00 JavaThread "scalablelux-0"              daemon [_thread_blocked, id=251363, stack(0x000000017e53c000,0x000000017e73f000) (2060K)]
  0x0000000b34c61400 JavaThread "scalablelux-1"              daemon [_thread_blocked, id=140579, stack(0x000000017e748000,0x000000017e94b000) (2060K)]
  0x0000000b34c61e00 JavaThread "C2ME Storage #3"            daemon [_thread_blocked, id=48963, stack(0x000000017e954000,0x000000017eb57000) (2060K)]
  0x0000000b3456f200 JavaThread "C2ME Storage #4"            daemon [_thread_blocked, id=148051, stack(0x000000017eb60000,0x000000017ed63000) (2060K)]
  0x0000000b3457c000 JavaThread "C2ME Storage #5"            daemon [_thread_blocked, id=254747, stack(0x000000017ed6c000,0x000000017ef6f000) (2060K)]
  0x0000000b3457ca00 JavaThread "C2ME Storage #6"            daemon [_thread_blocked, id=160975, stack(0x000000017ef78000,0x000000017f17b000) (2060K)]
  0x0000000b3457e800 JavaThread "C2ME Storage #7"            daemon [_thread_blocked, id=250963, stack(0x000000017f184000,0x000000017f387000) (2060K)]
  0x0000000b3457f200 JavaThread "C2ME Storage #8"            daemon [_thread_blocked, id=252275, stack(0x000000017f390000,0x000000017f593000) (2060K)]
  0x0000000b3457d400 JavaThread "C2ME Storage #9"            daemon [_thread_blocked, id=250115, stack(0x000000017f59c000,0x000000017f79f000) (2060K)]
  0x0000000b34598000 JavaThread "RxCachedWorkerPoolEvictor-1" daemon [_thread_blocked, id=183555, stack(0x000000017f7a8000,0x000000017f9ab000) (2060K)]
  0x0000000b34599400 JavaThread "IO-Worker-3"                       [_thread_blocked, id=183811, stack(0x000000017f9b4000,0x000000017fbb7000) (2060K)]
  0x0000000b345b2800 JavaThread "VoiceChatPacketProcessingThread" daemon [_thread_blocked, id=184323, stack(0x000000017fbc0000,0x000000017fdc3000) (2060K)]
  0x0000000b345b3200 JavaThread "VoiceChatServerThread"      daemon [_thread_in_native, id=184579, stack(0x000000017fdcc000,0x000000017ffcf000) (2060K)]
  0x0000000b3457de00 JavaThread "Netty Local IO #0"          daemon [_thread_blocked, id=185091, stack(0x0000000304004000,0x0000000304207000) (2060K)]
  0x0000000b345d4000 JavaThread "Netty Local IO #1"          daemon [_thread_blocked, id=248835, stack(0x0000000304210000,0x0000000304413000) (2060K)]
  0x0000000b345d4a00 JavaThread "Netty Local IO #2"          daemon [_thread_blocked, id=181287, stack(0x000000017e330000,0x000000017e533000) (2060K)]
  0x0000000b34ca6800 JavaThread "ThreadStateHolderCleaner"   daemon [_thread_blocked, id=247823, stack(0x0000000304628000,0x000000030482b000) (2060K)]
  0x0000000b34cc9400 JavaThread "minecraft_overworld - Light" daemon [_thread_blocked, id=185603, stack(0x0000000304834000,0x0000000304a37000) (2060K)]
  0x0000000b34d05400 JavaThread "ForkJoinPool-4-worker-3"    daemon [_thread_blocked, id=186115, stack(0x0000000304a40000,0x0000000304c43000) (2060K)]
  0x0000000b34d05e00 JavaThread "ForkJoinPool-4-worker-4"    daemon [_thread_blocked, id=186371, stack(0x0000000304c4c000,0x0000000304e4f000) (2060K)]
  0x0000000b34d07200 JavaThread "ForkJoinPool-4-worker-5"    daemon [_thread_blocked, id=247043, stack(0x0000000304e58000,0x000000030505b000) (2060K)]
  0x0000000b34780000 JavaThread "ForkJoinPool-4-worker-7"    daemon [_thread_blocked, id=246531, stack(0x0000000305064000,0x0000000305267000) (2060K)]
  0x0000000b34780a00 JavaThread "ForkJoinPool-4-worker-6"    daemon [_thread_blocked, id=246275, stack(0x0000000305270000,0x0000000305473000) (2060K)]
  0x0000000b6941c000 JavaThread "ForkJoinPool-4-worker-8"    daemon [_thread_blocked, id=187139, stack(0x000000030547c000,0x000000030567f000) (2060K)]
  0x0000000b34798a00 JavaThread "ForkJoinPool-4-worker-9"    daemon [_thread_blocked, id=246019, stack(0x0000000305688000,0x000000030588b000) (2060K)]
  0x0000000b34799400 JavaThread "ForkJoinPool-4-worker-10"   daemon [_thread_blocked, id=187651, stack(0x0000000305894000,0x0000000305a97000) (2060K)]
  0x0000000b33db0a00 JavaThread "Sound engine"               daemon [_thread_blocked, id=97295, stack(0x00000003179dc000,0x0000000317bdf000) (2060K)]
  0x0000000b33851400 JavaThread "Litematica Placement Manager 2" daemon [_thread_blocked, id=180267, stack(0x0000000317df4000,0x0000000317ff7000) (2060K)]
  0x0000000b33851e00 JavaThread "Litematica Placement Manager 1" daemon [_thread_blocked, id=143123, stack(0x000000031820c000,0x000000031840f000) (2060K)]
  0x0000000b33853200 JavaThread "VoicechatSoundManagerThread" daemon [_thread_blocked, id=155419, stack(0x0000000318418000,0x000000031861b000) (2060K)]
  0x0000000b33605e00 JavaThread "ipnPeriodicalTasks"         daemon [_thread_blocked, id=190235, stack(0x0000000318e10000,0x0000000319013000) (2060K)]
  0x0000000b3360c000 JavaThread "JEI Delayed Executor 0"            [_thread_blocked, id=189447, stack(0x000000031901c000,0x000000031921f000) (2060K)]
  0x0000000b336f1400 JavaThread "ForkJoinPool.commonPool-worker-4" daemon [_thread_blocked, id=164995, stack(0x0000000319434000,0x0000000319637000) (2060K)]
  0x0000000b336f0a00 JavaThread "ForkJoinPool.commonPool-worker-3" daemon [_thread_blocked, id=244763, stack(0x0000000319640000,0x0000000319843000) (2060K)]
  0x0000000b336f1e00 JavaThread "ForkJoinPool.commonPool-worker-5" daemon [_thread_blocked, id=188435, stack(0x000000031984c000,0x0000000319a4f000) (2060K)]
  0x0000000b336f2800 JavaThread "ForkJoinPool.commonPool-worker-6" daemon [_thread_blocked, id=190979, stack(0x0000000319a58000,0x0000000319c5b000) (2060K)]
  0x0000000b336f3200 JavaThread "ForkJoinPool.commonPool-worker-7" daemon [_thread_blocked, id=242947, stack(0x0000000319c64000,0x0000000319e67000) (2060K)]
  0x0000000b6f7ef200 JavaThread "Download-7"                 daemon [_thread_blocked, id=190611, stack(0x0000000319228000,0x000000031942b000) (2060K)]
  0x0000000b6ff41400 JavaThread "Download-8"                 daemon [_thread_blocked, id=191235, stack(0x0000000319e70000,0x000000031a073000) (2060K)]
  0x0000000b347ce800 JavaThread "Download-9"                 daemon [_thread_blocked, id=191491, stack(0x000000031a07c000,0x000000031a27f000) (2060K)]
  0x0000000b3459a800 JavaThread "Download-10"                daemon [_thread_blocked, id=241923, stack(0x000000031a288000,0x000000031a48b000) (2060K)]
  0x0000000b6add0000 JavaThread "Download-11"                daemon [_thread_blocked, id=192003, stack(0x000000031a494000,0x000000031a697000) (2060K)]
  0x0000000b6fae2800 JavaThread "VoiceChatConnectionThread"  daemon [_thread_in_native, id=192515, stack(0x000000031a8ac000,0x000000031aaaf000) (2060K)]
  0x0000000b6b81f200 JavaThread "MicrophoneThread"           daemon [_thread_blocked, id=240167, stack(0x00000003232b0000,0x00000003234b3000) (2060K)]
  0x0000000b6c5f1e00 JavaThread "Java Sound Event Dispatcher" daemon [_thread_blocked, id=239875, stack(0x00000003234bc000,0x00000003236bf000) (2060K)]
  0x0000000b33126800 JavaThread "Thread-37"                  daemon [_thread_blocked, id=241363, stack(0x000000030b078000,0x000000030b27b000) (2060K)]
  0x0000000b33285400 JavaThread "JM-TileIO"                  daemon [_thread_blocked, id=239379, stack(0x000000033c4c0000,0x000000033c6c3000) (2060K)]
  0x0000000b33348a00 JavaThread "JM-task-2"                         [_thread_blocked, id=194715, stack(0x000000033dba4000,0x000000033dda7000) (2060K)]
  0x0000000b6ef9e800 JavaThread "IO-Worker-4"                       [_thread_blocked, id=137691, stack(0x000000035cecc000,0x000000035d0cf000) (2060K)]
  0x0000000b3422b200 JavaThread "IO-Worker-5"                       [_thread_blocked, id=195851, stack(0x000000035d0d8000,0x000000035d2db000) (2060K)]
  0x0000000b6c968a00 JavaThread "IO-Worker-6"                       [_thread_blocked, id=196099, stack(0x000000035d2e4000,0x000000035d4e7000) (2060K)]
  0x0000000b3418b200 JavaThread "IO-Worker-7"                       [_thread_blocked, id=196611, stack(0x000000035d4f0000,0x000000035d6f3000) (2060K)]
  0x0000000b33142800 JavaThread "Chunk Render Task Executor #0"        [_thread_blocked, id=145235, stack(0x00000001745c0000,0x00000001747c3000) (2060K)]
  0x0000000b33177200 JavaThread "Chunk Render Task Executor #1"        [_thread_blocked, id=244543, stack(0x0000000306298000,0x000000030649b000) (2060K)]
  0x0000000b34211400 JavaThread "Sodium Async Cull Thread"          [_thread_blocked, id=238099, stack(0x00000003064a4000,0x00000003066a7000) (2060K)]
  0x0000000b329e5e00 JavaThread "IO-Worker-8"                       [_thread_blocked, id=197027, stack(0x000000030ac68000,0x000000030ae6b000) (2060K)]
  0x0000000b32f6f200 JavaThread "IO-Worker-9"                       [_thread_blocked, id=236887, stack(0x000000030b284000,0x000000030b487000) (2060K)]
  0x0000000b6925c000 JavaThread "IO-Worker-10"                      [_thread_blocked, id=234275, stack(0x0000000311858000,0x0000000311a5b000) (2060K)]
  0x0000000b32428a00 JavaThread "FileSystemWatcher"          daemon [_thread_blocked, id=179651, stack(0x000000030aa5c000,0x000000030ac5f000) (2060K)]
  0x0000000b32455400 JavaThread "FileSystemWatcher"          daemon [_thread_blocked, id=244339, stack(0x00000003066b0000,0x00000003068b3000) (2060K)]
  0x0000000b32535400 JavaThread "FileSystemWatcher"          daemon [_thread_blocked, id=140287, stack(0x0000000311a64000,0x0000000311c67000) (2060K)]
  0x0000000b34ca7200 JavaThread "C2 CompilerThread1"         daemon [_thread_blocked, id=240463, stack(0x00000003068bc000,0x0000000306abf000) (2060K)]
  0x0000000b6e81e800 JavaThread "C2 CompilerThread2"         daemon [_thread_blocked, id=243843, stack(0x0000000306ac8000,0x0000000306ccb000) (2060K)]
Total: 140

Other Threads:
  0x0000000b708a5e00 VMThread "VM Thread"                           [id=19971, stack(0x000000016c628000,0x000000016c82b000) (2060K)]
  0x0000000b708c9c00 WatcherThread "VM Periodic Task Thread"        [id=21255, stack(0x000000016c41c000,0x000000016c61f000) (2060K)]
  0x0000000b708a4000 WorkerThread "GC Thread#0"                     [id=14339, stack(0x000000016b9e0000,0x000000016bbe3000) (2060K)]
  0x0000000b6fdd6800 WorkerThread "GC Thread#1"                     [id=43011, stack(0x000000016e3e8000,0x000000016e5eb000) (2060K)]
  0x0000000b6fdd6d00 WorkerThread "GC Thread#2"                     [id=42755, stack(0x000000016e5f4000,0x000000016e7f7000) (2060K)]
  0x0000000b6fdd7200 WorkerThread "GC Thread#3"                     [id=33795, stack(0x000000016e800000,0x000000016ea03000) (2060K)]
  0x0000000b6fdd7700 WorkerThread "GC Thread#4"                     [id=34307, stack(0x000000016ea0c000,0x000000016ec0f000) (2060K)]
  0x0000000b6fa08000 WorkerThread "GC Thread#5"                     [id=41987, stack(0x000000016ec18000,0x000000016ee1b000) (2060K)]
  0x0000000b6fef9400 WorkerThread "GC Thread#6"                     [id=37123, stack(0x000000016fe84000,0x0000000170087000) (2060K)]
  0x0000000b6fef9900 WorkerThread "GC Thread#7"                     [id=37379, stack(0x0000000170090000,0x0000000170293000) (2060K)]
  0x0000000b708a4500 ConcurrentGCThread "G1 Main Marker"            [id=13827, stack(0x000000016bbec000,0x000000016bdef000) (2060K)]
  0x0000000b708a4a00 WorkerThread "G1 Conc#0"                       [id=13315, stack(0x000000016bdf8000,0x000000016bffb000) (2060K)]
  0x0000000b6fa0a800 WorkerThread "G1 Conc#1"                       [id=35859, stack(0x000000016f030000,0x000000016f233000) (2060K)]
  0x0000000b708a4f00 ConcurrentGCThread "G1 Refine#0"               [id=13059, stack(0x000000016c004000,0x000000016c207000) (2060K)]
  0x0000000b708a5400 ConcurrentGCThread "G1 Service"                [id=21507, stack(0x000000016c210000,0x000000016c413000) (2060K)]
Total: 15

Threads with active compile tasks:
Total: 0

VM state: not at safepoint (normal execution)

VM Mutex/Monitor currently owned by a thread: None

Heap address: 0x0000000680000000, size: 6144 MB, Compressed Oops mode: Zero based, Oop shift amount: 3

CDS archive(s) mapped at: [0x00001c0000000000-0x00001c0000cfc000-0x00001c0000cfc000), size 13615104, SharedBaseAddress: 0x00001c0000000000, ArchiveRelocationMode: 1.
Compressed class space mapped at: 0x00001c0001000000-0x00001c0041000000, reserved size: 1073741824
UseCompressedClassPointers 1, UseCompactObjectHeaders 0
Narrow klass pointer bits 32, Max shift 3
Narrow klass base: 0x00001c0000000000, Narrow klass shift: 0
Encoding Range: [0x00001c0000000000 - 0x00001c0100000000), (4294967296 bytes)
Klass Range:    [0x00001c0000004000 - 0x00001c0041000000), (1090502656 bytes)
Klass ID Range:  [16384 - 1090519033) (1090502649)
Protection zone: [0x00001c0000000000 - 0x00001c0000004000), (16384 bytes)

GC Precious Log:
 CardTable entry size: 512
 Card Set container configuration: InlinePtr #cards 4 size 8 Array Of Cards #cards 64 size 144 Howl #buckets 8 coarsen threshold 14745 Howl Bitmap #cards 2048 size 272 coarsen threshold 1843 Card regions per heap region 1 cards per card region 16384
 CPUs: 8 total, 8 available
 Memory: 16384M
 Large Page Support: Disabled
 NUMA Support: Disabled
 Compressed Oops: Enabled (Zero based)
 Heap Region Size: 8M
 Heap Min Capacity: 8M
 Heap Initial Capacity: 256M
 Heap Max Capacity: 6G
 Pre-touch: Disabled
 Parallel Workers: 8
 Concurrent Workers: 2
 Concurrent Refinement Workers: 8
 Periodic GC: Disabled

Heap:
 garbage-first heap   total reserved 6291456K, committed 4481024K, used 2431184K [0x0000000680000000, 0x0000000800000000)
  region size 8192K, 104 young (851968K), 7 survivors (57344K)

Heap Regions: E=young(eden), S=young(survivor), O=old, HS=humongous(starts), HC=humongous(continues), CS=collection set, F=free, TAMS=top-at-mark-start, PB=parsable bottom
|   0|0x0000000680000000, 0x0000000680800000, 0x0000000680800000|100%| O|  |TAMS 0x0000000680000000| PB 0x0000000680000000| Untracked |  0
|   1|0x0000000680800000, 0x0000000681000000, 0x0000000681000000|100%| O|  |TAMS 0x0000000680800000| PB 0x0000000680800000| Untracked |  0
|   2|0x0000000681000000, 0x0000000681800000, 0x0000000681800000|100%| O|  |TAMS 0x0000000681000000| PB 0x0000000681000000| Untracked |  0
|   3|0x0000000681800000, 0x0000000682000000, 0x0000000682000000|100%| O|  |TAMS 0x0000000681800000| PB 0x0000000681800000| Untracked |  0
|   4|0x0000000682000000, 0x0000000682800000, 0x0000000682800000|100%| O|  |TAMS 0x0000000682000000| PB 0x0000000682000000| Untracked |  0
|   5|0x0000000682800000, 0x0000000683000000, 0x0000000683000000|100%| O|  |TAMS 0x0000000682800000| PB 0x0000000682800000| Untracked |  0
|   6|0x0000000683000000, 0x0000000683800000, 0x0000000683800000|100%| O|  |TAMS 0x0000000683000000| PB 0x0000000683000000| Untracked |  0
|   7|0x0000000683800000, 0x0000000684000000, 0x0000000684000000|100%| O|  |TAMS 0x0000000683800000| PB 0x0000000683800000| Untracked |  0
|   8|0x0000000684000000, 0x0000000684800000, 0x0000000684800000|100%| O|  |TAMS 0x0000000684000000| PB 0x0000000684000000| Untracked |  0
|   9|0x0000000684800000, 0x0000000685000000, 0x0000000685000000|100%| O|  |TAMS 0x0000000684800000| PB 0x0000000684800000| Untracked |  0
|  10|0x0000000685000000, 0x0000000685800000, 0x0000000685800000|100%| O|  |TAMS 0x0000000685000000| PB 0x0000000685000000| Untracked |  0
|  11|0x0000000685800000, 0x0000000686000000, 0x0000000686000000|100%| O|  |TAMS 0x0000000685800000| PB 0x0000000685800000| Untracked |  0
|  12|0x0000000686000000, 0x0000000686800000, 0x0000000686800000|100%| O|  |TAMS 0x0000000686000000| PB 0x0000000686000000| Untracked |  0
|  13|0x0000000686800000, 0x0000000687000000, 0x0000000687000000|100%| O|  |TAMS 0x0000000686800000| PB 0x0000000686800000| Untracked |  0
|  14|0x0000000687000000, 0x0000000687800000, 0x0000000687800000|100%| O|  |TAMS 0x0000000687000000| PB 0x0000000687000000| Untracked |  0
|  15|0x0000000687800000, 0x0000000688000000, 0x0000000688000000|100%| O|  |TAMS 0x0000000687800000| PB 0x0000000687800000| Untracked |  0
|  16|0x0000000688000000, 0x0000000688800000, 0x0000000688800000|100%| O|  |TAMS 0x0000000688000000| PB 0x0000000688000000| Untracked |  0
|  17|0x0000000688800000, 0x0000000689000000, 0x0000000689000000|100%| O|  |TAMS 0x0000000688800000| PB 0x0000000688800000| Untracked |  0
|  18|0x0000000689000000, 0x0000000689800000, 0x0000000689800000|100%| O|  |TAMS 0x0000000689000000| PB 0x0000000689000000| Untracked |  0
|  19|0x0000000689800000, 0x000000068a000000, 0x000000068a000000|100%| O|  |TAMS 0x0000000689800000| PB 0x0000000689800000| Untracked |  0
|  20|0x000000068a000000, 0x000000068a800000, 0x000000068a800000|100%| O|  |TAMS 0x000000068a000000| PB 0x000000068a000000| Untracked |  0
|  21|0x000000068a800000, 0x000000068b000000, 0x000000068b000000|100%|HS|  |TAMS 0x000000068a800000| PB 0x000000068a800000| Complete |  0
|  22|0x000000068b000000, 0x000000068b800000, 0x000000068b800000|100%|HC|  |TAMS 0x000000068b000000| PB 0x000000068b000000| Complete |  0
|  23|0x000000068b800000, 0x000000068c000000, 0x000000068c000000|100%| O|  |TAMS 0x000000068b800000| PB 0x000000068b800000| Untracked |  0
|  24|0x000000068c000000, 0x000000068c800000, 0x000000068c800000|100%| O|  |TAMS 0x000000068c000000| PB 0x000000068c000000| Untracked |  0
|  25|0x000000068c800000, 0x000000068d000000, 0x000000068d000000|100%| O|  |TAMS 0x000000068c800000| PB 0x000000068c800000| Untracked |  0
|  26|0x000000068d000000, 0x000000068d800000, 0x000000068d800000|100%| O|  |TAMS 0x000000068d000000| PB 0x000000068d000000| Untracked |  0
|  27|0x000000068d800000, 0x000000068e000000, 0x000000068e000000|100%|HS|  |TAMS 0x000000068d800000| PB 0x000000068d800000| Complete |  0
|  28|0x000000068e000000, 0x000000068e800000, 0x000000068e800000|100%| O|  |TAMS 0x000000068e000000| PB 0x000000068e000000| Untracked |  0
|  29|0x000000068e800000, 0x000000068f000000, 0x000000068f000000|100%| O|  |TAMS 0x000000068e800000| PB 0x000000068e800000| Untracked |  0
|  30|0x000000068f000000, 0x000000068f800000, 0x000000068f800000|100%| O|  |TAMS 0x000000068f000000| PB 0x000000068f000000| Untracked |  0
|  31|0x000000068f800000, 0x0000000690000000, 0x0000000690000000|100%| O|  |TAMS 0x000000068f800000| PB 0x000000068f800000| Untracked |  0
|  32|0x0000000690000000, 0x0000000690800000, 0x0000000690800000|100%| O|  |TAMS 0x0000000690000000| PB 0x0000000690000000| Untracked |  0
|  33|0x0000000690800000, 0x0000000691000000, 0x0000000691000000|100%| O|  |TAMS 0x0000000690800000| PB 0x0000000690800000| Untracked |  0
|  34|0x0000000691000000, 0x0000000691800000, 0x0000000691800000|100%| O|Cm|TAMS 0x0000000691000000| PB 0x0000000691000000| Complete |  0
|  35|0x0000000691800000, 0x0000000692000000, 0x0000000692000000|100%| O|  |TAMS 0x0000000691800000| PB 0x0000000691800000| Untracked |  0
|  36|0x0000000692000000, 0x0000000692800000, 0x0000000692800000|100%| O|  |TAMS 0x0000000692000000| PB 0x0000000692000000| Untracked |  0
|  37|0x0000000692800000, 0x0000000693000000, 0x0000000693000000|100%| O|  |TAMS 0x0000000692800000| PB 0x0000000692800000| Untracked |  0
|  38|0x0000000693000000, 0x0000000693800000, 0x0000000693800000|100%| O|  |TAMS 0x0000000693000000| PB 0x0000000693000000| Untracked |  0
|  39|0x0000000693800000, 0x0000000694000000, 0x0000000694000000|100%| O|  |TAMS 0x0000000693800000| PB 0x0000000693800000| Untracked |  0
|  40|0x0000000694000000, 0x0000000694800000, 0x0000000694800000|100%| O|  |TAMS 0x0000000694000000| PB 0x0000000694000000| Untracked |  0
|  41|0x0000000694800000, 0x0000000695000000, 0x0000000695000000|100%| O|  |TAMS 0x0000000694800000| PB 0x0000000694800000| Untracked |  0
|  42|0x0000000695000000, 0x0000000695800000, 0x0000000695800000|100%| O|  |TAMS 0x0000000695000000| PB 0x0000000695000000| Untracked |  0
|  43|0x0000000695800000, 0x0000000696000000, 0x0000000696000000|100%| O|  |TAMS 0x0000000695800000| PB 0x0000000695800000| Untracked |  0
|  44|0x0000000696000000, 0x0000000696800000, 0x0000000696800000|100%| O|  |TAMS 0x0000000696000000| PB 0x0000000696000000| Untracked |  0
|  45|0x0000000696800000, 0x0000000697000000, 0x0000000697000000|100%| O|  |TAMS 0x0000000696800000| PB 0x0000000696800000| Untracked |  0
|  46|0x0000000697000000, 0x0000000697800000, 0x0000000697800000|100%| O|  |TAMS 0x0000000697000000| PB 0x0000000697000000| Untracked |  0
|  47|0x0000000697800000, 0x0000000698000000, 0x0000000698000000|100%| O|  |TAMS 0x0000000697800000| PB 0x0000000697800000| Untracked |  0
|  48|0x0000000698000000, 0x0000000698800000, 0x0000000698800000|100%| O|  |TAMS 0x0000000698000000| PB 0x0000000698000000| Untracked |  0
|  49|0x0000000698800000, 0x0000000699000000, 0x0000000699000000|100%| O|  |TAMS 0x0000000698800000| PB 0x0000000698800000| Untracked |  0
|  50|0x0000000699000000, 0x0000000699800000, 0x0000000699800000|100%| O|  |TAMS 0x0000000699000000| PB 0x0000000699000000| Untracked |  0
|  51|0x0000000699800000, 0x000000069a000000, 0x000000069a000000|100%| O|  |TAMS 0x0000000699800000| PB 0x0000000699800000| Untracked |  0
|  52|0x000000069a000000, 0x000000069a800000, 0x000000069a800000|100%| O|  |TAMS 0x000000069a000000| PB 0x000000069a000000| Untracked |  0
|  53|0x000000069a800000, 0x000000069b000000, 0x000000069b000000|100%| O|  |TAMS 0x000000069a800000| PB 0x000000069a800000| Untracked |  0
|  54|0x000000069b000000, 0x000000069b800000, 0x000000069b800000|100%| O|  |TAMS 0x000000069b000000| PB 0x000000069b000000| Untracked |  0
|  55|0x000000069b800000, 0x000000069c000000, 0x000000069c000000|100%| O|  |TAMS 0x000000069b800000| PB 0x000000069b800000| Untracked |  0
|  56|0x000000069c000000, 0x000000069c800000, 0x000000069c800000|100%| O|  |TAMS 0x000000069c000000| PB 0x000000069c000000| Untracked |  0
|  57|0x000000069c800000, 0x000000069d000000, 0x000000069d000000|100%| O|  |TAMS 0x000000069c800000| PB 0x000000069c800000| Untracked |  0
|  58|0x000000069d000000, 0x000000069d800000, 0x000000069d800000|100%| O|  |TAMS 0x000000069d000000| PB 0x000000069d000000| Untracked |  0
|  59|0x000000069d800000, 0x000000069df14b98, 0x000000069e000000| 88%| O|Cm|TAMS 0x000000069d800000| PB 0x000000069d800000| Complete |  0
|  60|0x000000069e000000, 0x000000069e800000, 0x000000069e800000|100%| O|  |TAMS 0x000000069e000000| PB 0x000000069e000000| Untracked |  0
|  61|0x000000069e800000, 0x000000069f000000, 0x000000069f000000|100%| O|  |TAMS 0x000000069e800000| PB 0x000000069e800000| Untracked |  0
|  62|0x000000069f000000, 0x000000069f800000, 0x000000069f800000|100%| O|  |TAMS 0x000000069f000000| PB 0x000000069f000000| Untracked |  0
|  63|0x000000069f800000, 0x00000006a0000000, 0x00000006a0000000|100%| O|  |TAMS 0x000000069f800000| PB 0x000000069f800000| Untracked |  0
|  64|0x00000006a0000000, 0x00000006a0800000, 0x00000006a0800000|100%| O|  |TAMS 0x00000006a0000000| PB 0x00000006a0000000| Untracked |  0
|  65|0x00000006a0800000, 0x00000006a1000000, 0x00000006a1000000|100%| O|  |TAMS 0x00000006a0800000| PB 0x00000006a0800000| Untracked |  0
|  66|0x00000006a1000000, 0x00000006a1800000, 0x00000006a1800000|100%| O|Cm|TAMS 0x00000006a1000000| PB 0x00000006a1000000| Complete |  0
|  67|0x00000006a1800000, 0x00000006a2000000, 0x00000006a2000000|100%| O|  |TAMS 0x00000006a1800000| PB 0x00000006a1800000| Untracked |  0
|  68|0x00000006a2000000, 0x00000006a2800000, 0x00000006a2800000|100%| O|Cm|TAMS 0x00000006a2000000| PB 0x00000006a2000000| Complete |  0
|  69|0x00000006a2800000, 0x00000006a3000000, 0x00000006a3000000|100%| O|Cm|TAMS 0x00000006a2800000| PB 0x00000006a2800000| Complete |  0
|  70|0x00000006a3000000, 0x00000006a3800000, 0x00000006a3800000|100%| O|  |TAMS 0x00000006a3000000| PB 0x00000006a3000000| Untracked |  0
|  71|0x00000006a3800000, 0x00000006a4000000, 0x00000006a4000000|100%| O|  |TAMS 0x00000006a3800000| PB 0x00000006a3800000| Untracked |  0
|  72|0x00000006a4000000, 0x00000006a4800000, 0x00000006a4800000|100%| O|Cm|TAMS 0x00000006a4000000| PB 0x00000006a4000000| Complete |  0
|  73|0x00000006a4800000, 0x00000006a5000000, 0x00000006a5000000|100%| O|Cm|TAMS 0x00000006a4800000| PB 0x00000006a4800000| Complete |  0
|  74|0x00000006a5000000, 0x00000006a5800000, 0x00000006a5800000|100%| O|Cm|TAMS 0x00000006a5000000| PB 0x00000006a5000000| Complete |  0
|  75|0x00000006a5800000, 0x00000006a6000000, 0x00000006a6000000|100%| O|Cm|TAMS 0x00000006a5800000| PB 0x00000006a5800000| Complete |  0
|  76|0x00000006a6000000, 0x00000006a6800000, 0x00000006a6800000|100%| O|  |TAMS 0x00000006a6000000| PB 0x00000006a6000000| Untracked |  0
|  77|0x00000006a6800000, 0x00000006a7000000, 0x00000006a7000000|100%| O|  |TAMS 0x00000006a6800000| PB 0x00000006a6800000| Untracked |  0
|  78|0x00000006a7000000, 0x00000006a7800000, 0x00000006a7800000|100%| O|  |TAMS 0x00000006a7000000| PB 0x00000006a7000000| Untracked |  0
|  79|0x00000006a7800000, 0x00000006a8000000, 0x00000006a8000000|100%| O|  |TAMS 0x00000006a7800000| PB 0x00000006a7800000| Untracked |  0
|  80|0x00000006a8000000, 0x00000006a8800000, 0x00000006a8800000|100%| O|  |TAMS 0x00000006a8000000| PB 0x00000006a8000000| Untracked |  0
|  81|0x00000006a8800000, 0x00000006a9000000, 0x00000006a9000000|100%| O|  |TAMS 0x00000006a8800000| PB 0x00000006a8800000| Untracked |  0
|  82|0x00000006a9000000, 0x00000006a9800000, 0x00000006a9800000|100%| O|  |TAMS 0x00000006a9000000| PB 0x00000006a9000000| Untracked |  0
|  83|0x00000006a9800000, 0x00000006aa000000, 0x00000006aa000000|100%| O|  |TAMS 0x00000006a9800000| PB 0x00000006a9800000| Untracked |  0
|  84|0x00000006aa000000, 0x00000006aa800000, 0x00000006aa800000|100%| O|  |TAMS 0x00000006aa000000| PB 0x00000006aa000000| Untracked |  0
|  85|0x00000006aa800000, 0x00000006ab000000, 0x00000006ab000000|100%| O|  |TAMS 0x00000006aa800000| PB 0x00000006aa800000| Untracked |  0
|  86|0x00000006ab000000, 0x00000006ab800000, 0x00000006ab800000|100%| O|  |TAMS 0x00000006ab000000| PB 0x00000006ab000000| Untracked |  0
|  87|0x00000006ab800000, 0x00000006ac000000, 0x00000006ac000000|100%| O|  |TAMS 0x00000006ab800000| PB 0x00000006ab800000| Untracked |  0
|  88|0x00000006ac000000, 0x00000006ac800000, 0x00000006ac800000|100%| O|Cm|TAMS 0x00000006ac000000| PB 0x00000006ac000000| Complete |  0
|  89|0x00000006ac800000, 0x00000006ad000000, 0x00000006ad000000|100%| O|  |TAMS 0x00000006ac800000| PB 0x00000006ac800000| Untracked |  0
|  90|0x00000006ad000000, 0x00000006ad800000, 0x00000006ad800000|100%| O|  |TAMS 0x00000006ad000000| PB 0x00000006ad000000| Untracked |  0
|  91|0x00000006ad800000, 0x00000006ae000000, 0x00000006ae000000|100%| O|  |TAMS 0x00000006ad800000| PB 0x00000006ad800000| Untracked |  0
|  92|0x00000006ae000000, 0x00000006ae800000, 0x00000006ae800000|100%| O|  |TAMS 0x00000006ae000000| PB 0x00000006ae000000| Untracked |  0
|  93|0x00000006ae800000, 0x00000006af000000, 0x00000006af000000|100%| O|  |TAMS 0x00000006ae800000| PB 0x00000006ae800000| Untracked |  0
|  94|0x00000006af000000, 0x00000006af800000, 0x00000006af800000|100%| O|  |TAMS 0x00000006af000000| PB 0x00000006af000000| Untracked |  0
|  95|0x00000006af800000, 0x00000006b0000000, 0x00000006b0000000|100%| O|  |TAMS 0x00000006af800000| PB 0x00000006af800000| Untracked |  0
|  96|0x00000006b0000000, 0x00000006b0800000, 0x00000006b0800000|100%| O|  |TAMS 0x00000006b0000000| PB 0x00000006b0000000| Untracked |  0
|  97|0x00000006b0800000, 0x00000006b1000000, 0x00000006b1000000|100%| O|  |TAMS 0x00000006b0800000| PB 0x00000006b0800000| Untracked |  0
|  98|0x00000006b1000000, 0x00000006b1800000, 0x00000006b1800000|100%| O|  |TAMS 0x00000006b1000000| PB 0x00000006b1000000| Untracked |  0
|  99|0x00000006b1800000, 0x00000006b2000000, 0x00000006b2000000|100%| O|  |TAMS 0x00000006b1800000| PB 0x00000006b1800000| Untracked |  0
| 100|0x00000006b2000000, 0x00000006b2800000, 0x00000006b2800000|100%| O|  |TAMS 0x00000006b2000000| PB 0x00000006b2000000| Untracked |  0
| 101|0x00000006b2800000, 0x00000006b3000000, 0x00000006b3000000|100%| O|  |TAMS 0x00000006b2800000| PB 0x00000006b2800000| Untracked |  0
| 102|0x00000006b3000000, 0x00000006b3800000, 0x00000006b3800000|100%| O|  |TAMS 0x00000006b3000000| PB 0x00000006b3000000| Untracked |  0
| 103|0x00000006b3800000, 0x00000006b4000000, 0x00000006b4000000|100%| O|  |TAMS 0x00000006b3800000| PB 0x00000006b3800000| Untracked |  0
| 104|0x00000006b4000000, 0x00000006b4800000, 0x00000006b4800000|100%| O|  |TAMS 0x00000006b4000000| PB 0x00000006b4000000| Untracked |  0
| 105|0x00000006b4800000, 0x00000006b5000000, 0x00000006b5000000|100%| O|  |TAMS 0x00000006b4800000| PB 0x00000006b4800000| Untracked |  0
| 106|0x00000006b5000000, 0x00000006b5800000, 0x00000006b5800000|100%| O|  |TAMS 0x00000006b5000000| PB 0x00000006b5000000| Untracked |  0
| 107|0x00000006b5800000, 0x00000006b5800000, 0x00000006b6000000|  0%| F|  |TAMS 0x00000006b5800000| PB 0x00000006b5800000| Untracked |  0
| 108|0x00000006b6000000, 0x00000006b6800000, 0x00000006b6800000|100%| O|  |TAMS 0x00000006b6000000| PB 0x00000006b6000000| Untracked |  0
| 109|0x00000006b6800000, 0x00000006b7000000, 0x00000006b7000000|100%| O|  |TAMS 0x00000006b6800000| PB 0x00000006b6800000| Untracked |  0
| 110|0x00000006b7000000, 0x00000006b7800000, 0x00000006b7800000|100%| O|  |TAMS 0x00000006b7000000| PB 0x00000006b7000000| Untracked |  0
| 111|0x00000006b7800000, 0x00000006b8000000, 0x00000006b8000000|100%| O|  |TAMS 0x00000006b7800000| PB 0x00000006b7800000| Untracked |  0
| 112|0x00000006b8000000, 0x00000006b8800000, 0x00000006b8800000|100%| O|  |TAMS 0x00000006b8000000| PB 0x00000006b8000000| Untracked |  0
| 113|0x00000006b8800000, 0x00000006b9000000, 0x00000006b9000000|100%| O|  |TAMS 0x00000006b8800000| PB 0x00000006b8800000| Untracked |  0
| 114|0x00000006b9000000, 0x00000006b9800000, 0x00000006b9800000|100%| O|  |TAMS 0x00000006b9000000| PB 0x00000006b9000000| Untracked |  0
| 115|0x00000006b9800000, 0x00000006ba000000, 0x00000006ba000000|100%| O|  |TAMS 0x00000006b9800000| PB 0x00000006b9800000| Untracked |  0
| 116|0x00000006ba000000, 0x00000006ba800000, 0x00000006ba800000|100%| O|  |TAMS 0x00000006ba000000| PB 0x00000006ba000000| Untracked |  0
| 117|0x00000006ba800000, 0x00000006bb000000, 0x00000006bb000000|100%| O|  |TAMS 0x00000006ba800000| PB 0x00000006ba800000| Untracked |  0
| 118|0x00000006bb000000, 0x00000006bb800000, 0x00000006bb800000|100%| O|  |TAMS 0x00000006bb000000| PB 0x00000006bb000000| Untracked |  0
| 119|0x00000006bb800000, 0x00000006bc000000, 0x00000006bc000000|100%| O|  |TAMS 0x00000006bb800000| PB 0x00000006bb800000| Untracked |  0
| 120|0x00000006bc000000, 0x00000006bc800000, 0x00000006bc800000|100%| O|  |TAMS 0x00000006bc000000| PB 0x00000006bc000000| Untracked |  0
| 121|0x00000006bc800000, 0x00000006bd000000, 0x00000006bd000000|100%| O|  |TAMS 0x00000006bc800000| PB 0x00000006bc800000| Untracked |  0
| 122|0x00000006bd000000, 0x00000006bd800000, 0x00000006bd800000|100%| O|Cm|TAMS 0x00000006bd000000| PB 0x00000006bd000000| Complete |  0
| 123|0x00000006bd800000, 0x00000006be000000, 0x00000006be000000|100%| O|  |TAMS 0x00000006bd800000| PB 0x00000006bd800000| Untracked |  0
| 124|0x00000006be000000, 0x00000006be800000, 0x00000006be800000|100%| O|  |TAMS 0x00000006be000000| PB 0x00000006be000000| Untracked |  0
| 125|0x00000006be800000, 0x00000006bf000000, 0x00000006bf000000|100%| O|Cm|TAMS 0x00000006be800000| PB 0x00000006be800000| Complete |  0
| 126|0x00000006bf000000, 0x00000006bf800000, 0x00000006bf800000|100%| O|Cm|TAMS 0x00000006bf000000| PB 0x00000006bf000000| Complete |  0
| 127|0x00000006bf800000, 0x00000006c0000000, 0x00000006c0000000|100%| O|Cm|TAMS 0x00000006bf800000| PB 0x00000006bf800000| Complete |  0
| 128|0x00000006c0000000, 0x00000006c0800000, 0x00000006c0800000|100%| O|  |TAMS 0x00000006c0000000| PB 0x00000006c0000000| Untracked |  0
| 129|0x00000006c0800000, 0x00000006c1000000, 0x00000006c1000000|100%| O|  |TAMS 0x00000006c0800000| PB 0x00000006c0800000| Untracked |  0
| 130|0x00000006c1000000, 0x00000006c1800000, 0x00000006c1800000|100%| O|  |TAMS 0x00000006c1000000| PB 0x00000006c1000000| Untracked |  0
| 131|0x00000006c1800000, 0x00000006c2000000, 0x00000006c2000000|100%| O|Cm|TAMS 0x00000006c1800000| PB 0x00000006c1800000| Complete |  0
| 132|0x00000006c2000000, 0x00000006c2800000, 0x00000006c2800000|100%| O|Cm|TAMS 0x00000006c2000000| PB 0x00000006c2000000| Complete |  0
| 133|0x00000006c2800000, 0x00000006c3000000, 0x00000006c3000000|100%| O|  |TAMS 0x00000006c2800000| PB 0x00000006c2800000| Untracked |  0
| 134|0x00000006c3000000, 0x00000006c3800000, 0x00000006c3800000|100%| O|Cm|TAMS 0x00000006c3000000| PB 0x00000006c3000000| Complete |  0
| 135|0x00000006c3800000, 0x00000006c4000000, 0x00000006c4000000|100%| O|  |TAMS 0x00000006c3800000| PB 0x00000006c3800000| Untracked |  0
| 136|0x00000006c4000000, 0x00000006c4800000, 0x00000006c4800000|100%| O|  |TAMS 0x00000006c4000000| PB 0x00000006c4000000| Untracked |  0
| 137|0x00000006c4800000, 0x00000006c5000000, 0x00000006c5000000|100%| O|  |TAMS 0x00000006c4800000| PB 0x00000006c4800000| Untracked |  0
| 138|0x00000006c5000000, 0x00000006c5800000, 0x00000006c5800000|100%| O|  |TAMS 0x00000006c5000000| PB 0x00000006c5000000| Untracked |  0
| 139|0x00000006c5800000, 0x00000006c5800000, 0x00000006c6000000|  0%| F|  |TAMS 0x00000006c5800000| PB 0x00000006c5800000| Untracked |  0
| 140|0x00000006c6000000, 0x00000006c6000000, 0x00000006c6800000|  0%| F|  |TAMS 0x00000006c6000000| PB 0x00000006c6000000| Untracked |  0
| 141|0x00000006c6800000, 0x00000006c7000000, 0x00000006c7000000|100%| O|  |TAMS 0x00000006c6800000| PB 0x00000006c6800000| Untracked |  0
| 142|0x00000006c7000000, 0x00000006c7800000, 0x00000006c7800000|100%| O|  |TAMS 0x00000006c7000000| PB 0x00000006c7000000| Untracked |  0
| 143|0x00000006c7800000, 0x00000006c8000000, 0x00000006c8000000|100%| O|Cm|TAMS 0x00000006c7800000| PB 0x00000006c7800000| Complete |  0
| 144|0x00000006c8000000, 0x00000006c8800000, 0x00000006c8800000|100%| O|  |TAMS 0x00000006c8000000| PB 0x00000006c8000000| Untracked |  0
| 145|0x00000006c8800000, 0x00000006c8800000, 0x00000006c9000000|  0%| F|  |TAMS 0x00000006c8800000| PB 0x00000006c8800000| Untracked |  0
| 146|0x00000006c9000000, 0x00000006c9800000, 0x00000006c9800000|100%| O|  |TAMS 0x00000006c9000000| PB 0x00000006c9000000| Untracked |  0
| 147|0x00000006c9800000, 0x00000006ca000000, 0x00000006ca000000|100%| O|Cm|TAMS 0x00000006c9800000| PB 0x00000006c9800000| Complete |  0
| 148|0x00000006ca000000, 0x00000006ca0fa6f0, 0x00000006ca800000| 12%| O|  |TAMS 0x00000006ca000000| PB 0x00000006ca000000| Untracked |  0
| 149|0x00000006ca800000, 0x00000006ca800000, 0x00000006cb000000|  0%| F|  |TAMS 0x00000006ca800000| PB 0x00000006ca800000| Untracked |  0
| 150|0x00000006cb000000, 0x00000006cb000000, 0x00000006cb800000|  0%| F|  |TAMS 0x00000006cb000000| PB 0x00000006cb000000| Untracked |  0
| 151|0x00000006cb800000, 0x00000006cc000000, 0x00000006cc000000|100%| O|Cm|TAMS 0x00000006cb800000| PB 0x00000006cb800000| Complete |  0
| 152|0x00000006cc000000, 0x00000006cc000000, 0x00000006cc800000|  0%| F|  |TAMS 0x00000006cc000000| PB 0x00000006cc000000| Untracked |  0
| 153|0x00000006cc800000, 0x00000006cd000000, 0x00000006cd000000|100%| O|  |TAMS 0x00000006cc800000| PB 0x00000006cc800000| Untracked |  0
| 154|0x00000006cd000000, 0x00000006cd800000, 0x00000006cd800000|100%| O|  |TAMS 0x00000006cd000000| PB 0x00000006cd000000| Untracked |  0
| 155|0x00000006cd800000, 0x00000006ce000000, 0x00000006ce000000|100%| O|  |TAMS 0x00000006cd800000| PB 0x00000006cd800000| Untracked |  0
| 156|0x00000006ce000000, 0x00000006ce800000, 0x00000006ce800000|100%| O|  |TAMS 0x00000006ce000000| PB 0x00000006ce000000| Untracked |  0
| 157|0x00000006ce800000, 0x00000006ce800000, 0x00000006cf000000|  0%| F|  |TAMS 0x00000006ce800000| PB 0x00000006ce800000| Untracked |  0
| 158|0x00000006cf000000, 0x00000006cf800000, 0x00000006cf800000|100%| O|  |TAMS 0x00000006cf000000| PB 0x00000006cf000000| Untracked |  0
| 159|0x00000006cf800000, 0x00000006d0000000, 0x00000006d0000000|100%| O|  |TAMS 0x00000006cf800000| PB 0x00000006cf800000| Untracked |  0
| 160|0x00000006d0000000, 0x00000006d0800000, 0x00000006d0800000|100%| O|  |TAMS 0x00000006d0000000| PB 0x00000006d0000000| Untracked |  0
| 161|0x00000006d0800000, 0x00000006d1000000, 0x00000006d1000000|100%| O|  |TAMS 0x00000006d0800000| PB 0x00000006d0800000| Untracked |  0
| 162|0x00000006d1000000, 0x00000006d1800000, 0x00000006d1800000|100%| O|  |TAMS 0x00000006d1000000| PB 0x00000006d1000000| Untracked |  0
| 163|0x00000006d1800000, 0x00000006d2000000, 0x00000006d2000000|100%| O|  |TAMS 0x00000006d1800000| PB 0x00000006d1800000| Untracked |  0
| 164|0x00000006d2000000, 0x00000006d2800000, 0x00000006d2800000|100%| O|  |TAMS 0x00000006d2000000| PB 0x00000006d2000000| Untracked |  0
| 165|0x00000006d2800000, 0x00000006d2800000, 0x00000006d3000000|  0%| F|  |TAMS 0x00000006d2800000| PB 0x00000006d2800000| Untracked |  0
| 166|0x00000006d3000000, 0x00000006d3000000, 0x00000006d3800000|  0%| F|  |TAMS 0x00000006d3000000| PB 0x00000006d3000000| Untracked |  0
| 167|0x00000006d3800000, 0x00000006d4000000, 0x00000006d4000000|100%| O|  |TAMS 0x00000006d3800000| PB 0x00000006d3800000| Untracked |  0
| 168|0x00000006d4000000, 0x00000006d4800000, 0x00000006d4800000|100%| O|  |TAMS 0x00000006d4000000| PB 0x00000006d4000000| Untracked |  0
| 169|0x00000006d4800000, 0x00000006d5000000, 0x00000006d5000000|100%| O|  |TAMS 0x00000006d4800000| PB 0x00000006d4800000| Untracked |  0
| 170|0x00000006d5000000, 0x00000006d5000000, 0x00000006d5800000|  0%| F|  |TAMS 0x00000006d5000000| PB 0x00000006d5000000| Untracked |  0
| 171|0x00000006d5800000, 0x00000006d6000000, 0x00000006d6000000|100%| O|Cm|TAMS 0x00000006d5800000| PB 0x00000006d5800000| Complete |  0
| 172|0x00000006d6000000, 0x00000006d6000000, 0x00000006d6800000|  0%| F|  |TAMS 0x00000006d6000000| PB 0x00000006d6000000| Untracked |  0
| 173|0x00000006d6800000, 0x00000006d6800000, 0x00000006d7000000|  0%| F|  |TAMS 0x00000006d6800000| PB 0x00000006d6800000| Untracked |  0
| 174|0x00000006d7000000, 0x00000006d7000000, 0x00000006d7800000|  0%| F|  |TAMS 0x00000006d7000000| PB 0x00000006d7000000| Untracked |  0
| 175|0x00000006d7800000, 0x00000006d8000000, 0x00000006d8000000|100%| O|Cm|TAMS 0x00000006d7800000| PB 0x00000006d7800000| Complete |  0
| 176|0x00000006d8000000, 0x00000006d8000000, 0x00000006d8800000|  0%| F|  |TAMS 0x00000006d8000000| PB 0x00000006d8000000| Untracked |  0
| 177|0x00000006d8800000, 0x00000006d9000000, 0x00000006d9000000|100%| O|  |TAMS 0x00000006d8800000| PB 0x00000006d8800000| Untracked |  0
| 178|0x00000006d9000000, 0x00000006d9000000, 0x00000006d9800000|  0%| F|  |TAMS 0x00000006d9000000| PB 0x00000006d9000000| Untracked |  0
| 179|0x00000006d9800000, 0x00000006da000000, 0x00000006da000000|100%| O|  |TAMS 0x00000006d9800000| PB 0x00000006d9800000| Untracked |  0
| 180|0x00000006da000000, 0x00000006da000000, 0x00000006da800000|  0%| F|  |TAMS 0x00000006da000000| PB 0x00000006da000000| Untracked |  0
| 181|0x00000006da800000, 0x00000006db000000, 0x00000006db000000|100%| O|  |TAMS 0x00000006da800000| PB 0x00000006da800000| Untracked |  0
| 182|0x00000006db000000, 0x00000006db000000, 0x00000006db800000|  0%| F|  |TAMS 0x00000006db000000| PB 0x00000006db000000| Untracked |  0
| 183|0x00000006db800000, 0x00000006db800000, 0x00000006dc000000|  0%| F|  |TAMS 0x00000006db800000| PB 0x00000006db800000| Untracked |  0
| 184|0x00000006dc000000, 0x00000006dc800000, 0x00000006dc800000|100%| O|  |TAMS 0x00000006dc000000| PB 0x00000006dc000000| Untracked |  0
| 185|0x00000006dc800000, 0x00000006dc800000, 0x00000006dd000000|  0%| F|  |TAMS 0x00000006dc800000| PB 0x00000006dc800000| Untracked |  0
| 186|0x00000006dd000000, 0x00000006dd000000, 0x00000006dd800000|  0%| F|  |TAMS 0x00000006dd000000| PB 0x00000006dd000000| Untracked |  0
| 187|0x00000006dd800000, 0x00000006dd800000, 0x00000006de000000|  0%| F|  |TAMS 0x00000006dd800000| PB 0x00000006dd800000| Untracked |  0
| 188|0x00000006de000000, 0x00000006de800000, 0x00000006de800000|100%| O|Cm|TAMS 0x00000006de000000| PB 0x00000006de000000| Complete |  0
| 189|0x00000006de800000, 0x00000006de800000, 0x00000006df000000|  0%| F|  |TAMS 0x00000006de800000| PB 0x00000006de800000| Untracked |  0
| 190|0x00000006df000000, 0x00000006df000000, 0x00000006df800000|  0%| F|  |TAMS 0x00000006df000000| PB 0x00000006df000000| Untracked |  0
| 191|0x00000006df800000, 0x00000006df800000, 0x00000006e0000000|  0%| F|  |TAMS 0x00000006df800000| PB 0x00000006df800000| Untracked |  0
| 192|0x00000006e0000000, 0x00000006e0800000, 0x00000006e0800000|100%| O|  |TAMS 0x00000006e0000000| PB 0x00000006e0000000| Untracked |  0
| 193|0x00000006e0800000, 0x00000006e1000000, 0x00000006e1000000|100%| O|  |TAMS 0x00000006e0800000| PB 0x00000006e0800000| Untracked |  0
| 194|0x00000006e1000000, 0x00000006e1800000, 0x00000006e1800000|100%| O|  |TAMS 0x00000006e1000000| PB 0x00000006e1000000| Untracked |  0
| 195|0x00000006e1800000, 0x00000006e2000000, 0x00000006e2000000|100%| O|Cm|TAMS 0x00000006e1800000| PB 0x00000006e1800000| Complete |  0
| 196|0x00000006e2000000, 0x00000006e2800000, 0x00000006e2800000|100%| O|  |TAMS 0x00000006e2000000| PB 0x00000006e2000000| Untracked |  0
| 197|0x00000006e2800000, 0x00000006e3000000, 0x00000006e3000000|100%| O|  |TAMS 0x00000006e2800000| PB 0x00000006e2800000| Untracked |  0
| 198|0x00000006e3000000, 0x00000006e3800000, 0x00000006e3800000|100%| O|  |TAMS 0x00000006e3000000| PB 0x00000006e3000000| Untracked |  0
| 199|0x00000006e3800000, 0x00000006e4000000, 0x00000006e4000000|100%| O|  |TAMS 0x00000006e3800000| PB 0x00000006e3800000| Untracked |  0
| 200|0x00000006e4000000, 0x00000006e4800000, 0x00000006e4800000|100%| O|  |TAMS 0x00000006e4000000| PB 0x00000006e4000000| Untracked |  0
| 201|0x00000006e4800000, 0x00000006e5000000, 0x00000006e5000000|100%| O|  |TAMS 0x00000006e4800000| PB 0x00000006e4800000| Untracked |  0
| 202|0x00000006e5000000, 0x00000006e5800000, 0x00000006e5800000|100%| O|  |TAMS 0x00000006e5000000| PB 0x00000006e5000000| Untracked |  0
| 203|0x00000006e5800000, 0x00000006e5800000, 0x00000006e6000000|  0%| F|  |TAMS 0x00000006e5800000| PB 0x00000006e5800000| Untracked |  0
| 204|0x00000006e6000000, 0x00000006e6800000, 0x00000006e6800000|100%| O|  |TAMS 0x00000006e6000000| PB 0x00000006e6000000| Untracked |  0
| 205|0x00000006e6800000, 0x00000006e7000000, 0x00000006e7000000|100%| O|Cm|TAMS 0x00000006e6800000| PB 0x00000006e6800000| Complete |  0
| 206|0x00000006e7000000, 0x00000006e7800000, 0x00000006e7800000|100%| O|  |TAMS 0x00000006e7000000| PB 0x00000006e7000000| Untracked |  0
| 207|0x00000006e7800000, 0x00000006e8000000, 0x00000006e8000000|100%| O|  |TAMS 0x00000006e7800000| PB 0x00000006e7800000| Untracked |  0
| 208|0x00000006e8000000, 0x00000006e8000000, 0x00000006e8800000|  0%| F|  |TAMS 0x00000006e8000000| PB 0x00000006e8000000| Untracked |  0
| 209|0x00000006e8800000, 0x00000006e8800000, 0x00000006e9000000|  0%| F|  |TAMS 0x00000006e8800000| PB 0x00000006e8800000| Untracked |  0
| 210|0x00000006e9000000, 0x00000006e9800000, 0x00000006e9800000|100%| O|  |TAMS 0x00000006e9000000| PB 0x00000006e9000000| Untracked |  0
| 211|0x00000006e9800000, 0x00000006ea000000, 0x00000006ea000000|100%| O|  |TAMS 0x00000006e9800000| PB 0x00000006e9800000| Untracked |  0
| 212|0x00000006ea000000, 0x00000006ea800000, 0x00000006ea800000|100%| O|  |TAMS 0x00000006ea000000| PB 0x00000006ea000000| Untracked |  0
| 213|0x00000006ea800000, 0x00000006eb000000, 0x00000006eb000000|100%| O|  |TAMS 0x00000006ea800000| PB 0x00000006ea800000| Untracked |  0
| 214|0x00000006eb000000, 0x00000006eb800000, 0x00000006eb800000|100%| O|  |TAMS 0x00000006eb000000| PB 0x00000006eb000000| Untracked |  0
| 215|0x00000006eb800000, 0x00000006ec000000, 0x00000006ec000000|100%| O|  |TAMS 0x00000006eb800000| PB 0x00000006eb800000| Untracked |  0
| 216|0x00000006ec000000, 0x00000006ec800000, 0x00000006ec800000|100%| O|  |TAMS 0x00000006ec000000| PB 0x00000006ec000000| Untracked |  0
| 217|0x00000006ec800000, 0x00000006ed000000, 0x00000006ed000000|100%| O|  |TAMS 0x00000006ec800000| PB 0x00000006ec800000| Untracked |  0
| 218|0x00000006ed000000, 0x00000006ed800000, 0x00000006ed800000|100%| O|  |TAMS 0x00000006ed000000| PB 0x00000006ed000000| Untracked |  0
| 219|0x00000006ed800000, 0x00000006ee000000, 0x00000006ee000000|100%| O|Cm|TAMS 0x00000006ed800000| PB 0x00000006ed800000| Complete |  0
| 220|0x00000006ee000000, 0x00000006ee800000, 0x00000006ee800000|100%| O|  |TAMS 0x00000006ee000000| PB 0x00000006ee000000| Untracked |  0
| 221|0x00000006ee800000, 0x00000006ef000000, 0x00000006ef000000|100%| O|  |TAMS 0x00000006ee800000| PB 0x00000006ee800000| Untracked |  0
| 222|0x00000006ef000000, 0x00000006ef800000, 0x00000006ef800000|100%| O|  |TAMS 0x00000006ef000000| PB 0x00000006ef000000| Untracked |  0
| 223|0x00000006ef800000, 0x00000006f0000000, 0x00000006f0000000|100%| O|  |TAMS 0x00000006ef800000| PB 0x00000006ef800000| Untracked |  0
| 224|0x00000006f0000000, 0x00000006f0000000, 0x00000006f0800000|  0%| F|  |TAMS 0x00000006f0000000| PB 0x00000006f0000000| Untracked |  0
| 225|0x00000006f0800000, 0x00000006f0800000, 0x00000006f1000000|  0%| F|  |TAMS 0x00000006f0800000| PB 0x00000006f0800000| Untracked |  0
| 226|0x00000006f1000000, 0x00000006f1000000, 0x00000006f1800000|  0%| F|  |TAMS 0x00000006f1000000| PB 0x00000006f1000000| Untracked |  0
| 227|0x00000006f1800000, 0x00000006f1800000, 0x00000006f2000000|  0%| F|  |TAMS 0x00000006f1800000| PB 0x00000006f1800000| Untracked |  0
| 228|0x00000006f2000000, 0x00000006f2000000, 0x00000006f2800000|  0%| F|  |TAMS 0x00000006f2000000| PB 0x00000006f2000000| Untracked |  0
| 229|0x00000006f2800000, 0x00000006f2800000, 0x00000006f3000000|  0%| F|  |TAMS 0x00000006f2800000| PB 0x00000006f2800000| Untracked |  0
| 230|0x00000006f3000000, 0x00000006f3000000, 0x00000006f3800000|  0%| F|  |TAMS 0x00000006f3000000| PB 0x00000006f3000000| Untracked |  0
| 231|0x00000006f3800000, 0x00000006f3800000, 0x00000006f4000000|  0%| F|  |TAMS 0x00000006f3800000| PB 0x00000006f3800000| Untracked |  0
| 232|0x00000006f4000000, 0x00000006f4000000, 0x00000006f4800000|  0%| F|  |TAMS 0x00000006f4000000| PB 0x00000006f4000000| Untracked |  0
| 233|0x00000006f4800000, 0x00000006f4800000, 0x00000006f5000000|  0%| F|  |TAMS 0x00000006f4800000| PB 0x00000006f4800000| Untracked |  0
| 234|0x00000006f5000000, 0x00000006f5000000, 0x00000006f5800000|  0%| F|  |TAMS 0x00000006f5000000| PB 0x00000006f5000000| Untracked |  0
| 235|0x00000006f5800000, 0x00000006f5800000, 0x00000006f6000000|  0%| F|  |TAMS 0x00000006f5800000| PB 0x00000006f5800000| Untracked |  0
| 236|0x00000006f6000000, 0x00000006f6000000, 0x00000006f6800000|  0%| F|  |TAMS 0x00000006f6000000| PB 0x00000006f6000000| Untracked |  0
| 237|0x00000006f6800000, 0x00000006f6800000, 0x00000006f7000000|  0%| F|  |TAMS 0x00000006f6800000| PB 0x00000006f6800000| Untracked |  0
| 238|0x00000006f7000000, 0x00000006f7000000, 0x00000006f7800000|  0%| F|  |TAMS 0x00000006f7000000| PB 0x00000006f7000000| Untracked |  0
| 239|0x00000006f7800000, 0x00000006f7800000, 0x00000006f8000000|  0%| F|  |TAMS 0x00000006f7800000| PB 0x00000006f7800000| Untracked |  0
| 240|0x00000006f8000000, 0x00000006f8000000, 0x00000006f8800000|  0%| F|  |TAMS 0x00000006f8000000| PB 0x00000006f8000000| Untracked |  0
| 241|0x00000006f8800000, 0x00000006f8800000, 0x00000006f9000000|  0%| F|  |TAMS 0x00000006f8800000| PB 0x00000006f8800000| Untracked |  0
| 242|0x00000006f9000000, 0x00000006f9000000, 0x00000006f9800000|  0%| F|  |TAMS 0x00000006f9000000| PB 0x00000006f9000000| Untracked |  0
| 243|0x00000006f9800000, 0x00000006f9800000, 0x00000006fa000000|  0%| F|  |TAMS 0x00000006f9800000| PB 0x00000006f9800000| Untracked |  0
| 244|0x00000006fa000000, 0x00000006fa000000, 0x00000006fa800000|  0%| F|  |TAMS 0x00000006fa000000| PB 0x00000006fa000000| Untracked |  0
| 245|0x00000006fa800000, 0x00000006fa800000, 0x00000006fb000000|  0%| F|  |TAMS 0x00000006fa800000| PB 0x00000006fa800000| Untracked |  0
| 246|0x00000006fb000000, 0x00000006fb000000, 0x00000006fb800000|  0%| F|  |TAMS 0x00000006fb000000| PB 0x00000006fb000000| Untracked |  0
| 247|0x00000006fb800000, 0x00000006fb800000, 0x00000006fc000000|  0%| F|  |TAMS 0x00000006fb800000| PB 0x00000006fb800000| Untracked |  0
| 248|0x00000006fc000000, 0x00000006fc000000, 0x00000006fc800000|  0%| F|  |TAMS 0x00000006fc000000| PB 0x00000006fc000000| Untracked |  0
| 249|0x00000006fc800000, 0x00000006fc800000, 0x00000006fd000000|  0%| F|  |TAMS 0x00000006fc800000| PB 0x00000006fc800000| Untracked |  0
| 250|0x00000006fd000000, 0x00000006fd000000, 0x00000006fd800000|  0%| F|  |TAMS 0x00000006fd000000| PB 0x00000006fd000000| Untracked |  0
| 251|0x00000006fd800000, 0x00000006fd800000, 0x00000006fe000000|  0%| F|  |TAMS 0x00000006fd800000| PB 0x00000006fd800000| Untracked |  0
| 252|0x00000006fe000000, 0x00000006fe000000, 0x00000006fe800000|  0%| F|  |TAMS 0x00000006fe000000| PB 0x00000006fe000000| Untracked |  0
| 253|0x00000006fe800000, 0x00000006fe800000, 0x00000006ff000000|  0%| F|  |TAMS 0x00000006fe800000| PB 0x00000006fe800000| Untracked |  0
| 254|0x00000006ff000000, 0x00000006ff000000, 0x00000006ff800000|  0%| F|  |TAMS 0x00000006ff000000| PB 0x00000006ff000000| Untracked |  0
| 255|0x00000006ff800000, 0x00000006ff800000, 0x0000000700000000|  0%| F|  |TAMS 0x00000006ff800000| PB 0x00000006ff800000| Untracked |  0
| 256|0x0000000700000000, 0x0000000700000000, 0x0000000700800000|  0%| F|  |TAMS 0x0000000700000000| PB 0x0000000700000000| Untracked |  0
| 257|0x0000000700800000, 0x0000000700800000, 0x0000000701000000|  0%| F|  |TAMS 0x0000000700800000| PB 0x0000000700800000| Untracked |  0
| 258|0x0000000701000000, 0x0000000701000000, 0x0000000701800000|  0%| F|  |TAMS 0x0000000701000000| PB 0x0000000701000000| Untracked |  0
| 259|0x0000000701800000, 0x0000000701800000, 0x0000000702000000|  0%| F|  |TAMS 0x0000000701800000| PB 0x0000000701800000| Untracked |  0
| 260|0x0000000702000000, 0x0000000702000000, 0x0000000702800000|  0%| F|  |TAMS 0x0000000702000000| PB 0x0000000702000000| Untracked |  0
| 261|0x0000000702800000, 0x0000000702800000, 0x0000000703000000|  0%| F|  |TAMS 0x0000000702800000| PB 0x0000000702800000| Untracked |  0
| 262|0x0000000703000000, 0x0000000703000000, 0x0000000703800000|  0%| F|  |TAMS 0x0000000703000000| PB 0x0000000703000000| Untracked |  0
| 263|0x0000000703800000, 0x0000000703800000, 0x0000000704000000|  0%| F|  |TAMS 0x0000000703800000| PB 0x0000000703800000| Untracked |  0
| 264|0x0000000704000000, 0x0000000704000000, 0x0000000704800000|  0%| F|  |TAMS 0x0000000704000000| PB 0x0000000704000000| Untracked |  0
| 265|0x0000000704800000, 0x0000000704800000, 0x0000000705000000|  0%| F|  |TAMS 0x0000000704800000| PB 0x0000000704800000| Untracked |  0
| 266|0x0000000705000000, 0x0000000705000000, 0x0000000705800000|  0%| F|  |TAMS 0x0000000705000000| PB 0x0000000705000000| Untracked |  0
| 267|0x0000000705800000, 0x0000000705800000, 0x0000000706000000|  0%| F|  |TAMS 0x0000000705800000| PB 0x0000000705800000| Untracked |  0
| 268|0x0000000706000000, 0x0000000706000000, 0x0000000706800000|  0%| F|  |TAMS 0x0000000706000000| PB 0x0000000706000000| Untracked |  0
| 269|0x0000000706800000, 0x0000000706800000, 0x0000000707000000|  0%| F|  |TAMS 0x0000000706800000| PB 0x0000000706800000| Untracked |  0
| 270|0x0000000707000000, 0x0000000707000000, 0x0000000707800000|  0%| F|  |TAMS 0x0000000707000000| PB 0x0000000707000000| Untracked |  0
| 271|0x0000000707800000, 0x0000000707800000, 0x0000000708000000|  0%| F|  |TAMS 0x0000000707800000| PB 0x0000000707800000| Untracked |  0
| 272|0x0000000708000000, 0x0000000708000000, 0x0000000708800000|  0%| F|  |TAMS 0x0000000708000000| PB 0x0000000708000000| Untracked |  0
| 273|0x0000000708800000, 0x0000000708800000, 0x0000000709000000|  0%| F|  |TAMS 0x0000000708800000| PB 0x0000000708800000| Untracked |  0
| 274|0x0000000709000000, 0x0000000709000000, 0x0000000709800000|  0%| F|  |TAMS 0x0000000709000000| PB 0x0000000709000000| Untracked |  0
| 275|0x0000000709800000, 0x0000000709800000, 0x000000070a000000|  0%| F|  |TAMS 0x0000000709800000| PB 0x0000000709800000| Untracked |  0
| 276|0x000000070a000000, 0x000000070a000000, 0x000000070a800000|  0%| F|  |TAMS 0x000000070a000000| PB 0x000000070a000000| Untracked |  0
| 277|0x000000070a800000, 0x000000070a800000, 0x000000070b000000|  0%| F|  |TAMS 0x000000070a800000| PB 0x000000070a800000| Untracked |  0
| 278|0x000000070b000000, 0x000000070b000000, 0x000000070b800000|  0%| F|  |TAMS 0x000000070b000000| PB 0x000000070b000000| Untracked |  0
| 279|0x000000070b800000, 0x000000070b800000, 0x000000070c000000|  0%| F|  |TAMS 0x000000070b800000| PB 0x000000070b800000| Untracked |  0
| 280|0x000000070c000000, 0x000000070c000000, 0x000000070c800000|  0%| F|  |TAMS 0x000000070c000000| PB 0x000000070c000000| Untracked |  0
| 281|0x000000070c800000, 0x000000070c800000, 0x000000070d000000|  0%| F|  |TAMS 0x000000070c800000| PB 0x000000070c800000| Untracked |  0
| 282|0x000000070d000000, 0x000000070d000000, 0x000000070d800000|  0%| F|  |TAMS 0x000000070d000000| PB 0x000000070d000000| Untracked |  0
| 283|0x000000070d800000, 0x000000070d800000, 0x000000070e000000|  0%| F|  |TAMS 0x000000070d800000| PB 0x000000070d800000| Untracked |  0
| 284|0x000000070e000000, 0x000000070e000000, 0x000000070e800000|  0%| F|  |TAMS 0x000000070e000000| PB 0x000000070e000000| Untracked |  0
| 285|0x000000070e800000, 0x000000070e800000, 0x000000070f000000|  0%| F|  |TAMS 0x000000070e800000| PB 0x000000070e800000| Untracked |  0
| 286|0x000000070f000000, 0x000000070f000000, 0x000000070f800000|  0%| F|  |TAMS 0x000000070f000000| PB 0x000000070f000000| Untracked |  0
| 287|0x000000070f800000, 0x000000070f800000, 0x0000000710000000|  0%| F|  |TAMS 0x000000070f800000| PB 0x000000070f800000| Untracked |  0
| 288|0x0000000710000000, 0x0000000710000000, 0x0000000710800000|  0%| F|  |TAMS 0x0000000710000000| PB 0x0000000710000000| Untracked |  0
| 289|0x0000000710800000, 0x0000000710800000, 0x0000000711000000|  0%| F|  |TAMS 0x0000000710800000| PB 0x0000000710800000| Untracked |  0
| 290|0x0000000711000000, 0x0000000711000000, 0x0000000711800000|  0%| F|  |TAMS 0x0000000711000000| PB 0x0000000711000000| Untracked |  0
| 291|0x0000000711800000, 0x0000000711800000, 0x0000000712000000|  0%| F|  |TAMS 0x0000000711800000| PB 0x0000000711800000| Untracked |  0
| 292|0x0000000712000000, 0x0000000712000000, 0x0000000712800000|  0%| F|  |TAMS 0x0000000712000000| PB 0x0000000712000000| Untracked |  0
| 293|0x0000000712800000, 0x0000000712800000, 0x0000000713000000|  0%| F|  |TAMS 0x0000000712800000| PB 0x0000000712800000| Untracked |  0
| 294|0x0000000713000000, 0x0000000713000000, 0x0000000713800000|  0%| F|  |TAMS 0x0000000713000000| PB 0x0000000713000000| Untracked |  0
| 295|0x0000000713800000, 0x0000000713800000, 0x0000000714000000|  0%| F|  |TAMS 0x0000000713800000| PB 0x0000000713800000| Untracked |  0
| 296|0x0000000714000000, 0x0000000714000000, 0x0000000714800000|  0%| F|  |TAMS 0x0000000714000000| PB 0x0000000714000000| Untracked |  0
| 297|0x0000000714800000, 0x0000000714800000, 0x0000000715000000|  0%| F|  |TAMS 0x0000000714800000| PB 0x0000000714800000| Untracked |  0
| 298|0x0000000715000000, 0x0000000715000000, 0x0000000715800000|  0%| F|  |TAMS 0x0000000715000000| PB 0x0000000715000000| Untracked |  0
| 299|0x0000000715800000, 0x0000000715800000, 0x0000000716000000|  0%| F|  |TAMS 0x0000000715800000| PB 0x0000000715800000| Untracked |  0
| 300|0x0000000716000000, 0x0000000716000000, 0x0000000716800000|  0%| F|  |TAMS 0x0000000716000000| PB 0x0000000716000000| Untracked |  0
| 301|0x0000000716800000, 0x0000000716800000, 0x0000000717000000|  0%| F|  |TAMS 0x0000000716800000| PB 0x0000000716800000| Untracked |  0
| 302|0x0000000717000000, 0x0000000717000000, 0x0000000717800000|  0%| F|  |TAMS 0x0000000717000000| PB 0x0000000717000000| Untracked |  0
| 303|0x0000000717800000, 0x0000000717800000, 0x0000000718000000|  0%| F|  |TAMS 0x0000000717800000| PB 0x0000000717800000| Untracked |  0
| 304|0x0000000718000000, 0x0000000718000000, 0x0000000718800000|  0%| F|  |TAMS 0x0000000718000000| PB 0x0000000718000000| Untracked |  0
| 305|0x0000000718800000, 0x0000000718800000, 0x0000000719000000|  0%| F|  |TAMS 0x0000000718800000| PB 0x0000000718800000| Untracked |  0
| 306|0x0000000719000000, 0x0000000719000000, 0x0000000719800000|  0%| F|  |TAMS 0x0000000719000000| PB 0x0000000719000000| Untracked |  0
| 307|0x0000000719800000, 0x0000000719800000, 0x000000071a000000|  0%| F|  |TAMS 0x0000000719800000| PB 0x0000000719800000| Untracked |  0
| 308|0x000000071a000000, 0x000000071a000000, 0x000000071a800000|  0%| F|  |TAMS 0x000000071a000000| PB 0x000000071a000000| Untracked |  0
| 309|0x000000071a800000, 0x000000071a800000, 0x000000071b000000|  0%| F|  |TAMS 0x000000071a800000| PB 0x000000071a800000| Untracked |  0
| 310|0x000000071b000000, 0x000000071b000000, 0x000000071b800000|  0%| F|  |TAMS 0x000000071b000000| PB 0x000000071b000000| Untracked |  0
| 311|0x000000071b800000, 0x000000071b800000, 0x000000071c000000|  0%| F|  |TAMS 0x000000071b800000| PB 0x000000071b800000| Untracked |  0
| 312|0x000000071c000000, 0x000000071c000000, 0x000000071c800000|  0%| F|  |TAMS 0x000000071c000000| PB 0x000000071c000000| Untracked |  0
| 313|0x000000071c800000, 0x000000071c800000, 0x000000071d000000|  0%| F|  |TAMS 0x000000071c800000| PB 0x000000071c800000| Untracked |  0
| 314|0x000000071d000000, 0x000000071d000000, 0x000000071d800000|  0%| F|  |TAMS 0x000000071d000000| PB 0x000000071d000000| Untracked |  0
| 315|0x000000071d800000, 0x000000071d800000, 0x000000071e000000|  0%| F|  |TAMS 0x000000071d800000| PB 0x000000071d800000| Untracked |  0
| 316|0x000000071e000000, 0x000000071e000000, 0x000000071e800000|  0%| F|  |TAMS 0x000000071e000000| PB 0x000000071e000000| Untracked |  0
| 317|0x000000071e800000, 0x000000071e800000, 0x000000071f000000|  0%| F|  |TAMS 0x000000071e800000| PB 0x000000071e800000| Untracked |  0
| 318|0x000000071f000000, 0x000000071f000000, 0x000000071f800000|  0%| F|  |TAMS 0x000000071f000000| PB 0x000000071f000000| Untracked |  0
| 319|0x000000071f800000, 0x000000071f800000, 0x0000000720000000|  0%| F|  |TAMS 0x000000071f800000| PB 0x000000071f800000| Untracked |  0
| 320|0x0000000720000000, 0x0000000720000000, 0x0000000720800000|  0%| F|  |TAMS 0x0000000720000000| PB 0x0000000720000000| Untracked |  0
| 321|0x0000000720800000, 0x0000000720800000, 0x0000000721000000|  0%| F|  |TAMS 0x0000000720800000| PB 0x0000000720800000| Untracked |  0
| 322|0x0000000721000000, 0x0000000721000000, 0x0000000721800000|  0%| F|  |TAMS 0x0000000721000000| PB 0x0000000721000000| Untracked |  0
| 323|0x0000000721800000, 0x0000000721800000, 0x0000000722000000|  0%| F|  |TAMS 0x0000000721800000| PB 0x0000000721800000| Untracked |  0
| 324|0x0000000722000000, 0x0000000722000000, 0x0000000722800000|  0%| F|  |TAMS 0x0000000722000000| PB 0x0000000722000000| Untracked |  0
| 325|0x0000000722800000, 0x0000000722800000, 0x0000000723000000|  0%| F|  |TAMS 0x0000000722800000| PB 0x0000000722800000| Untracked |  0
| 326|0x0000000723000000, 0x0000000723000000, 0x0000000723800000|  0%| F|  |TAMS 0x0000000723000000| PB 0x0000000723000000| Untracked |  0
| 327|0x0000000723800000, 0x0000000723800000, 0x0000000724000000|  0%| F|  |TAMS 0x0000000723800000| PB 0x0000000723800000| Untracked |  0
| 328|0x0000000724000000, 0x0000000724000000, 0x0000000724800000|  0%| F|  |TAMS 0x0000000724000000| PB 0x0000000724000000| Untracked |  0
| 329|0x0000000724800000, 0x0000000724800000, 0x0000000725000000|  0%| F|  |TAMS 0x0000000724800000| PB 0x0000000724800000| Untracked |  0
| 330|0x0000000725000000, 0x0000000725000000, 0x0000000725800000|  0%| F|  |TAMS 0x0000000725000000| PB 0x0000000725000000| Untracked |  0
| 331|0x0000000725800000, 0x0000000725800000, 0x0000000726000000|  0%| F|  |TAMS 0x0000000725800000| PB 0x0000000725800000| Untracked |  0
| 332|0x0000000726000000, 0x0000000726000000, 0x0000000726800000|  0%| F|  |TAMS 0x0000000726000000| PB 0x0000000726000000| Untracked |  0
| 333|0x0000000726800000, 0x0000000726800000, 0x0000000727000000|  0%| F|  |TAMS 0x0000000726800000| PB 0x0000000726800000| Untracked |  0
| 334|0x0000000727000000, 0x0000000727000000, 0x0000000727800000|  0%| F|  |TAMS 0x0000000727000000| PB 0x0000000727000000| Untracked |  0
| 335|0x0000000727800000, 0x0000000727800000, 0x0000000728000000|  0%| F|  |TAMS 0x0000000727800000| PB 0x0000000727800000| Untracked |  0
| 336|0x0000000728000000, 0x0000000728000000, 0x0000000728800000|  0%| F|  |TAMS 0x0000000728000000| PB 0x0000000728000000| Untracked |  0
| 337|0x0000000728800000, 0x0000000728800000, 0x0000000729000000|  0%| F|  |TAMS 0x0000000728800000| PB 0x0000000728800000| Untracked |  0
| 338|0x0000000729000000, 0x0000000729000000, 0x0000000729800000|  0%| F|  |TAMS 0x0000000729000000| PB 0x0000000729000000| Untracked |  0
| 339|0x0000000729800000, 0x0000000729800000, 0x000000072a000000|  0%| F|  |TAMS 0x0000000729800000| PB 0x0000000729800000| Untracked |  0
| 340|0x000000072a000000, 0x000000072a000000, 0x000000072a800000|  0%| F|  |TAMS 0x000000072a000000| PB 0x000000072a000000| Untracked |  0
| 341|0x000000072a800000, 0x000000072a800000, 0x000000072b000000|  0%| F|  |TAMS 0x000000072a800000| PB 0x000000072a800000| Untracked |  0
| 342|0x000000072b000000, 0x000000072b000000, 0x000000072b800000|  0%| F|  |TAMS 0x000000072b000000| PB 0x000000072b000000| Untracked |  0
| 343|0x000000072b800000, 0x000000072b800000, 0x000000072c000000|  0%| F|  |TAMS 0x000000072b800000| PB 0x000000072b800000| Untracked |  0
| 344|0x000000072c000000, 0x000000072c000000, 0x000000072c800000|  0%| F|  |TAMS 0x000000072c000000| PB 0x000000072c000000| Untracked |  0
| 345|0x000000072c800000, 0x000000072c800000, 0x000000072d000000|  0%| F|  |TAMS 0x000000072c800000| PB 0x000000072c800000| Untracked |  0
| 346|0x000000072d000000, 0x000000072d000000, 0x000000072d800000|  0%| F|  |TAMS 0x000000072d000000| PB 0x000000072d000000| Untracked |  0
| 347|0x000000072d800000, 0x000000072d800000, 0x000000072e000000|  0%| F|  |TAMS 0x000000072d800000| PB 0x000000072d800000| Untracked |  0
| 348|0x000000072e000000, 0x000000072e000000, 0x000000072e800000|  0%| F|  |TAMS 0x000000072e000000| PB 0x000000072e000000| Untracked |  0
| 349|0x000000072e800000, 0x000000072e800000, 0x000000072f000000|  0%| F|  |TAMS 0x000000072e800000| PB 0x000000072e800000| Untracked |  0
| 350|0x000000072f000000, 0x000000072f000000, 0x000000072f800000|  0%| F|  |TAMS 0x000000072f000000| PB 0x000000072f000000| Untracked |  0
| 351|0x000000072f800000, 0x000000072f800000, 0x0000000730000000|  0%| F|  |TAMS 0x000000072f800000| PB 0x000000072f800000| Untracked |  0
| 352|0x0000000730000000, 0x0000000730000000, 0x0000000730800000|  0%| F|  |TAMS 0x0000000730000000| PB 0x0000000730000000| Untracked |  0
| 353|0x0000000730800000, 0x0000000730800000, 0x0000000731000000|  0%| F|  |TAMS 0x0000000730800000| PB 0x0000000730800000| Untracked |  0
| 354|0x0000000731000000, 0x0000000731000000, 0x0000000731800000|  0%| F|  |TAMS 0x0000000731000000| PB 0x0000000731000000| Untracked |  0
| 355|0x0000000731800000, 0x0000000731800000, 0x0000000732000000|  0%| F|  |TAMS 0x0000000731800000| PB 0x0000000731800000| Untracked |  0
| 356|0x0000000732000000, 0x0000000732000000, 0x0000000732800000|  0%| F|  |TAMS 0x0000000732000000| PB 0x0000000732000000| Untracked |  0
| 357|0x0000000732800000, 0x0000000732800000, 0x0000000733000000|  0%| F|  |TAMS 0x0000000732800000| PB 0x0000000732800000| Untracked |  0
| 358|0x0000000733000000, 0x0000000733000000, 0x0000000733800000|  0%| F|  |TAMS 0x0000000733000000| PB 0x0000000733000000| Untracked |  0
| 359|0x0000000733800000, 0x0000000733800000, 0x0000000734000000|  0%| F|  |TAMS 0x0000000733800000| PB 0x0000000733800000| Untracked |  0
| 360|0x0000000734000000, 0x0000000734000000, 0x0000000734800000|  0%| F|  |TAMS 0x0000000734000000| PB 0x0000000734000000| Untracked |  0
| 361|0x0000000734800000, 0x0000000734800000, 0x0000000735000000|  0%| F|  |TAMS 0x0000000734800000| PB 0x0000000734800000| Untracked |  0
| 362|0x0000000735000000, 0x0000000735000000, 0x0000000735800000|  0%| F|  |TAMS 0x0000000735000000| PB 0x0000000735000000| Untracked |  0
| 363|0x0000000735800000, 0x0000000735800000, 0x0000000736000000|  0%| F|  |TAMS 0x0000000735800000| PB 0x0000000735800000| Untracked |  0
| 364|0x0000000736000000, 0x0000000736000000, 0x0000000736800000|  0%| F|  |TAMS 0x0000000736000000| PB 0x0000000736000000| Untracked |  0
| 365|0x0000000736800000, 0x0000000736800000, 0x0000000737000000|  0%| F|  |TAMS 0x0000000736800000| PB 0x0000000736800000| Untracked |  0
| 366|0x0000000737000000, 0x0000000737000000, 0x0000000737800000|  0%| F|  |TAMS 0x0000000737000000| PB 0x0000000737000000| Untracked |  0
| 367|0x0000000737800000, 0x0000000737800000, 0x0000000738000000|  0%| F|  |TAMS 0x0000000737800000| PB 0x0000000737800000| Untracked |  0
| 368|0x0000000738000000, 0x0000000738000000, 0x0000000738800000|  0%| F|  |TAMS 0x0000000738000000| PB 0x0000000738000000| Untracked |  0
| 369|0x0000000738800000, 0x0000000738800000, 0x0000000739000000|  0%| F|  |TAMS 0x0000000738800000| PB 0x0000000738800000| Untracked |  0
| 370|0x0000000739000000, 0x0000000739000000, 0x0000000739800000|  0%| F|  |TAMS 0x0000000739000000| PB 0x0000000739000000| Untracked |  0
| 371|0x0000000739800000, 0x0000000739800000, 0x000000073a000000|  0%| F|  |TAMS 0x0000000739800000| PB 0x0000000739800000| Untracked |  0
| 372|0x000000073a000000, 0x000000073a000000, 0x000000073a800000|  0%| F|  |TAMS 0x000000073a000000| PB 0x000000073a000000| Untracked |  0
| 373|0x000000073a800000, 0x000000073a800000, 0x000000073b000000|  0%| F|  |TAMS 0x000000073a800000| PB 0x000000073a800000| Untracked |  0
| 374|0x000000073b000000, 0x000000073b000000, 0x000000073b800000|  0%| F|  |TAMS 0x000000073b000000| PB 0x000000073b000000| Untracked |  0
| 375|0x000000073b800000, 0x000000073b800000, 0x000000073c000000|  0%| F|  |TAMS 0x000000073b800000| PB 0x000000073b800000| Untracked |  0
| 376|0x000000073c000000, 0x000000073c000000, 0x000000073c800000|  0%| F|  |TAMS 0x000000073c000000| PB 0x000000073c000000| Untracked |  0
| 377|0x000000073c800000, 0x000000073c800000, 0x000000073d000000|  0%| F|  |TAMS 0x000000073c800000| PB 0x000000073c800000| Untracked |  0
| 378|0x000000073d000000, 0x000000073d000000, 0x000000073d800000|  0%| F|  |TAMS 0x000000073d000000| PB 0x000000073d000000| Untracked |  0
| 379|0x000000073d800000, 0x000000073d800000, 0x000000073e000000|  0%| F|  |TAMS 0x000000073d800000| PB 0x000000073d800000| Untracked |  0
| 380|0x000000073e000000, 0x000000073e000000, 0x000000073e800000|  0%| F|  |TAMS 0x000000073e000000| PB 0x000000073e000000| Untracked |  0
| 381|0x000000073e800000, 0x000000073e800000, 0x000000073f000000|  0%| F|  |TAMS 0x000000073e800000| PB 0x000000073e800000| Untracked |  0
| 382|0x000000073f000000, 0x000000073f000000, 0x000000073f800000|  0%| F|  |TAMS 0x000000073f000000| PB 0x000000073f000000| Untracked |  0
| 383|0x000000073f800000, 0x000000073f800000, 0x0000000740000000|  0%| F|  |TAMS 0x000000073f800000| PB 0x000000073f800000| Untracked |  0
| 384|0x0000000740000000, 0x0000000740000000, 0x0000000740800000|  0%| F|  |TAMS 0x0000000740000000| PB 0x0000000740000000| Untracked |  0
| 385|0x0000000740800000, 0x0000000740800000, 0x0000000741000000|  0%| F|  |TAMS 0x0000000740800000| PB 0x0000000740800000| Untracked |  0
| 386|0x0000000741000000, 0x0000000741000000, 0x0000000741800000|  0%| F|  |TAMS 0x0000000741000000| PB 0x0000000741000000| Untracked |  0
| 387|0x0000000741800000, 0x0000000741800000, 0x0000000742000000|  0%| F|  |TAMS 0x0000000741800000| PB 0x0000000741800000| Untracked |  0
| 388|0x0000000742000000, 0x0000000742000000, 0x0000000742800000|  0%| F|  |TAMS 0x0000000742000000| PB 0x0000000742000000| Untracked |  0
| 389|0x0000000742800000, 0x0000000742800000, 0x0000000743000000|  0%| F|  |TAMS 0x0000000742800000| PB 0x0000000742800000| Untracked |  0
| 390|0x0000000743000000, 0x0000000743000000, 0x0000000743800000|  0%| F|  |TAMS 0x0000000743000000| PB 0x0000000743000000| Untracked |  0
| 391|0x0000000743800000, 0x0000000743800000, 0x0000000744000000|  0%| F|  |TAMS 0x0000000743800000| PB 0x0000000743800000| Untracked |  0
| 392|0x0000000744000000, 0x0000000744000000, 0x0000000744800000|  0%| F|  |TAMS 0x0000000744000000| PB 0x0000000744000000| Untracked |  0
| 393|0x0000000744800000, 0x0000000744800000, 0x0000000745000000|  0%| F|  |TAMS 0x0000000744800000| PB 0x0000000744800000| Untracked |  0
| 394|0x0000000745000000, 0x0000000745000000, 0x0000000745800000|  0%| F|  |TAMS 0x0000000745000000| PB 0x0000000745000000| Untracked |  0
| 395|0x0000000745800000, 0x0000000745800000, 0x0000000746000000|  0%| F|  |TAMS 0x0000000745800000| PB 0x0000000745800000| Untracked |  0
| 396|0x0000000746000000, 0x0000000746000000, 0x0000000746800000|  0%| F|  |TAMS 0x0000000746000000| PB 0x0000000746000000| Untracked |  0
| 397|0x0000000746800000, 0x0000000746800000, 0x0000000747000000|  0%| F|  |TAMS 0x0000000746800000| PB 0x0000000746800000| Untracked |  0
| 398|0x0000000747000000, 0x0000000747000000, 0x0000000747800000|  0%| F|  |TAMS 0x0000000747000000| PB 0x0000000747000000| Untracked |  0
| 399|0x0000000747800000, 0x0000000747800000, 0x0000000748000000|  0%| F|  |TAMS 0x0000000747800000| PB 0x0000000747800000| Untracked |  0
| 400|0x0000000748000000, 0x0000000748000000, 0x0000000748800000|  0%| F|  |TAMS 0x0000000748000000| PB 0x0000000748000000| Untracked |  0
| 401|0x0000000748800000, 0x0000000748800000, 0x0000000749000000|  0%| F|  |TAMS 0x0000000748800000| PB 0x0000000748800000| Untracked |  0
| 402|0x0000000749000000, 0x0000000749000000, 0x0000000749800000|  0%| F|  |TAMS 0x0000000749000000| PB 0x0000000749000000| Untracked |  0
| 403|0x0000000749800000, 0x0000000749800000, 0x000000074a000000|  0%| F|  |TAMS 0x0000000749800000| PB 0x0000000749800000| Untracked |  0
| 404|0x000000074a000000, 0x000000074a000000, 0x000000074a800000|  0%| F|  |TAMS 0x000000074a000000| PB 0x000000074a000000| Untracked |  0
| 405|0x000000074a800000, 0x000000074a800000, 0x000000074b000000|  0%| F|  |TAMS 0x000000074a800000| PB 0x000000074a800000| Untracked |  0
| 406|0x000000074b000000, 0x000000074b000000, 0x000000074b800000|  0%| F|  |TAMS 0x000000074b000000| PB 0x000000074b000000| Untracked |  0
| 407|0x000000074b800000, 0x000000074b800000, 0x000000074c000000|  0%| F|  |TAMS 0x000000074b800000| PB 0x000000074b800000| Untracked |  0
| 408|0x000000074c000000, 0x000000074c000000, 0x000000074c800000|  0%| F|  |TAMS 0x000000074c000000| PB 0x000000074c000000| Untracked |  0
| 409|0x000000074c800000, 0x000000074c800000, 0x000000074d000000|  0%| F|  |TAMS 0x000000074c800000| PB 0x000000074c800000| Untracked |  0
| 410|0x000000074d000000, 0x000000074d000000, 0x000000074d800000|  0%| F|  |TAMS 0x000000074d000000| PB 0x000000074d000000| Untracked |  0
| 411|0x000000074d800000, 0x000000074d800000, 0x000000074e000000|  0%| F|  |TAMS 0x000000074d800000| PB 0x000000074d800000| Untracked |  0
| 412|0x000000074e000000, 0x000000074e000000, 0x000000074e800000|  0%| F|  |TAMS 0x000000074e000000| PB 0x000000074e000000| Untracked |  0
| 413|0x000000074e800000, 0x000000074e800000, 0x000000074f000000|  0%| F|  |TAMS 0x000000074e800000| PB 0x000000074e800000| Untracked |  0
| 414|0x000000074f000000, 0x000000074f000000, 0x000000074f800000|  0%| F|  |TAMS 0x000000074f000000| PB 0x000000074f000000| Untracked |  0
| 415|0x000000074f800000, 0x000000074f800000, 0x0000000750000000|  0%| F|  |TAMS 0x000000074f800000| PB 0x000000074f800000| Untracked |  0
| 416|0x0000000750000000, 0x0000000750000000, 0x0000000750800000|  0%| F|  |TAMS 0x0000000750000000| PB 0x0000000750000000| Untracked |  0
| 417|0x0000000750800000, 0x0000000750800000, 0x0000000751000000|  0%| F|  |TAMS 0x0000000750800000| PB 0x0000000750800000| Untracked |  0
| 418|0x0000000751000000, 0x0000000751000000, 0x0000000751800000|  0%| F|  |TAMS 0x0000000751000000| PB 0x0000000751000000| Untracked |  0
| 419|0x0000000751800000, 0x0000000751800000, 0x0000000752000000|  0%| F|  |TAMS 0x0000000751800000| PB 0x0000000751800000| Untracked |  0
| 420|0x0000000752000000, 0x0000000752000000, 0x0000000752800000|  0%| F|  |TAMS 0x0000000752000000| PB 0x0000000752000000| Untracked |  0
| 421|0x0000000752800000, 0x0000000752800000, 0x0000000753000000|  0%| F|  |TAMS 0x0000000752800000| PB 0x0000000752800000| Untracked |  0
| 422|0x0000000753000000, 0x0000000753000000, 0x0000000753800000|  0%| F|  |TAMS 0x0000000753000000| PB 0x0000000753000000| Untracked |  0
| 423|0x0000000753800000, 0x0000000753800000, 0x0000000754000000|  0%| F|  |TAMS 0x0000000753800000| PB 0x0000000753800000| Untracked |  0
| 424|0x0000000754000000, 0x0000000754000000, 0x0000000754800000|  0%| F|  |TAMS 0x0000000754000000| PB 0x0000000754000000| Untracked |  0
| 425|0x0000000754800000, 0x0000000754800000, 0x0000000755000000|  0%| F|  |TAMS 0x0000000754800000| PB 0x0000000754800000| Untracked |  0
| 426|0x0000000755000000, 0x0000000755000000, 0x0000000755800000|  0%| F|  |TAMS 0x0000000755000000| PB 0x0000000755000000| Untracked |  0
| 427|0x0000000755800000, 0x0000000755800000, 0x0000000756000000|  0%| F|  |TAMS 0x0000000755800000| PB 0x0000000755800000| Untracked |  0
| 428|0x0000000756000000, 0x0000000756000000, 0x0000000756800000|  0%| F|  |TAMS 0x0000000756000000| PB 0x0000000756000000| Untracked |  0
| 429|0x0000000756800000, 0x0000000756800000, 0x0000000757000000|  0%| F|  |TAMS 0x0000000756800000| PB 0x0000000756800000| Untracked |  0
| 430|0x0000000757000000, 0x0000000757000000, 0x0000000757800000|  0%| F|  |TAMS 0x0000000757000000| PB 0x0000000757000000| Untracked |  0
| 431|0x0000000757800000, 0x0000000757800000, 0x0000000758000000|  0%| F|  |TAMS 0x0000000757800000| PB 0x0000000757800000| Untracked |  0
| 432|0x0000000758000000, 0x0000000758000000, 0x0000000758800000|  0%| F|  |TAMS 0x0000000758000000| PB 0x0000000758000000| Untracked |  0
| 433|0x0000000758800000, 0x0000000758800000, 0x0000000759000000|  0%| F|  |TAMS 0x0000000758800000| PB 0x0000000758800000| Untracked |  0
| 434|0x0000000759000000, 0x0000000759000000, 0x0000000759800000|  0%| F|  |TAMS 0x0000000759000000| PB 0x0000000759000000| Untracked |  0
| 435|0x0000000759800000, 0x0000000759800000, 0x000000075a000000|  0%| F|  |TAMS 0x0000000759800000| PB 0x0000000759800000| Untracked |  0
| 436|0x000000075a000000, 0x000000075a000000, 0x000000075a800000|  0%| F|  |TAMS 0x000000075a000000| PB 0x000000075a000000| Untracked |  0
| 437|0x000000075a800000, 0x000000075a800000, 0x000000075b000000|  0%| F|  |TAMS 0x000000075a800000| PB 0x000000075a800000| Untracked |  0
| 438|0x000000075b000000, 0x000000075b000000, 0x000000075b800000|  0%| F|  |TAMS 0x000000075b000000| PB 0x000000075b000000| Untracked |  0
| 439|0x000000075b800000, 0x000000075b800000, 0x000000075c000000|  0%| F|  |TAMS 0x000000075b800000| PB 0x000000075b800000| Untracked |  0
| 440|0x000000075c000000, 0x000000075c000000, 0x000000075c800000|  0%| F|  |TAMS 0x000000075c000000| PB 0x000000075c000000| Untracked |  0
| 441|0x000000075c800000, 0x000000075c800000, 0x000000075d000000|  0%| F|  |TAMS 0x000000075c800000| PB 0x000000075c800000| Untracked |  0
| 442|0x000000075d000000, 0x000000075d000000, 0x000000075d800000|  0%| F|  |TAMS 0x000000075d000000| PB 0x000000075d000000| Untracked |  0
| 443|0x000000075d800000, 0x000000075dc00000, 0x000000075e000000| 50%| E|  |TAMS 0x000000075d800000| PB 0x000000075d800000| Complete |  0
| 444|0x000000075e000000, 0x000000075e800000, 0x000000075e800000|100%| E|CS|TAMS 0x000000075e000000| PB 0x000000075e000000| Complete |  0
| 445|0x000000075e800000, 0x000000075f000000, 0x000000075f000000|100%| E|CS|TAMS 0x000000075e800000| PB 0x000000075e800000| Complete |  0
| 446|0x000000075f000000, 0x000000075f800000, 0x000000075f800000|100%| E|CS|TAMS 0x000000075f000000| PB 0x000000075f000000| Complete |  0
| 447|0x000000075f800000, 0x0000000760000000, 0x0000000760000000|100%| E|CS|TAMS 0x000000075f800000| PB 0x000000075f800000| Complete |  0
| 449|0x0000000760800000, 0x0000000761000000, 0x0000000761000000|100%| E|  |TAMS 0x0000000760800000| PB 0x0000000760800000| Complete |  0
| 450|0x0000000761000000, 0x0000000761800000, 0x0000000761800000|100%| E|CS|TAMS 0x0000000761000000| PB 0x0000000761000000| Complete |  0
| 451|0x0000000761800000, 0x0000000762000000, 0x0000000762000000|100%| E|CS|TAMS 0x0000000761800000| PB 0x0000000761800000| Complete |  0
| 452|0x0000000762000000, 0x0000000762800000, 0x0000000762800000|100%| E|CS|TAMS 0x0000000762000000| PB 0x0000000762000000| Complete |  0
| 453|0x0000000762800000, 0x0000000763000000, 0x0000000763000000|100%| E|CS|TAMS 0x0000000762800000| PB 0x0000000762800000| Complete |  0
| 454|0x0000000763000000, 0x0000000763800000, 0x0000000763800000|100%| E|CS|TAMS 0x0000000763000000| PB 0x0000000763000000| Complete |  0
| 455|0x0000000763800000, 0x0000000764000000, 0x0000000764000000|100%| E|CS|TAMS 0x0000000763800000| PB 0x0000000763800000| Complete |  0
| 456|0x0000000764000000, 0x0000000764800000, 0x0000000764800000|100%| E|CS|TAMS 0x0000000764000000| PB 0x0000000764000000| Complete |  0
| 457|0x0000000764800000, 0x0000000765000000, 0x0000000765000000|100%| E|CS|TAMS 0x0000000764800000| PB 0x0000000764800000| Complete |  0
| 458|0x0000000765000000, 0x0000000765800000, 0x0000000765800000|100%| E|CS|TAMS 0x0000000765000000| PB 0x0000000765000000| Complete |  0
| 459|0x0000000765800000, 0x0000000766000000, 0x0000000766000000|100%| E|CS|TAMS 0x0000000765800000| PB 0x0000000765800000| Complete |  0
| 460|0x0000000766000000, 0x0000000766800000, 0x0000000766800000|100%| E|CS|TAMS 0x0000000766000000| PB 0x0000000766000000| Complete |  0
| 461|0x0000000766800000, 0x0000000767000000, 0x0000000767000000|100%| E|CS|TAMS 0x0000000766800000| PB 0x0000000766800000| Complete |  0
| 462|0x0000000767000000, 0x0000000767800000, 0x0000000767800000|100%| E|CS|TAMS 0x0000000767000000| PB 0x0000000767000000| Complete |  0
| 463|0x0000000767800000, 0x0000000768000000, 0x0000000768000000|100%| E|CS|TAMS 0x0000000767800000| PB 0x0000000767800000| Complete |  0
| 464|0x0000000768000000, 0x0000000768800000, 0x0000000768800000|100%| E|CS|TAMS 0x0000000768000000| PB 0x0000000768000000| Complete |  0
| 465|0x0000000768800000, 0x0000000769000000, 0x0000000769000000|100%| E|CS|TAMS 0x0000000768800000| PB 0x0000000768800000| Complete |  0
| 466|0x0000000769000000, 0x0000000769800000, 0x0000000769800000|100%| E|CS|TAMS 0x0000000769000000| PB 0x0000000769000000| Complete |  0
| 467|0x0000000769800000, 0x000000076a000000, 0x000000076a000000|100%| E|CS|TAMS 0x0000000769800000| PB 0x0000000769800000| Complete |  0
| 468|0x000000076a000000, 0x000000076a800000, 0x000000076a800000|100%| E|CS|TAMS 0x000000076a000000| PB 0x000000076a000000| Complete |  0
| 469|0x000000076a800000, 0x000000076b000000, 0x000000076b000000|100%| E|CS|TAMS 0x000000076a800000| PB 0x000000076a800000| Complete |  0
| 470|0x000000076b000000, 0x000000076b800000, 0x000000076b800000|100%| E|CS|TAMS 0x000000076b000000| PB 0x000000076b000000| Complete |  0
| 471|0x000000076b800000, 0x000000076c000000, 0x000000076c000000|100%| E|CS|TAMS 0x000000076b800000| PB 0x000000076b800000| Complete |  0
| 472|0x000000076c000000, 0x000000076c800000, 0x000000076c800000|100%| E|CS|TAMS 0x000000076c000000| PB 0x000000076c000000| Complete |  0
| 473|0x000000076c800000, 0x000000076d000000, 0x000000076d000000|100%| E|CS|TAMS 0x000000076c800000| PB 0x000000076c800000| Complete |  0
| 474|0x000000076d000000, 0x000000076d800000, 0x000000076d800000|100%| E|CS|TAMS 0x000000076d000000| PB 0x000000076d000000| Complete |  0
| 475|0x000000076d800000, 0x000000076e000000, 0x000000076e000000|100%| E|CS|TAMS 0x000000076d800000| PB 0x000000076d800000| Complete |  0
| 476|0x000000076e000000, 0x000000076e800000, 0x000000076e800000|100%| E|CS|TAMS 0x000000076e000000| PB 0x000000076e000000| Complete |  0
| 477|0x000000076e800000, 0x000000076f000000, 0x000000076f000000|100%| E|CS|TAMS 0x000000076e800000| PB 0x000000076e800000| Complete |  0
| 478|0x000000076f000000, 0x000000076f800000, 0x000000076f800000|100%| E|CS|TAMS 0x000000076f000000| PB 0x000000076f000000| Complete |  0
| 479|0x000000076f800000, 0x0000000770000000, 0x0000000770000000|100%| E|CS|TAMS 0x000000076f800000| PB 0x000000076f800000| Complete |  0
| 480|0x0000000770000000, 0x0000000770800000, 0x0000000770800000|100%| E|CS|TAMS 0x0000000770000000| PB 0x0000000770000000| Complete |  0
| 481|0x0000000770800000, 0x0000000771000000, 0x0000000771000000|100%| E|CS|TAMS 0x0000000770800000| PB 0x0000000770800000| Complete |  0
| 482|0x0000000771000000, 0x0000000771800000, 0x0000000771800000|100%| E|CS|TAMS 0x0000000771000000| PB 0x0000000771000000| Complete |  0
| 483|0x0000000771800000, 0x0000000772000000, 0x0000000772000000|100%| E|CS|TAMS 0x0000000771800000| PB 0x0000000771800000| Complete |  0
| 484|0x0000000772000000, 0x0000000772800000, 0x0000000772800000|100%| E|CS|TAMS 0x0000000772000000| PB 0x0000000772000000| Complete |  0
| 485|0x0000000772800000, 0x0000000773000000, 0x0000000773000000|100%| E|CS|TAMS 0x0000000772800000| PB 0x0000000772800000| Complete |  0
| 486|0x0000000773000000, 0x0000000773800000, 0x0000000773800000|100%| E|CS|TAMS 0x0000000773000000| PB 0x0000000773000000| Complete |  0
| 487|0x0000000773800000, 0x0000000774000000, 0x0000000774000000|100%| E|CS|TAMS 0x0000000773800000| PB 0x0000000773800000| Complete |  0
| 488|0x0000000774000000, 0x0000000774800000, 0x0000000774800000|100%| E|CS|TAMS 0x0000000774000000| PB 0x0000000774000000| Complete |  0
| 489|0x0000000774800000, 0x0000000775000000, 0x0000000775000000|100%| E|CS|TAMS 0x0000000774800000| PB 0x0000000774800000| Complete |  0
| 490|0x0000000775000000, 0x0000000775800000, 0x0000000775800000|100%| E|CS|TAMS 0x0000000775000000| PB 0x0000000775000000| Complete |  0
| 491|0x0000000775800000, 0x0000000776000000, 0x0000000776000000|100%| E|CS|TAMS 0x0000000775800000| PB 0x0000000775800000| Complete |  0
| 492|0x0000000776000000, 0x0000000776800000, 0x0000000776800000|100%| E|CS|TAMS 0x0000000776000000| PB 0x0000000776000000| Complete |  0
| 498|0x0000000779000000, 0x0000000779800000, 0x0000000779800000|100%| E|CS|TAMS 0x0000000779000000| PB 0x0000000779000000| Complete |  0
| 499|0x0000000779800000, 0x000000077a000000, 0x000000077a000000|100%| E|CS|TAMS 0x0000000779800000| PB 0x0000000779800000| Complete |  0
| 500|0x000000077a000000, 0x000000077a800000, 0x000000077a800000|100%| E|CS|TAMS 0x000000077a000000| PB 0x000000077a000000| Complete |  0
| 501|0x000000077a800000, 0x000000077b000000, 0x000000077b000000|100%| E|CS|TAMS 0x000000077a800000| PB 0x000000077a800000| Complete |  0
| 502|0x000000077b000000, 0x000000077b800000, 0x000000077b800000|100%| E|CS|TAMS 0x000000077b000000| PB 0x000000077b000000| Complete |  0
| 503|0x000000077b800000, 0x000000077c000000, 0x000000077c000000|100%| E|CS|TAMS 0x000000077b800000| PB 0x000000077b800000| Complete |  0
| 504|0x000000077c000000, 0x000000077c800000, 0x000000077c800000|100%| E|CS|TAMS 0x000000077c000000| PB 0x000000077c000000| Complete |  0
| 505|0x000000077c800000, 0x000000077d000000, 0x000000077d000000|100%| E|CS|TAMS 0x000000077c800000| PB 0x000000077c800000| Complete |  0
| 506|0x000000077d000000, 0x000000077d800000, 0x000000077d800000|100%| E|CS|TAMS 0x000000077d000000| PB 0x000000077d000000| Complete |  0
| 507|0x000000077d800000, 0x000000077e000000, 0x000000077e000000|100%| E|CS|TAMS 0x000000077d800000| PB 0x000000077d800000| Complete |  0
| 508|0x000000077e000000, 0x000000077e800000, 0x000000077e800000|100%| E|CS|TAMS 0x000000077e000000| PB 0x000000077e000000| Complete |  0
| 509|0x000000077e800000, 0x000000077f000000, 0x000000077f000000|100%| E|CS|TAMS 0x000000077e800000| PB 0x000000077e800000| Complete |  0
| 510|0x000000077f000000, 0x000000077f800000, 0x000000077f800000|100%| E|CS|TAMS 0x000000077f000000| PB 0x000000077f000000| Complete |  0
| 511|0x000000077f800000, 0x0000000780000000, 0x0000000780000000|100%| E|CS|TAMS 0x000000077f800000| PB 0x000000077f800000| Complete |  0
| 512|0x0000000780000000, 0x0000000780800000, 0x0000000780800000|100%| E|CS|TAMS 0x0000000780000000| PB 0x0000000780000000| Complete |  0
| 513|0x0000000780800000, 0x0000000781000000, 0x0000000781000000|100%| E|CS|TAMS 0x0000000780800000| PB 0x0000000780800000| Complete |  0
| 514|0x0000000781000000, 0x0000000781800000, 0x0000000781800000|100%| E|CS|TAMS 0x0000000781000000| PB 0x0000000781000000| Complete |  0
| 515|0x0000000781800000, 0x0000000782000000, 0x0000000782000000|100%| E|CS|TAMS 0x0000000781800000| PB 0x0000000781800000| Complete |  0
| 516|0x0000000782000000, 0x0000000782800000, 0x0000000782800000|100%| E|CS|TAMS 0x0000000782000000| PB 0x0000000782000000| Complete |  0
| 517|0x0000000782800000, 0x0000000783000000, 0x0000000783000000|100%| E|CS|TAMS 0x0000000782800000| PB 0x0000000782800000| Complete |  0
| 518|0x0000000783000000, 0x0000000783800000, 0x0000000783800000|100%| E|CS|TAMS 0x0000000783000000| PB 0x0000000783000000| Complete |  0
| 519|0x0000000783800000, 0x0000000784000000, 0x0000000784000000|100%| E|CS|TAMS 0x0000000783800000| PB 0x0000000783800000| Complete |  0
| 520|0x0000000784000000, 0x0000000784800000, 0x0000000784800000|100%| E|CS|TAMS 0x0000000784000000| PB 0x0000000784000000| Complete |  0
| 521|0x0000000784800000, 0x0000000785000000, 0x0000000785000000|100%| E|CS|TAMS 0x0000000784800000| PB 0x0000000784800000| Complete |  0
| 522|0x0000000785000000, 0x0000000785800000, 0x0000000785800000|100%| E|CS|TAMS 0x0000000785000000| PB 0x0000000785000000| Complete |  0
| 523|0x0000000785800000, 0x0000000786000000, 0x0000000786000000|100%| E|CS|TAMS 0x0000000785800000| PB 0x0000000785800000| Complete |  0
| 524|0x0000000786000000, 0x0000000786800000, 0x0000000786800000|100%| E|CS|TAMS 0x0000000786000000| PB 0x0000000786000000| Complete |  0
| 525|0x0000000786800000, 0x0000000787000000, 0x0000000787000000|100%| E|CS|TAMS 0x0000000786800000| PB 0x0000000786800000| Complete |  0
| 526|0x0000000787000000, 0x0000000787800000, 0x0000000787800000|100%| E|CS|TAMS 0x0000000787000000| PB 0x0000000787000000| Complete |  0
| 527|0x0000000787800000, 0x0000000788000000, 0x0000000788000000|100%| E|CS|TAMS 0x0000000787800000| PB 0x0000000787800000| Complete |  0
| 528|0x0000000788000000, 0x0000000788800000, 0x0000000788800000|100%| E|CS|TAMS 0x0000000788000000| PB 0x0000000788000000| Complete |  0
| 529|0x0000000788800000, 0x0000000789000000, 0x0000000789000000|100%| E|CS|TAMS 0x0000000788800000| PB 0x0000000788800000| Complete |  0
| 530|0x0000000789000000, 0x0000000789800000, 0x0000000789800000|100%| E|CS|TAMS 0x0000000789000000| PB 0x0000000789000000| Complete |  0
| 531|0x0000000789800000, 0x000000078a000000, 0x000000078a000000|100%| E|CS|TAMS 0x0000000789800000| PB 0x0000000789800000| Complete |  0
| 532|0x000000078a000000, 0x000000078a800000, 0x000000078a800000|100%| E|CS|TAMS 0x000000078a000000| PB 0x000000078a000000| Complete |  0
| 533|0x000000078a800000, 0x000000078b000000, 0x000000078b000000|100%| E|CS|TAMS 0x000000078a800000| PB 0x000000078a800000| Complete |  0
| 534|0x000000078b000000, 0x000000078b800000, 0x000000078b800000|100%| E|CS|TAMS 0x000000078b000000| PB 0x000000078b000000| Complete |  0
| 535|0x000000078b800000, 0x000000078be25110, 0x000000078c000000| 76%| S|CS|TAMS 0x000000078b800000| PB 0x000000078b800000| Complete |  0
| 536|0x000000078c000000, 0x000000078c800000, 0x000000078c800000|100%| S|CS|TAMS 0x000000078c000000| PB 0x000000078c000000| Complete |  0
| 537|0x000000078c800000, 0x000000078d000000, 0x000000078d000000|100%| S|CS|TAMS 0x000000078c800000| PB 0x000000078c800000| Complete |  0
| 538|0x000000078d000000, 0x000000078d800000, 0x000000078d800000|100%| S|CS|TAMS 0x000000078d000000| PB 0x000000078d000000| Complete |  0
| 539|0x000000078d800000, 0x000000078e000000, 0x000000078e000000|100%| S|CS|TAMS 0x000000078d800000| PB 0x000000078d800000| Complete |  0
| 540|0x000000078e000000, 0x000000078e800000, 0x000000078e800000|100%| S|CS|TAMS 0x000000078e000000| PB 0x000000078e000000| Complete |  0
| 541|0x000000078e800000, 0x000000078f000000, 0x000000078f000000|100%| S|CS|TAMS 0x000000078e800000| PB 0x000000078e800000| Complete |  0
| 542|0x000000078f000000, 0x000000078f800000, 0x000000078f800000|100%| E|CS|TAMS 0x000000078f000000| PB 0x000000078f000000| Complete |  0
| 543|0x000000078f800000, 0x0000000790000000, 0x0000000790000000|100%| E|CS|TAMS 0x000000078f800000| PB 0x000000078f800000| Complete |  0
| 544|0x0000000790000000, 0x0000000790800000, 0x0000000790800000|100%| E|CS|TAMS 0x0000000790000000| PB 0x0000000790000000| Complete |  0
| 545|0x0000000790800000, 0x0000000791000000, 0x0000000791000000|100%| E|CS|TAMS 0x0000000790800000| PB 0x0000000790800000| Complete |  0
| 546|0x0000000791000000, 0x0000000791800000, 0x0000000791800000|100%| E|CS|TAMS 0x0000000791000000| PB 0x0000000791000000| Complete |  0
| 547|0x0000000791800000, 0x0000000792000000, 0x0000000792000000|100%| E|CS|TAMS 0x0000000791800000| PB 0x0000000791800000| Complete |  0
| 548|0x0000000792000000, 0x0000000792800000, 0x0000000792800000|100%| E|CS|TAMS 0x0000000792000000| PB 0x0000000792000000| Complete |  0
| 549|0x0000000792800000, 0x0000000793000000, 0x0000000793000000|100%| E|CS|TAMS 0x0000000792800000| PB 0x0000000792800000| Complete |  0
| 550|0x0000000793000000, 0x0000000793800000, 0x0000000793800000|100%| E|CS|TAMS 0x0000000793000000| PB 0x0000000793000000| Complete |  0
| 551|0x0000000793800000, 0x0000000794000000, 0x0000000794000000|100%| E|CS|TAMS 0x0000000793800000| PB 0x0000000793800000| Complete |  0
| 767|0x00000007ff800000, 0x0000000800000000, 0x0000000800000000|100%| E|CS|TAMS 0x00000007ff800000| PB 0x00000007ff800000| Complete |  0

Card table byte_map: [0x0000000120728000,0x0000000121328000] _byte_map_base: 0x000000011d328000

Marking Bits: (CMBitMap*) 0x0000000104e3c250
 Bits: [0x0000000121328000, 0x0000000127328000)

Polling page: 0x00000001044d8000

Metaspace:
Metaspace        used 308817K, committed 311104K, reserved 1310720K
 class space     used 51380K, committed 52416K, reserved 1048576K

Usage:
  Non-class:    251.40 MB used.
      Class:     50.18 MB used.
       Both:    301.58 MB used.

Virtual space:
  Non-class space:      256.00 MB reserved,     252.62 MB ( 99%) committed,  4 nodes.
      Class space:        1.00 GB reserved,      51.19 MB (  5%) committed,  1 nodes.
             Both:        1.25 GB reserved,     303.81 MB ( 24%) committed. 

Chunk freelists:
   Non-Class:  2.69 MB
       Class:  12.73 MB
        Both:  15.42 MB

MaxMetaspaceSize: unlimited
CompressedClassSpaceSize: 1.00 GB
Initial GC threshold: 21.00 MB
Current GC threshold: 506.25 MB
CDS: on
 - commit_granule_bytes: 65536.
 - commit_granule_words: 8192.
 - virtual_space_node_default_size: 8388608.
 - enlarge_chunks_in_place: 1.
UseCompressedClassPointers 1, UseCompactObjectHeaders 0
Narrow klass pointer bits 32, Max shift 3
Narrow klass base: 0x00001c0000000000, Narrow klass shift: 0
Encoding Range: [0x00001c0000000000 - 0x00001c0100000000), (4294967296 bytes)
Klass Range:    [0x00001c0000004000 - 0x00001c0041000000), (1090502656 bytes)
Klass ID Range:  [16384 - 1090519033) (1090502649)
Protection zone: [0x00001c0000000000 - 0x00001c0000004000), (16384 bytes)


Internal statistics:

num_allocs_failed_limit: 12.
num_arena_births: 3768.
num_arena_deaths: 20.
num_vsnodes_births: 5.
num_vsnodes_deaths: 0.
num_space_committed: 4855.
num_space_uncommitted: 0.
num_chunks_returned_to_freelist: 37.
num_chunks_taken_from_freelist: 16439.
num_chunk_merges: 13.
num_chunk_splits: 11403.
num_chunks_enlarged: 9177.
num_inconsistent_stats: 0.

CodeHeap 'non-profiled nmethods': size=120032Kb used=27575Kb max_used=30249Kb free=92456Kb
 bounds [0x00000001191f0000, 0x000000011af80000, 0x0000000120728000]
CodeHeap 'profiled nmethods': size=120032Kb used=55160Kb max_used=67431Kb free=64871Kb
 bounds [0x0000000111724000, 0x0000000115914000, 0x0000000118c5c000]
CodeHeap 'non-nmethods': size=5712Kb used=3683Kb max_used=3840Kb free=2028Kb
 bounds [0x0000000118c5c000, 0x000000011903c000, 0x00000001191f0000]
CodeCache: size=245776Kb, used=86418Kb, max_used=101520Kb, free=159355Kb
 total_blobs=44708, nmethods=41478, adapters=3132, full_count=0
Compilation: enabled, stopped_count=0, restarted_count=0

Compilation events (20 events):
Event: 186.220 Thread 0x0000000b70913200 77684       4       java.util.concurrent.locks.AbstractQueuedSynchronizer$ConditionObject::awaitNanos (202 bytes)
Event: 186.229 Thread 0x0000000b70913200 nmethod 77684 0x0000000119b992c8 code [0x0000000119b993c0, 0x0000000119b9a970]
Event: 186.269 Thread 0x0000000b70914000 77685       3       org.apache.logging.log4j.core.Logger::isEnabled (13 bytes)
Event: 186.269 Thread 0x0000000b70914000 nmethod 77685 0x0000000111b463c8 code [0x0000000111b464c0, 0x0000000111b46668]
Event: 186.269 Thread 0x0000000b70914000 77686       3       org.apache.logging.log4j.core.Logger$PrivateConfig::filter (77 bytes)
Event: 186.269 Thread 0x0000000b70914000 nmethod 77686 0x00000001118bf2c8 code [0x00000001118bf3c0, 0x00000001118bf8f8]
Event: 186.269 Thread 0x0000000b70914000 77687       3       net.irisshaders.iris.shaderpack.programs.ProgramSource::getVertexSource (8 bytes)
Event: 186.269 Thread 0x0000000b70914000 nmethod 77687 0x00000001118d0308 code [0x00000001118d0400, 0x00000001118d0748]
Event: 186.269 Thread 0x0000000b70914000 77688       3       net.irisshaders.iris.pipeline.transform.parameter.Parameters::<init> (15 bytes)
Event: 186.270 Thread 0x0000000b70914000 nmethod 77688 0x0000000111a255c8 code [0x0000000111a256c0, 0x0000000111a258d8]
Event: 186.280 Thread 0x0000000b6e81e800 77689       4       io.github.douira.glsl_transformer.ast.node.type.struct.StructDeclarator::<init> (41 bytes)
Event: 186.283 Thread 0x0000000b34ca7200 77690       4       io.github.douira.glsl_transformer.ast.node.statement.Statement::exitNode (8 bytes)
Event: 186.283 Thread 0x0000000b70913200 77691       4       io.github.douira.glsl_transformer.ast.node.expression.ReferenceExpression::getExpressionType (4 bytes)
Event: 186.283 Thread 0x0000000b70914000 77692       3       net.irisshaders.iris.pipeline.transform.ShaderPrinter::printProgram (9 bytes)
Event: 186.283 Thread 0x0000000b70913200 nmethod 77691 0x00000001197fdf08 code [0x00000001197fe000, 0x00000001197fe098]
Event: 186.283 Thread 0x0000000b70914000 nmethod 77692 0x0000000111b5f808 code [0x0000000111b5f900, 0x0000000111b5fa90]
Event: 186.283 Thread 0x0000000b70914000 77693       3       net.irisshaders.iris.pipeline.transform.ShaderPrinter$ProgramPrintBuilder::<init> (93 bytes)
Event: 186.283 Thread 0x0000000b34ca7200 nmethod 77690 0x0000000119265508 code [0x0000000119265600, 0x00000001192656e0]
Event: 186.284 Thread 0x0000000b70914000 nmethod 77693 0x0000000111d24948 code [0x0000000111d24a40, 0x0000000111d25de0]
Event: 186.293 Thread 0x0000000b6e81e800 nmethod 77689 0x0000000119a4b508 code [0x0000000119a4b600, 0x0000000119a4cee0]

GC Heap Usage History (20 events):
Event: 137.289 {heap Before GC invocations=131 (full 0):
 garbage-first heap   total reserved 6291456K, committed 4481024K, used 2568937K [0x0000000680000000, 0x0000000800000000)
  region size 8192K, 109 young (892928K), 7 survivors (57344K)
}
Event: 137.373 {heap After GC invocations=132 (full 0):
 garbage-first heap   total reserved 6291456K, committed 4481024K, used 1833239K [0x0000000680000000, 0x0000000800000000)
  region size 8192K, 14 young (114688K), 14 survivors (114688K)
}
Event: 138.782 {heap Before GC invocations=132 (full 0):
 garbage-first heap   total reserved 6291456K, committed 4481024K, used 2603287K [0x0000000680000000, 0x0000000800000000)
  region size 8192K, 109 young (892928K), 14 survivors (114688K)
}
Event: 138.847 {heap After GC invocations=133 (full 0):
 garbage-first heap   total reserved 6291456K, committed 4481024K, used 1819649K [0x0000000680000000, 0x0000000800000000)
  region size 8192K, 4 young (32768K), 4 survivors (32768K)
}
Event: 144.859 {heap Before GC invocations=133 (full 0):
 garbage-first heap   total reserved 6291456K, committed 4481024K, used 2671617K [0x0000000680000000, 0x0000000800000000)
  region size 8192K, 109 young (892928K), 4 survivors (32768K)
}
Event: 144.930 {heap After GC invocations=134 (full 0):
 garbage-first heap   total reserved 6291456K, committed 4481024K, used 1792625K [0x0000000680000000, 0x0000000800000000)
  region size 8192K, 6 young (49152K), 6 survivors (49152K)
}
Event: 148.796 {heap Before GC invocations=134 (full 0):
 garbage-first heap   total reserved 6291456K, committed 4481024K, used 2628209K [0x0000000680000000, 0x0000000800000000)
  region size 8192K, 109 young (892928K), 6 survivors (49152K)
}
Event: 148.882 {heap After GC invocations=135 (full 0):
 garbage-first heap   total reserved 6291456K, committed 4481024K, used 1754247K [0x0000000680000000, 0x0000000800000000)
  region size 8192K, 7 young (57344K), 7 survivors (57344K)
}
Event: 149.233 {heap Before GC invocations=135 (full 0):
 garbage-first heap   total reserved 6291456K, committed 4481024K, used 1836167K [0x0000000680000000, 0x0000000800000000)
  region size 8192K, 18 young (147456K), 7 survivors (57344K)
}
Event: 149.242 {heap After GC invocations=136 (full 0):
 garbage-first heap   total reserved 6291456K, committed 4481024K, used 1752146K [0x0000000680000000, 0x0000000800000000)
  region size 8192K, 6 young (49152K), 6 survivors (49152K)
}
Event: 154.825 {heap Before GC invocations=137 (full 0):
 garbage-first heap   total reserved 6291456K, committed 4481024K, used 2587730K [0x0000000680000000, 0x0000000800000000)
  region size 8192K, 109 young (892928K), 6 survivors (49152K)
}
Event: 154.870 {heap After GC invocations=138 (full 0):
 garbage-first heap   total reserved 6291456K, committed 4481024K, used 1780130K [0x0000000680000000, 0x0000000800000000)
  region size 8192K, 10 young (81920K), 10 survivors (81920K)
}
Event: 160.638 {heap Before GC invocations=138 (full 0):
 garbage-first heap   total reserved 6291456K, committed 4481024K, used 2582946K [0x0000000680000000, 0x0000000800000000)
  region size 8192K, 109 young (892928K), 10 survivors (81920K)
}
Event: 160.678 {heap After GC invocations=139 (full 0):
 garbage-first heap   total reserved 6291456K, committed 4481024K, used 1726603K [0x0000000680000000, 0x0000000800000000)
  region size 8192K, 8 young (65536K), 8 survivors (65536K)
}
Event: 166.004 {heap Before GC invocations=139 (full 0):
 garbage-first heap   total reserved 6291456K, committed 4481024K, used 2545803K [0x0000000680000000, 0x0000000800000000)
  region size 8192K, 109 young (892928K), 8 survivors (65536K)
}
Event: 166.083 {heap After GC invocations=140 (full 0):
 garbage-first heap   total reserved 6291456K, committed 4481024K, used 1685676K [0x0000000680000000, 0x0000000800000000)
  region size 8192K, 7 young (57344K), 7 survivors (57344K)
}
Event: 180.715 {heap Before GC invocations=140 (full 0):
 garbage-first heap   total reserved 6291456K, committed 4481024K, used 2513068K [0x0000000680000000, 0x0000000800000000)
  region size 8192K, 109 young (892928K), 7 survivors (57344K)
}
Event: 180.772 {heap After GC invocations=141 (full 0):
 garbage-first heap   total reserved 6291456K, committed 4481024K, used 1653221K [0x0000000680000000, 0x0000000800000000)
  region size 8192K, 7 young (57344K), 7 survivors (57344K)
}
Event: 182.050 {heap Before GC invocations=141 (full 0):
 garbage-first heap   total reserved 6291456K, committed 4481024K, used 1735141K [0x0000000680000000, 0x0000000800000000)
  region size 8192K, 18 young (147456K), 7 survivors (57344K)
}
Event: 182.063 {heap After GC invocations=142 (full 0):
 garbage-first heap   total reserved 6291456K, committed 4481024K, used 1652944K [0x0000000680000000, 0x0000000800000000)
  region size 8192K, 7 young (57344K), 7 survivors (57344K)
}

Metaspace Usage History (20 events):
Event: 137.289 {metaspace Before GC invocations=131 (full 0):
 Metaspace       used 296041K, committed 298176K, reserved 1310720K
  class space    used 50423K, committed 51392K, reserved 1048576K
}
Event: 137.373 {metaspace After GC invocations=132 (full 0):
 Metaspace       used 296041K, committed 298176K, reserved 1310720K
  class space    used 50423K, committed 51392K, reserved 1048576K
}
Event: 138.782 {metaspace Before GC invocations=132 (full 0):
 Metaspace       used 296471K, committed 298560K, reserved 1310720K
  class space    used 50442K, committed 51392K, reserved 1048576K
}
Event: 138.847 {metaspace After GC invocations=133 (full 0):
 Metaspace       used 296471K, committed 298560K, reserved 1310720K
  class space    used 50442K, committed 51392K, reserved 1048576K
}
Event: 144.859 {metaspace Before GC invocations=133 (full 0):
 Metaspace       used 301997K, committed 304192K, reserved 1310720K
  class space    used 51009K, committed 51968K, reserved 1048576K
}
Event: 144.930 {metaspace After GC invocations=134 (full 0):
 Metaspace       used 301997K, committed 304192K, reserved 1310720K
  class space    used 51009K, committed 51968K, reserved 1048576K
}
Event: 148.796 {metaspace Before GC invocations=134 (full 0):
 Metaspace       used 303205K, committed 305472K, reserved 1310720K
  class space    used 51104K, committed 52096K, reserved 1048576K
}
Event: 148.882 {metaspace After GC invocations=135 (full 0):
 Metaspace       used 303205K, committed 305472K, reserved 1310720K
  class space    used 51104K, committed 52096K, reserved 1048576K
}
Event: 149.233 {metaspace Before GC invocations=135 (full 0):
 Metaspace       used 303276K, committed 305536K, reserved 1310720K
  class space    used 51108K, committed 52096K, reserved 1048576K
}
Event: 149.242 {metaspace After GC invocations=136 (full 0):
 Metaspace       used 303276K, committed 305536K, reserved 1310720K
  class space    used 51108K, committed 52096K, reserved 1048576K
}
Event: 154.825 {metaspace Before GC invocations=137 (full 0):
 Metaspace       used 304453K, committed 306688K, reserved 1310720K
  class space    used 51237K, committed 52224K, reserved 1048576K
}
Event: 154.870 {metaspace After GC invocations=138 (full 0):
 Metaspace       used 304453K, committed 306688K, reserved 1310720K
  class space    used 51237K, committed 52224K, reserved 1048576K
}
Event: 160.638 {metaspace Before GC invocations=138 (full 0):
 Metaspace       used 305431K, committed 307712K, reserved 1310720K
  class space    used 51281K, committed 52288K, reserved 1048576K
}
Event: 160.678 {metaspace After GC invocations=139 (full 0):
 Metaspace       used 305431K, committed 307712K, reserved 1310720K
  class space    used 51281K, committed 52288K, reserved 1048576K
}
Event: 166.004 {metaspace Before GC invocations=139 (full 0):
 Metaspace       used 306632K, committed 308864K, reserved 1310720K
  class space    used 51298K, committed 52288K, reserved 1048576K
}
Event: 166.083 {metaspace After GC invocations=140 (full 0):
 Metaspace       used 306632K, committed 308864K, reserved 1310720K
  class space    used 51298K, committed 52288K, reserved 1048576K
}
Event: 180.715 {metaspace Before GC invocations=140 (full 0):
 Metaspace       used 308623K, committed 310976K, reserved 1310720K
  class space    used 51373K, committed 52416K, reserved 1048576K
}
Event: 180.772 {metaspace After GC invocations=141 (full 0):
 Metaspace       used 308623K, committed 310976K, reserved 1310720K
  class space    used 51373K, committed 52416K, reserved 1048576K
}
Event: 182.050 {metaspace Before GC invocations=141 (full 0):
 Metaspace       used 308678K, committed 311040K, reserved 1310720K
  class space    used 51373K, committed 52416K, reserved 1048576K
}
Event: 182.063 {metaspace After GC invocations=142 (full 0):
 Metaspace       used 308678K, committed 311040K, reserved 1310720K
  class space    used 51373K, committed 52416K, reserved 1048576K
}

Dll operation events (20 events):
Event: 0.049 Loaded shared library /Users/charlieichikowitz/Library/Application Support/ModrinthApp/meta/java_versions/zulu25.34.17-ca-jre25.0.3-macosx_aarch64/Contents/Home/lib/libzip.dylib
Event: 0.074 Loaded shared library /Users/charlieichikowitz/Library/Application Support/ModrinthApp/meta/java_versions/zulu25.34.17-ca-jre25.0.3-macosx_aarch64/Contents/Home/lib/libjimage.dylib
Event: 0.088 Loaded shared library /Users/charlieichikowitz/Library/Application Support/ModrinthApp/meta/java_versions/zulu25.34.17-ca-jre25.0.3-macosx_aarch64/Contents/Home/lib/libnet.dylib
Event: 0.101 Loaded shared library /Users/charlieichikowitz/Library/Application Support/ModrinthApp/meta/java_versions/zulu25.34.17-ca-jre25.0.3-macosx_aarch64/Contents/Home/lib/libextnet.dylib
Event: 0.608 Loaded shared library /Users/charlieichikowitz/Library/Application Support/ModrinthApp/meta/java_versions/zulu25.34.17-ca-jre25.0.3-macosx_aarch64/Contents/Home/lib/libmanagement.dylib
Event: 0.609 Loaded shared library /Users/charlieichikowitz/Library/Application Support/ModrinthApp/meta/java_versions/zulu25.34.17-ca-jre25.0.3-macosx_aarch64/Contents/Home/lib/libmanagement_ext.dylib
Event: 0.658 Loaded shared library /Users/charlieichikowitz/Library/Application Support/ModrinthApp/meta/java_versions/zulu25.34.17-ca-jre25.0.3-macosx_aarch64/Contents/Home/lib/libverify.dylib
Event: 1.617 Loaded shared library /Users/charlieichikowitz/Library/Application Support/ModrinthApp/meta/natives/26.2-0.19.5/jna/jna16135243994761233495.tmp
Event: 5.825 Loaded shared library /Users/charlieichikowitz/Library/Application Support/ModrinthApp/meta/natives/26.2-0.19.5/lwjgl/3.4.1-snapshot/arm64/liblwjgl.dylib
Event: 5.888 Loaded shared library /Users/charlieichikowitz/Library/Application Support/ModrinthApp/meta/natives/26.2-0.19.5/lwjgl/3.4.1-snapshot/arm64/liblwjgl_stb.dylib
Event: 5.994 Loaded shared library /Users/charlieichikowitz/Library/Application Support/ModrinthApp/meta/natives/26.2-0.19.5/lwjgl/3.4.1-snapshot/arm64/liblwjgl_tinyfd.dylib
Event: 6.000 Loaded shared library /Users/charlieichikowitz/Library/Application Support/ModrinthApp/meta/natives/26.2-0.19.5/lwjgl/3.4.1-snapshot/arm64/liblwjgl_opengl.dylib
Event: 6.009 Loaded shared library /Users/charlieichikowitz/Library/Application Support/ModrinthApp/meta/natives/26.2-0.19.5/lwjgl/3.4.1-snapshot/arm64/liblwjgl_vma.dylib
Event: 17.027 Loaded shared library /private/var/folders/97/0x7l_2j54nz3607j4cfqcp300000gn/T/libopus4j-1eb5d9e3e7c729c7d3e18224b0a53fb6/libopus4j.dylib
Event: 17.037 Loaded shared library /private/var/folders/97/0x7l_2j54nz3607j4cfqcp300000gn/T/librnnoise4j-dd0bc92191c29275673e4f820630aa49/librnnoise4j.dylib
Event: 17.048 Loaded shared library /private/var/folders/97/0x7l_2j54nz3607j4cfqcp300000gn/T/libspeex4j-f75720920af514f7fd1a458b9748f906/libspeex4j.dylib
Event: 17.057 Loaded shared library /private/var/folders/97/0x7l_2j54nz3607j4cfqcp300000gn/T/liblame4j-616f7ca627be4f4f2d2039debf359014/liblame4j.dylib
Event: 19.167 Loaded shared library /private/var/folders/97/0x7l_2j54nz3607j4cfqcp300000gn/T/libjcocoa6974294701147619565.dylib
Event: 121.769 Loaded shared library /Users/charlieichikowitz/Library/Application Support/ModrinthApp/profiles/Ramen%20simple%20mods%201.0.2.2/config/spark/tmp/spark-a1ada171c6f0-libasyncProfiler.so.tmp
Event: 137.049 Loaded shared library /Users/charlieichikowitz/Library/Application Support/ModrinthApp/meta/java_versions/zulu25.34.17-ca-jre25.0.3-macosx_aarch64/Contents/Home/lib/libjsound.dylib

Deoptimization events (20 events):
Event: 185.970 Thread 0x0000000b34fc6800 DEOPT PACKING pc=0x000000011245ed48 sp=0x00000003077060b0
Event: 185.970 Thread 0x0000000b34fc6800 DEOPT UNPACKING pc=0x0000000118c990bc sp=0x0000000307705db0 mode 0
Event: 186.052 Thread 0x0000000104e33ab0 DEOPT PACKING pc=0x0000000113e6a5f0 sp=0x000000016b945b60
Event: 186.052 Thread 0x0000000104e33ab0 DEOPT UNPACKING pc=0x0000000118c990bc sp=0x000000016b9458e0 mode 3
Event: 186.065 Thread 0x0000000104e33ab0 Uncommon trap: trap_request=0xffffff45 fr.pc=0x00000001197d6a74 relative=0x0000000000000974
Event: 186.065 Thread 0x0000000104e33ab0 Uncommon trap: reason=unstable_if action=reinterpret pc=0x00000001197d6a74 method=net.irisshaders.iris.shaderpack.IdMap$DuplicateTracker.checkAndRecord(Ljava/lang/String;Ljava/lang/String;Ljava/lang/String;)V @ 10 c2
Event: 186.065 Thread 0x0000000104e33ab0 DEOPT PACKING pc=0x00000001197d6a74 sp=0x000000016b9459e0
Event: 186.065 Thread 0x0000000104e33ab0 DEOPT UNPACKING pc=0x0000000118d6f2dc sp=0x000000016b945980 mode 2
Event: 186.067 Thread 0x0000000104e33ab0 Uncommon trap: trap_request=0xffffff45 fr.pc=0x0000000119408c50 relative=0x0000000000001e10
Event: 186.067 Thread 0x0000000104e33ab0 Uncommon trap: reason=unstable_if action=reinterpret pc=0x0000000119408c50 method=net.irisshaders.iris.shaderpack.IdMap$DuplicateTracker.checkAndRecord(Ljava/lang/String;Ljava/lang/String;Ljava/lang/String;)V @ 10 c2
Event: 186.067 Thread 0x0000000104e33ab0 DEOPT PACKING pc=0x0000000119408c50 sp=0x000000016b945aa0
Event: 186.067 Thread 0x0000000104e33ab0 DEOPT UNPACKING pc=0x0000000118d6f2dc sp=0x000000016b945970 mode 2
Event: 186.078 Thread 0x0000000104e33ab0 DEOPT PACKING pc=0x0000000112357e58 sp=0x000000016b945640
Event: 186.078 Thread 0x0000000104e33ab0 DEOPT UNPACKING pc=0x0000000118c990bc sp=0x000000016b945350 mode 0
Event: 186.093 Thread 0x0000000104e33ab0 DEOPT PACKING pc=0x0000000112357e58 sp=0x000000016b945640
Event: 186.093 Thread 0x0000000104e33ab0 DEOPT UNPACKING pc=0x0000000118c990bc sp=0x000000016b945350 mode 0
Event: 186.104 Thread 0x0000000104e33ab0 DEOPT PACKING pc=0x0000000112357e58 sp=0x000000016b945640
Event: 186.104 Thread 0x0000000104e33ab0 DEOPT UNPACKING pc=0x0000000118c990bc sp=0x000000016b945350 mode 0
Event: 186.122 Thread 0x0000000b345b2800 DEOPT PACKING pc=0x0000000112834118 sp=0x000000017fdc2390
Event: 186.122 Thread 0x0000000b345b2800 DEOPT UNPACKING pc=0x0000000118c990bc sp=0x000000017fdc2090 mode 0

Classes loaded (20 events):
Event: 137.083 Loading class com/sun/media/sound/DirectAudioDevice$DirectDL$Mute
Event: 137.083 Loading class javax/sound/sampled/BooleanControl
Event: 137.083 Loading class javax/sound/sampled/BooleanControl done
Event: 137.083 Loading class com/sun/media/sound/DirectAudioDevice$DirectDL$Mute done
Event: 137.083 Loading class javax/sound/sampled/BooleanControl$Type
Event: 137.083 Loading class javax/sound/sampled/BooleanControl$Type done
Event: 137.083 Loading class com/sun/media/sound/DirectAudioDevice$DirectDL$Balance
Event: 137.083 Loading class com/sun/media/sound/DirectAudioDevice$DirectDL$Balance done
Event: 137.083 Loading class com/sun/media/sound/DirectAudioDevice$DirectDL$Pan
Event: 137.083 Loading class com/sun/media/sound/DirectAudioDevice$DirectDL$Pan done
Event: 137.083 Loading class javax/sound/sampled/LineEvent
Event: 137.083 Loading class javax/sound/sampled/LineEvent done
Event: 137.083 Loading class javax/sound/sampled/LineEvent$Type
Event: 137.083 Loading class javax/sound/sampled/LineEvent$Type done
Event: 137.083 Loading class com/sun/media/sound/EventDispatcher
Event: 137.084 Loading class com/sun/media/sound/EventDispatcher done
Event: 139.902 Loading class java/util/DualPivotQuicksort$PartitionOperation
Event: 139.902 Loading class java/util/DualPivotQuicksort$PartitionOperation done
Event: 180.360 Loading class java/util/DualPivotQuicksort$Sorter
Event: 180.361 Loading class java/util/DualPivotQuicksort$Sorter done

Classes unloaded (10 events):
Event: 14.936 Thread 0x0000000b708a5e00 Unloading class 0x00001c0002400400 'java/lang/invoke/LambdaForm$DMH+0x00001c0002400400'
Event: 135.416 Thread 0x0000000b708a5e00 Unloading class 0x00001c0003fdd000 'java/lang/invoke/LambdaForm$DMH+0x00001c0003fdd000'
Event: 135.416 Thread 0x0000000b708a5e00 Unloading class 0x00001c0003fb5400 'java/lang/invoke/LambdaForm$DMH+0x00001c0003fb5400'
Event: 135.416 Thread 0x0000000b708a5e00 Unloading class 0x00001c0003fb4c00 'java/lang/invoke/LambdaForm$MH+0x00001c0003fb4c00'
Event: 135.416 Thread 0x0000000b708a5e00 Unloading class 0x00001c0003fb4000 'java/lang/invoke/LambdaForm$DMH+0x00001c0003fb4000'
Event: 135.416 Thread 0x0000000b708a5e00 Unloading class 0x00001c0003b80400 'java/lang/invoke/LambdaForm$DMH+0x00001c0003b80400'
Event: 135.416 Thread 0x0000000b708a5e00 Unloading class 0x00001c00038c4400 'java/lang/invoke/LambdaForm$DMH+0x00001c00038c4400'
Event: 150.102 Thread 0x0000000b708a5e00 Unloading class 0x00001c0004040800 'java/lang/invoke/LambdaForm$DMH+0x00001c0004040800'
Event: 150.102 Thread 0x0000000b708a5e00 Unloading class 0x00001c0004040000 'java/lang/invoke/LambdaForm$DMH+0x00001c0004040000'
Event: 150.102 Thread 0x0000000b708a5e00 Unloading class 0x00001c0004024400 'java/lang/invoke/LambdaForm$DMH+0x00001c0004024400'

Classes redefined (0 events):
No events

Internal exceptions (20 events):
Event: 182.593 Thread 0x0000000b344fc000 Exception <a 'sun/nio/fs/UnixException'{0x0000000791cec938}> (0x0000000791cec938) 
thrown [src/hotspot/share/prims/jni.cpp, line 516]
Event: 182.594 Thread 0x0000000b344fc000 Exception <a 'sun/nio/fs/UnixException'{0x0000000791cecbc0}> (0x0000000791cecbc0) 
thrown [src/hotspot/share/prims/jni.cpp, line 516]
Event: 182.594 Thread 0x0000000b344fc000 Exception <a 'sun/nio/fs/UnixException'{0x0000000791cece48}> (0x0000000791cece48) 
thrown [src/hotspot/share/prims/jni.cpp, line 516]
Event: 182.594 Thread 0x0000000b344fc000 Exception <a 'sun/nio/fs/UnixException'{0x0000000791ced4d0}> (0x0000000791ced4d0) 
thrown [src/hotspot/share/prims/jni.cpp, line 516]
Event: 182.594 Thread 0x0000000b344fc000 Exception <a 'sun/nio/fs/UnixException'{0x0000000791ced758}> (0x0000000791ced758) 
thrown [src/hotspot/share/prims/jni.cpp, line 516]
Event: 182.594 Thread 0x0000000b344fc000 Exception <a 'sun/nio/fs/UnixException'{0x0000000791ced9e0}> (0x0000000791ced9e0) 
thrown [src/hotspot/share/prims/jni.cpp, line 516]
Event: 182.594 Thread 0x0000000b344fc000 Exception <a 'sun/nio/fs/UnixException'{0x0000000791cedc68}> (0x0000000791cedc68) 
thrown [src/hotspot/share/prims/jni.cpp, line 516]
Event: 182.594 Thread 0x0000000b344fc000 Exception <a 'sun/nio/fs/UnixException'{0x0000000791cedf20}> (0x0000000791cedf20) 
thrown [src/hotspot/share/prims/jni.cpp, line 516]
Event: 182.595 Thread 0x0000000b344fca00 Exception <a 'sun/nio/fs/UnixException'{0x0000000792001ba0}> (0x0000000792001ba0) 
thrown [src/hotspot/share/prims/jni.cpp, line 516]
Event: 182.598 Thread 0x0000000b344fca00 Exception <a 'sun/nio/fs/UnixException'{0x00000007920022f0}> (0x00000007920022f0) 
thrown [src/hotspot/share/prims/jni.cpp, line 516]
Event: 182.598 Thread 0x0000000b344fca00 Exception <a 'sun/nio/fs/UnixException'{0x0000000792002578}> (0x0000000792002578) 
thrown [src/hotspot/share/prims/jni.cpp, line 516]
Event: 182.601 Thread 0x0000000b344fca00 Exception <a 'sun/nio/fs/UnixException'{0x0000000792002b60}> (0x0000000792002b60) 
thrown [src/hotspot/share/prims/jni.cpp, line 516]
Event: 182.602 Thread 0x0000000b344fca00 Exception <a 'sun/nio/fs/UnixException'{0x0000000792002e18}> (0x0000000792002e18) 
thrown [src/hotspot/share/prims/jni.cpp, line 516]
Event: 182.602 Thread 0x0000000b344fca00 Exception <a 'sun/nio/fs/UnixException'{0x00000007920030a0}> (0x00000007920030a0) 
thrown [src/hotspot/share/prims/jni.cpp, line 516]
Event: 182.603 Thread 0x0000000b344fca00 Exception <a 'sun/nio/fs/UnixException'{0x0000000792003358}> (0x0000000792003358) 
thrown [src/hotspot/share/prims/jni.cpp, line 516]
Event: 182.603 Thread 0x0000000b344fca00 Exception <a 'sun/nio/fs/UnixException'{0x0000000791fd4950}> (0x0000000791fd4950) 
thrown [src/hotspot/share/prims/jni.cpp, line 516]
Event: 182.604 Thread 0x0000000b344fca00 Exception <a 'sun/nio/fs/UnixException'{0x0000000791fd4c08}> (0x0000000791fd4c08) 
thrown [src/hotspot/share/prims/jni.cpp, line 516]
Event: 182.604 Thread 0x0000000b344fca00 Exception <a 'sun/nio/fs/UnixException'{0x0000000791fd4ec0}> (0x0000000791fd4ec0) 
thrown [src/hotspot/share/prims/jni.cpp, line 516]
Event: 182.606 Thread 0x0000000b344fca00 Exception <a 'sun/nio/fs/UnixException'{0x0000000791fd5178}> (0x0000000791fd5178) 
thrown [src/hotspot/share/prims/jni.cpp, line 516]
Event: 185.797 Thread 0x0000000104e33ab0 Implicit null exception at 0x0000000119cbb854 to 0x0000000119cbbcb0

VM Operations (20 events):
Event: 173.548 Executing non-safepoint VM operation: HandshakeAllThreads (Deoptimize)
Event: 173.548 Executing non-safepoint VM operation: HandshakeAllThreads (Deoptimize) done
Event: 173.555 Executing non-safepoint VM operation: HandshakeAllThreads (Deoptimize)
Event: 173.555 Executing non-safepoint VM operation: HandshakeAllThreads (Deoptimize) done
Event: 173.564 Executing non-safepoint VM operation: HandshakeAllThreads (Deoptimize)
Event: 173.564 Executing non-safepoint VM operation: HandshakeAllThreads (Deoptimize) done
Event: 173.956 Executing non-safepoint VM operation: HandshakeAllThreads (Deoptimize)
Event: 173.956 Executing non-safepoint VM operation: HandshakeAllThreads (Deoptimize) done
Event: 180.383 Executing non-safepoint VM operation: HandshakeAllThreads (HandshakeForDeflation)
Event: 180.383 Executing non-safepoint VM operation: HandshakeAllThreads (HandshakeForDeflation) done
Event: 180.383 Executing non-safepoint VM operation: RendezvousGCThreads
Event: 180.383 Executing non-safepoint VM operation: RendezvousGCThreads done
Event: 180.715 Executing safepoint VM operation: G1CollectForAllocation (G1 Evacuation Pause)
Event: 180.772 Executing safepoint VM operation: G1CollectForAllocation (G1 Evacuation Pause) done
Event: 182.050 Executing safepoint VM operation: G1TryInitiateConcMark (CodeCache GC Threshold)
Event: 182.063 Executing safepoint VM operation: G1TryInitiateConcMark (CodeCache GC Threshold) done
Event: 182.935 Executing safepoint VM operation: G1PauseRemark
Event: 182.988 Executing safepoint VM operation: G1PauseRemark done
Event: 183.266 Executing safepoint VM operation: G1PauseCleanup
Event: 183.266 Executing safepoint VM operation: G1PauseCleanup done

Memory protections (20 events):
Event: 186.147 Protecting memory [0x0000000306cd4000,0x0000000306ce0000] with protection modes 0
Event: 186.147 Protecting memory [0x0000000306ee0000,0x0000000306eec000] with protection modes 0
Event: 186.147 Protecting memory [0x00000003070ec000,0x00000003070f8000] with protection modes 0
Event: 186.148 Protecting memory [0x00000003072f8000,0x0000000307304000] with protection modes 0
Event: 186.148 Protecting memory [0x0000000307504000,0x0000000307510000] with protection modes 0
Event: 186.148 Protecting memory [0x0000000307710000,0x000000030771c000] with protection modes 0
Event: 186.148 Protecting memory [0x0000000308284000,0x0000000308290000] with protection modes 0
Event: 186.148 Protecting memory [0x0000000308490000,0x000000030849c000] with protection modes 0
Event: 186.148 Protecting memory [0x000000030869c000,0x00000003086a8000] with protection modes 0
Event: 186.148 Protecting memory [0x00000003088a8000,0x00000003088b4000] with protection modes 0
Event: 186.197 Protecting memory [0x0000000306ee0000,0x0000000306eec000] with protection modes 3
Event: 186.197 Protecting memory [0x0000000308490000,0x000000030849c000] with protection modes 3
Event: 186.197 Protecting memory [0x000000030869c000,0x00000003086a8000] with protection modes 3
Event: 186.197 Protecting memory [0x0000000306cd4000,0x0000000306ce0000] with protection modes 3
Event: 186.197 Protecting memory [0x00000003088a8000,0x00000003088b4000] with protection modes 3
Event: 186.197 Protecting memory [0x00000003070ec000,0x00000003070f8000] with protection modes 3
Event: 186.197 Protecting memory [0x00000003072f8000,0x0000000307304000] with protection modes 3
Event: 186.197 Protecting memory [0x0000000308284000,0x0000000308290000] with protection modes 3
Event: 186.197 Protecting memory [0x0000000307710000,0x000000030771c000] with protection modes 3
Event: 186.197 Protecting memory [0x0000000307504000,0x0000000307510000] with protection modes 3

Nmethod flushes (20 events):
Event: 182.978 Thread 0x0000000b708a5e00 flushing  nmethod 0x0000000114a6a648
Event: 182.978 Thread 0x0000000b708a5e00 flushing  nmethod 0x0000000114a6a948
Event: 182.978 Thread 0x0000000b708a5e00 flushing  nmethod 0x0000000114a6abc8
Event: 182.978 Thread 0x0000000b708a5e00 flushing  nmethod 0x0000000114a6ae48
Event: 182.978 Thread 0x0000000b708a5e00 flushing  nmethod 0x0000000114a9aac8
Event: 182.978 Thread 0x0000000b708a5e00 flushing  nmethod 0x0000000114a9c148
Event: 182.978 Thread 0x0000000b708a5e00 flushing  nmethod 0x0000000114a9c4c8
Event: 182.978 Thread 0x0000000b708a5e00 flushing  nmethod 0x0000000114a9c748
Event: 182.978 Thread 0x0000000b708a5e00 flushing  nmethod 0x0000000114ac1c88
Event: 182.978 Thread 0x0000000b708a5e00 flushing  nmethod 0x0000000114ac1ec8
Event: 182.978 Thread 0x0000000b708a5e00 flushing  nmethod 0x0000000114af0508
Event: 182.978 Thread 0x0000000b708a5e00 flushing  nmethod 0x0000000114af2e88
Event: 182.978 Thread 0x0000000b708a5e00 flushing  nmethod 0x0000000114af34c8
Event: 182.978 Thread 0x0000000b708a5e00 flushing  nmethod 0x0000000114af3748
Event: 182.978 Thread 0x0000000b708a5e00 flushing  nmethod 0x0000000114af3d08
Event: 182.978 Thread 0x0000000b708a5e00 flushing  nmethod 0x0000000114af4348
Event: 182.978 Thread 0x0000000b708a5e00 flushing  nmethod 0x0000000114b137c8
Event: 182.978 Thread 0x0000000b708a5e00 flushing  nmethod 0x0000000114b15008
Event: 182.978 Thread 0x0000000b708a5e00 flushing  nmethod 0x0000000114b17708
Event: 182.978 Thread 0x0000000b708a5e00 flushing  nmethod 0x0000000114b17b88

Events (20 events):
Event: 186.147 Thread 0x0000000104e33ab0 Thread added: 0x0000000b70e58000
Event: 186.147 Thread 0x0000000104e33ab0 Thread added: 0x0000000b690cb200
Event: 186.147 Thread 0x0000000104e33ab0 Thread added: 0x0000000b690c8000
Event: 186.147 Thread 0x0000000104e33ab0 Thread added: 0x0000000b690c9400
Event: 186.148 Thread 0x0000000104e33ab0 Thread added: 0x0000000b341b5e00
Event: 186.148 Thread 0x0000000104e33ab0 Thread added: 0x0000000b341b5400
Event: 186.148 Thread 0x0000000104e33ab0 Thread added: 0x0000000b32b80a00
Event: 186.148 Thread 0x0000000104e33ab0 Thread added: 0x0000000b332ef200
Event: 186.148 Thread 0x0000000104e33ab0 Thread added: 0x0000000b6e609e00
Event: 186.148 Thread 0x0000000104e33ab0 Thread added: 0x0000000b6f411400
Event: 186.197 Thread 0x0000000b690cb200 Thread exited: 0x0000000b690cb200
Event: 186.197 Thread 0x0000000b6e609e00 Thread exited: 0x0000000b6e609e00
Event: 186.197 Thread 0x0000000b332ef200 Thread exited: 0x0000000b332ef200
Event: 186.197 Thread 0x0000000b70e58000 Thread exited: 0x0000000b70e58000
Event: 186.197 Thread 0x0000000b6f411400 Thread exited: 0x0000000b6f411400
Event: 186.197 Thread 0x0000000b690c8000 Thread exited: 0x0000000b690c8000
Event: 186.197 Thread 0x0000000b690c9400 Thread exited: 0x0000000b690c9400
Event: 186.197 Thread 0x0000000b32b80a00 Thread exited: 0x0000000b32b80a00
Event: 186.197 Thread 0x0000000b341b5400 Thread exited: 0x0000000b341b5400
Event: 186.197 Thread 0x0000000b341b5e00 Thread exited: 0x0000000b341b5e00


Dynamic libraries:
0x00000001044f0000 	/Users/charlieichikowitz/Library/Application Support/ModrinthApp/meta/java_versions/zulu25.34.17-ca-jre25.0.3-macosx_aarch64/Contents/Home/lib/libjli.dylib
0x00000001aa5b8000 	/System/Library/Frameworks/ApplicationServices.framework/Versions/A/ApplicationServices
0x00000001946a8000 	/System/Library/Frameworks/CoreGraphics.framework/Versions/A/CoreGraphics
0x0000000190826000 	/System/Library/Frameworks/CoreText.framework/Versions/A/CoreText
0x000000019aa3f000 	/System/Library/Frameworks/ImageIO.framework/Versions/A/ImageIO
0x0000000194dfe000 	/System/Library/Frameworks/ColorSync.framework/Versions/A/ColorSync
0x00000001a199a000 	/System/Library/Frameworks/ApplicationServices.framework/Versions/A/Frameworks/ATS.framework/Versions/A/ATS
0x00000001a5ede000 	/System/Library/Frameworks/CoreServices.framework/Versions/A/CoreServices
0x0000000194fa6000 	/System/Library/Frameworks/ApplicationServices.framework/Versions/A/Frameworks/HIServices.framework/Versions/A/HIServices
0x00000001a0068000 	/System/Library/Frameworks/ApplicationServices.framework/Versions/A/Frameworks/PrintCore.framework/Versions/A/PrintCore
0x00000001a1d53000 	/System/Library/Frameworks/ApplicationServices.framework/Versions/A/Frameworks/QD.framework/Versions/A/QD
0x00000001a1d4e000 	/System/Library/Frameworks/ApplicationServices.framework/Versions/A/Frameworks/ColorSyncLegacy.framework/Versions/A/ColorSyncLegacy
0x00000001a196c000 	/System/Library/Frameworks/ApplicationServices.framework/Versions/A/Frameworks/SpeechSynthesis.framework/Versions/A/SpeechSynthesis
0x000000019d75a000 	/usr/lib/libSystem.B.dylib
0x00000001940f1000 	/System/Library/PrivateFrameworks/SkyLight.framework/Versions/A/SkyLight
0x00000001957e8000 	/System/Library/PrivateFrameworks/ProtocolBuffer.framework/Versions/A/ProtocolBuffer
0x000000019d75e000 	/System/Library/PrivateFrameworks/SoftLinking.framework/Versions/A/SoftLinking
0x0000000191606000 	/usr/lib/libicucore.A.dylib
0x0000000197495000 	/System/Library/PrivateFrameworks/CoreAnalytics.framework/Versions/A/CoreAnalytics
0x000000019a41a000 	/System/Library/PrivateFrameworks/FontServices.framework/libFontParser.dylib
0x00000001a615d000 	/System/Library/Frameworks/Accelerate.framework/Versions/A/Accelerate
0x0000000199f4c000 	/System/Library/Frameworks/IOSurface.framework/Versions/A/IOSurface
0x00000001981d8000 	/usr/lib/libxml2.2.dylib
0x0000000193c62000 	/System/Library/Frameworks/CFNetwork.framework/Versions/A/CFNetwork
0x000000018d93f000 	/System/Library/Frameworks/CoreFoundation.framework/Versions/A/CoreFoundation
0x000000018f1ae000 	/System/Library/Frameworks/Foundation.framework/Versions/C/Foundation
0x000000019d6a4000 	/usr/lib/libz.1.dylib
0x000000018d48c000 	/usr/lib/libobjc.A.dylib
0x000000018d80f000 	/usr/lib/libc++.1.dylib
0x00000001911e6000 	/System/Library/Frameworks/Security.framework/Versions/A/Security
0x0000000246a7f000 	/System/Library/PrivateFrameworks/CollectionsInternal.framework/Versions/A/CollectionsInternal
0x00000001a104f000 	/usr/lib/swift/libswiftCore.dylib
0x00000001bb318000 	/usr/lib/swift/libswiftCoreFoundation.dylib
0x00000001a7c55000 	/usr/lib/swift/libswiftDispatch.dylib
0x00000001bb379000 	/usr/lib/swift/libswiftIOKit.dylib
0x00000001aac2f000 	/usr/lib/swift/libswiftObjectiveC.dylib
0x00000001bb32b000 	/usr/lib/swift/libswiftXPC.dylib
0x000000029300e000 	/usr/lib/swift/libswift_Builtin_float.dylib
0x000000024373b000 	/System/Library/PrivateFrameworks/BiomeLibrary.framework/Versions/A/BiomeLibrary
0x0000000195a8a000 	/System/Library/PrivateFrameworks/BaseBoard.framework/Versions/A/BaseBoard
0x00000001a7fb6000 	/System/Library/PrivateFrameworks/BoardServices.framework/Versions/A/BoardServices
0x00000001a9e85000 	/System/Library/PrivateFrameworks/BackBoardServices.framework/Versions/A/BackBoardServices
0x0000000243640000 	/System/Library/PrivateFrameworks/BackBoardHIDEventFoundation.framework/Versions/A/BackBoardHIDEventFoundation
0x00000001982bf000 	/System/Library/Frameworks/CoreVideo.framework/Versions/A/CoreVideo
0x00000001974c5000 	/usr/lib/libDiagnosticMessagesClient.dylib
0x0000000190342000 	/System/Library/Frameworks/CoreDisplay.framework/Versions/A/CoreDisplay
0x000000019c9ad000 	/usr/lib/libbsm.0.dylib
0x000000019f9c1000 	/System/Library/Frameworks/VideoToolbox.framework/Versions/A/VideoToolbox
0x000000019d9fd000 	/System/Library/Frameworks/MetalPerformanceShaders.framework/Versions/A/MetalPerformanceShaders
0x000000019c65c000 	/System/Library/PrivateFrameworks/IOMobileFramebuffer.framework/Versions/A/IOMobileFramebuffer
0x00000002719cf000 	/System/Library/PrivateFrameworks/ProDisplayLibrary.framework/Versions/A/ProDisplayLibrary
0x00000001adcba000 	/System/Library/PrivateFrameworks/IOSurfaceAccelerator.framework/Versions/A/IOSurfaceAccelerator
0x0000000195b7c000 	/System/Library/PrivateFrameworks/RunningBoardServices.framework/Versions/A/RunningBoardServices
0x000000018ee1d000 	/System/Library/Frameworks/SystemConfiguration.framework/Versions/A/SystemConfiguration
0x0000000199f74000 	/System/Library/Frameworks/Metal.framework/Versions/A/Metal
0x0000000199f69000 	/System/Library/PrivateFrameworks/IOAccelerator.framework/Versions/A/IOAccelerator
0x000000019a278000 	/System/Library/Frameworks/CoreMedia.framework/Versions/A/CoreMedia
0x00000001940cd000 	/System/Library/PrivateFrameworks/TCC.framework/Versions/A/TCC
0x0000000194035000 	/usr/lib/libMobileGestalt.dylib
0x000000019f979000 	/System/Library/PrivateFrameworks/WatchdogClient.framework/Versions/A/WatchdogClient
0x00000001979ef000 	/System/Library/Frameworks/QuartzCore.framework/Versions/A/QuartzCore
0x0000000191c5e000 	/System/Library/Frameworks/IOKit.framework/Versions/A/IOKit
0x000000019da05000 	/usr/lib/libcompression.dylib
0x000000019f97b000 	/System/Library/PrivateFrameworks/MultitouchSupport.framework/Versions/A/MultitouchSupport
0x00000001d31bc000 	/usr/lib/swift/libswiftAccelerate.dylib
0x00000001bb2f8000 	/usr/lib/swift/libswiftCoreAudio.dylib
0x00000001d734d000 	/usr/lib/swift/libswiftCoreMedia.dylib
0x00000001c92ee000 	/usr/lib/swift/libswiftMetal.dylib
0x00000001d8b00000 	/usr/lib/swift/libswiftOSLog.dylib
0x00000001ce714000 	/usr/lib/swift/libswiftQuartzCore.dylib
0x00000001d31ac000 	/usr/lib/swift/libswiftUniformTypeIdentifiers.dylib
0x0000000292ff6000 	/usr/lib/swift/libswiftVideoToolbox.dylib
0x00000001aac33000 	/usr/lib/swift/libswiftos.dylib
0x00000001bee72000 	/usr/lib/swift/libswiftsimd.dylib
0x00000001ca361000 	/System/Library/PrivateFrameworks/BiomeStreams.framework/Versions/A/BiomeStreams
0x00000001d066f000 	/System/Library/PrivateFrameworks/BiomeStorage.framework/Versions/A/BiomeStorage
0x00000001c63b0000 	/System/Library/PrivateFrameworks/BiomeFoundation.framework/Versions/A/BiomeFoundation
0x000000025fe80000 	/System/Library/PrivateFrameworks/IntelligencePlatformLibrary.framework/Versions/A/IntelligencePlatformLibrary
0x0000000195804000 	/usr/lib/libsqlite3.dylib
0x0000000270793000 	/System/Library/PrivateFrameworks/PoirotSchematizer.framework/Versions/A/PoirotSchematizer
0x0000000243ff6000 	/System/Library/PrivateFrameworks/BiomeSync.framework/Versions/A/BiomeSync
0x0000000243721000 	/System/Library/PrivateFrameworks/BiomeDSL.framework/Versions/A/BiomeDSL
0x00000001d060e000 	/System/Library/PrivateFrameworks/BiomePubSub.framework/Versions/A/BiomePubSub
0x00000001bb1d8000 	/System/Library/PrivateFrameworks/LoggingSupport.framework/Versions/A/LoggingSupport
0x00000001abb9a000 	/System/Library/PrivateFrameworks/ProactiveSupport.framework/Versions/A/ProactiveSupport
0x00000001e97c9000 	/System/Library/PrivateFrameworks/FeatureFlags.framework/Versions/A/FeatureFlags
0x00000001e15be000 	/System/Library/PrivateFrameworks/InternalSwiftProtobuf.framework/Versions/A/InternalSwiftProtobuf
0x0000000270801000 	/System/Library/PrivateFrameworks/PoirotUDFs.framework/Versions/A/PoirotUDFs
0x000000029313f000 	/usr/lib/swift/libswift_StringProcessing.dylib
0x000000019d754000 	/usr/lib/system/libcache.dylib
0x000000019d70f000 	/usr/lib/system/libcommonCrypto.dylib
0x000000019d73a000 	/usr/lib/system/libcompiler_rt.dylib
0x000000019d72f000 	/usr/lib/system/libcopyfile.dylib
0x000000018d642000 	/usr/lib/system/libcorecrypto.dylib
0x000000018d742000 	/usr/lib/system/libdispatch.dylib
0x000000018d4df000 	/usr/lib/system/libdyld.dylib
0x000000019d74a000 	/usr/lib/system/libkeymgr.dylib
0x000000019d6f2000 	/usr/lib/system/libmacho.dylib
0x000000019c985000 	/usr/lib/system/libquarantine.dylib
0x000000019d747000 	/usr/lib/system/libremovefile.dylib
0x00000001940b5000 	/usr/lib/system/libsystem_asl.dylib
0x000000018d5c8000 	/usr/lib/system/libsystem_blocks.dylib
0x000000018d78d000 	/usr/lib/system/libsystem_c.dylib
0x000000019d73e000 	/usr/lib/system/libsystem_collections.dylib
0x000000019b325000 	/usr/lib/system/libsystem_configuration.dylib
0x0000000199f13000 	/usr/lib/system/libsystem_containermanager.dylib
0x000000019d124000 	/usr/lib/system/libsystem_coreservices.dylib
0x00000001918dc000 	/usr/lib/system/libsystem_darwin.dylib
0x0000000293330000 	/usr/lib/system/libsystem_darwindirectory.dylib
0x000000019d74b000 	/usr/lib/system/libsystem_dnssd.dylib
0x0000000293334000 	/usr/lib/system/libsystem_eligibility.dylib
0x000000018d78a000 	/usr/lib/system/libsystem_featureflags.dylib
0x000000018d90f000 	/usr/lib/system/libsystem_info.dylib
0x000000019d6b3000 	/usr/lib/system/libsystem_m.dylib
0x000000018d6f1000 	/usr/lib/system/libsystem_malloc.dylib
0x0000000194018000 	/usr/lib/system/libsystem_networkextension.dylib
0x0000000191d47000 	/usr/lib/system/libsystem_notify.dylib
0x000000019b32a000 	/usr/lib/system/libsystem_sandbox.dylib
0x000000029333f000 	/usr/lib/system/libsystem_sanitizers.dylib
0x000000019d743000 	/usr/lib/system/libsystem_secinit.dylib
0x000000018d8bb000 	/usr/lib/system/libsystem_kernel.dylib
0x000000018d906000 	/usr/lib/system/libsystem_platform.dylib
0x000000018d8f9000 	/usr/lib/system/libsystem_pthread.dylib
0x0000000195c6e000 	/usr/lib/system/libsystem_symptoms.dylib
0x000000018d621000 	/usr/lib/system/libsystem_trace.dylib
0x0000000293347000 	/usr/lib/system/libsystem_trial.dylib
0x000000019d71d000 	/usr/lib/system/libunwind.dylib
0x000000018d5cc000 	/usr/lib/system/libxpc.dylib
0x000000018d8a0000 	/usr/lib/libc++abi.dylib
0x000000029171d000 	/usr/lib/libRosetta.dylib
0x0000000292b99000 	/usr/lib/libswiftPrespecialized.dylib
0x000000019818f000 	/System/Library/PrivateFrameworks/CoreAutoLayout.framework/Versions/A/CoreAutoLayout
0x000000019d75c000 	/usr/lib/libfakelink.dylib
0x00000001975c0000 	/System/Library/Frameworks/DiskArbitration.framework/Versions/A/DiskArbitration
0x000000019d7af000 	/usr/lib/libarchive.2.dylib
0x000000019b338000 	/usr/lib/liblangid.dylib
0x00000001a3b50000 	/System/Library/Frameworks/Combine.framework/Versions/A/Combine
0x0000000272ac5000 	/System/Library/PrivateFrameworks/ReflectionInternal.framework/Versions/A/ReflectionInternal
0x0000000273a19000 	/System/Library/PrivateFrameworks/RuntimeInternal.framework/Versions/A/RuntimeInternal
0x00000001b80db000 	/usr/lib/swift/libswiftDarwin.dylib
0x0000000292fdc000 	/usr/lib/swift/libswiftSystem.dylib
0x000000029300f000 	/usr/lib/swift/libswift_Concurrency.dylib
0x000000029309b000 	/usr/lib/swift/libswift_DarwinFoundation1.dylib
0x0000000191bde000 	/System/Library/PrivateFrameworks/CoreServicesInternal.framework/Versions/A/CoreServicesInternal
0x000000019d727000 	/usr/lib/liboah.dylib
0x00000001aa063000 	/System/Library/PrivateFrameworks/DiskImages.framework/Versions/A/DiskImages
0x00000001b7b7f000 	/System/Library/Frameworks/NetFS.framework/Versions/A/NetFS
0x0000000198154000 	/System/Library/Frameworks/CoreServices.framework/Versions/A/Frameworks/FSEvents.framework/Versions/A/FSEvents
0x00000001918e6000 	/System/Library/Frameworks/CoreServices.framework/Versions/A/Frameworks/CarbonCore.framework/Versions/A/CarbonCore
0x0000000197534000 	/System/Library/Frameworks/CoreServices.framework/Versions/A/Frameworks/Metadata.framework/Versions/A/Metadata
0x000000019d12b000 	/System/Library/Frameworks/CoreServices.framework/Versions/A/Frameworks/OSServices.framework/Versions/A/OSServices
0x000000019d8a7000 	/System/Library/Frameworks/CoreServices.framework/Versions/A/Frameworks/SearchKit.framework/Versions/A/SearchKit
0x0000000195be8000 	/System/Library/Frameworks/CoreServices.framework/Versions/A/Frameworks/AE.framework/Versions/A/AE
0x000000018de9e000 	/System/Library/Frameworks/CoreServices.framework/Versions/A/Frameworks/LaunchServices.framework/Versions/A/LaunchServices
0x000000019ecb0000 	/System/Library/Frameworks/CoreServices.framework/Versions/A/Frameworks/DictionaryServices.framework/Versions/A/DictionaryServices
0x0000000198161000 	/System/Library/Frameworks/CoreServices.framework/Versions/A/Frameworks/SharedFileList.framework/Versions/A/SharedFileList
0x000000019d93a000 	/usr/lib/libapple_nghttp2.dylib
0x00000001959ed000 	/System/Library/Frameworks/Accounts.framework/Versions/A/Accounts
0x00000001aa2a5000 	/System/Library/PrivateFrameworks/AppSupport.framework/Versions/A/AppSupport
0x00000001ba0ca000 	/System/Library/Frameworks/AVFoundation.framework/Versions/A/AVFoundation
0x00000001a1d8a000 	/System/Library/Frameworks/GSS.framework/Versions/A/GSS
0x00000001a0172000 	/System/Library/PrivateFrameworks/InternationalSupport.framework/Versions/A/InternationalSupport
0x00000001aabb7000 	/System/Library/PrivateFrameworks/StreamingZip.framework/Versions/A/StreamingZip
0x0000000194033000 	/usr/lib/libenergytrace.dylib
0x0000000195c77000 	/System/Library/Frameworks/Network.framework/Versions/A/Network
0x000000019d6f6000 	/usr/lib/system/libkxld.dylib
0x0000000242051000 	/System/Library/PrivateFrameworks/AppleKeyStore.framework/Versions/A/AppleKeyStore
0x000000029141f000 	/usr/lib/libCoreEntitlements.dylib
0x0000000267191000 	/System/Library/PrivateFrameworks/MessageSecurity.framework/Versions/A/MessageSecurity
0x00000001a7064000 	/System/Library/PrivateFrameworks/SymptomDiagnosticReporter.framework/Versions/A/SymptomDiagnosticReporter
0x000000019eef5000 	/System/Library/PrivateFrameworks/CrashReporterSupport.framework/Versions/A/CrashReporterSupport
0x000000019d10b000 	/System/Library/PrivateFrameworks/AppleFSCompression.framework/Versions/A/AppleFSCompression
0x000000019c995000 	/usr/lib/libcoretls.dylib
0x000000019ed26000 	/usr/lib/libcoretls_cfhelpers.dylib
0x000000019d9ff000 	/usr/lib/libpam.2.dylib
0x000000019ed9c000 	/usr/lib/libxar.1.dylib
0x000000019ed28000 	/System/Library/PrivateFrameworks/APFS.framework/Versions/A/APFS
0x000000027f19f000 	/System/Library/PrivateFrameworks/SwiftASN1Internal.framework/Versions/A/SwiftASN1Internal
0x000000019edab000 	/usr/lib/libutil.dylib
0x000000019b333000 	/System/Library/PrivateFrameworks/AppleSystemInfo.framework/Versions/A/AppleSystemInfo
0x00000001a99c3000 	/System/Library/PrivateFrameworks/CoreWiFi.framework/Versions/A/CoreWiFi
0x00000001a1ded000 	/System/Library/PrivateFrameworks/MobileAsset.framework/Versions/A/MobileAsset
0x00000001a7074000 	/System/Library/PrivateFrameworks/PowerLog.framework/Versions/A/PowerLog
0x00000001a8536000 	/System/Library/PrivateFrameworks/Rapport.framework/Versions/A/Rapport
0x000000023abfa000 	/System/Library/Frameworks/SwiftData.framework/Versions/A/SwiftData
0x0000000193696000 	/System/Library/Frameworks/UniformTypeIdentifiers.framework/Versions/A/UniformTypeIdentifiers
0x0000000198381000 	/System/Library/PrivateFrameworks/UserManagement.framework/Versions/A/UserManagement
0x0000000193b89000 	/usr/lib/libboringssl.dylib
0x0000000195c5c000 	/usr/lib/libdns_services.dylib
0x00000001ba1fe000 	/usr/lib/libquic.dylib
0x00000001a0fe0000 	/usr/lib/libusrtcp.dylib
0x0000000242f0b000 	/System/Library/PrivateFrameworks/AtomicsInternal.framework/Versions/A/AtomicsInternal
0x0000000292e63000 	/usr/lib/swift/libswiftDistributed.dylib
0x0000000292e8c000 	/usr/lib/swift/libswiftObservation.dylib
0x0000000292fc8000 	/usr/lib/swift/libswiftSynchronization.dylib
0x000000019b331000 	/System/Library/PrivateFrameworks/AggregateDictionary.framework/Versions/A/AggregateDictionary
0x00000001953fa000 	/System/Library/Frameworks/CoreData.framework/Versions/A/CoreData
0x000000023cc58000 	/System/Library/Frameworks/_LocationEssentials.framework/Versions/A/_LocationEssentials
0x000000019ed07000 	/usr/lib/liblzma.5.dylib
0x000000019c88e000 	/System/Library/PrivateFrameworks/MobileKeyBag.framework/Versions/A/MobileKeyBag
0x00000001aa5b9000 	/System/Library/PrivateFrameworks/InternationalTextSearch.framework/Versions/A/InternationalTextSearch
0x00000001c2883000 	/System/Library/PrivateFrameworks/SoftwareUpdateCoreSupport.framework/Versions/A/SoftwareUpdateCoreSupport
0x00000001cae00000 	/System/Library/PrivateFrameworks/SoftwareUpdateCoreConnect.framework/Versions/A/SoftwareUpdateCoreConnect
0x00000001aa15d000 	/System/Library/PrivateFrameworks/RemoteServiceDiscovery.framework/Versions/A/RemoteServiceDiscovery
0x00000001c245a000 	/System/Library/PrivateFrameworks/MSUDataAccessor.framework/Versions/A/MSUDataAccessor
0x00000001bd3ab000 	/usr/lib/libbootpolicy.dylib
0x00000001aa174000 	/System/Library/PrivateFrameworks/RemoteXPC.framework/Versions/A/RemoteXPC
0x00000001ca235000 	/usr/lib/libFDR.dylib
0x00000001d0210000 	/usr/lib/libamsupport.dylib
0x0000000291715000 	/usr/lib/libReverseProxyDevice.dylib
0x00000002418bf000 	/System/Library/PrivateFrameworks/AppleDeviceQuerySupport.framework/Versions/A/AppleDeviceQuerySupport
0x00000001d33da000 	/usr/lib/libpartition2_dynamic.dylib
0x000000019d916000 	/System/Library/PrivateFrameworks/AppleSauce.framework/Versions/A/AppleSauce
0x00000002912ca000 	/usr/lib/libAppleArchive.dylib
0x000000019d117000 	/usr/lib/libbz2.1.0.dylib
0x00000001975ca000 	/System/Library/Frameworks/Accelerate.framework/Versions/A/Frameworks/vImage.framework/Versions/A/vImage
0x00000001a5eb9000 	/System/Library/Frameworks/Accelerate.framework/Versions/A/Frameworks/vecLib.framework/Versions/A/vecLib
0x000000019ede2000 	/System/Library/Frameworks/Accelerate.framework/Versions/A/Frameworks/vecLib.framework/Versions/A/libvMisc.dylib
0x000000018e3a2000 	/System/Library/Frameworks/Accelerate.framework/Versions/A/Frameworks/vecLib.framework/Versions/A/libBLAS.dylib
0x000000023364d000 	/System/Library/Frameworks/OpenGL.framework/Versions/A/OpenGL
0x0000000255ad0000 	/System/Library/PrivateFrameworks/GPUCompiler.framework/Versions/32023/Libraries/libllvm-flatbuffers.dylib
0x000000025052f000 	/System/Library/PrivateFrameworks/FramePacing.framework/Versions/A/FramePacing
0x000000023363f000 	/System/Library/Frameworks/OpenGL.framework/Versions/A/Libraries/libCoreFSCache.dylib
0x000000025165d000 	/System/Library/PrivateFrameworks/GPUCompiler.framework/Versions/32023/Libraries/libGPUCompilerUtils.dylib
0x000000023369e000 	/System/Library/Frameworks/OpenGL.framework/Versions/A/Libraries/libGLU.dylib
0x0000000233661000 	/System/Library/Frameworks/OpenGL.framework/Versions/A/Libraries/libGFXShared.dylib
0x000000023382e000 	/System/Library/Frameworks/OpenGL.framework/Versions/A/Libraries/libGL.dylib
0x000000023366a000 	/System/Library/Frameworks/OpenGL.framework/Versions/A/Libraries/libGLImage.dylib
0x000000023365e000 	/System/Library/Frameworks/OpenGL.framework/Versions/A/Libraries/libCVMSPluginSupport.dylib
0x0000000233647000 	/System/Library/Frameworks/OpenGL.framework/Versions/A/Libraries/libCoreVMClient.dylib
0x000000019c4ea000 	/System/Library/Frameworks/Accelerate.framework/Versions/A/Frameworks/vecLib.framework/Versions/A/libvDSP.dylib
0x000000019dadf000 	/System/Library/Frameworks/Accelerate.framework/Versions/A/Frameworks/vecLib.framework/Versions/A/libLAPACK.dylib
0x000000019ca21000 	/System/Library/Frameworks/Accelerate.framework/Versions/A/Frameworks/vecLib.framework/Versions/A/libLinearAlgebra.dylib
0x000000019d953000 	/System/Library/Frameworks/Accelerate.framework/Versions/A/Frameworks/vecLib.framework/Versions/A/libSparseBLAS.dylib
0x000000019dada000 	/System/Library/Frameworks/Accelerate.framework/Versions/A/Frameworks/vecLib.framework/Versions/A/libQuadrature.dylib
0x000000019b461000 	/System/Library/Frameworks/Accelerate.framework/Versions/A/Frameworks/vecLib.framework/Versions/A/libBNNS.dylib
0x000000018ecad000 	/System/Library/Frameworks/Accelerate.framework/Versions/A/Frameworks/vecLib.framework/Versions/A/libSparse.dylib
0x0000000261f30000 	/System/Library/PrivateFrameworks/MIL.framework/Versions/A/MIL
0x00000001cd258000 	/System/Library/PrivateFrameworks/OSAnalytics.framework/Versions/A/OSAnalytics
0x000000024e195000 	/System/Library/PrivateFrameworks/DeviceRecovery.framework/Versions/A/DeviceRecovery
0x00000001a83cf000 	/System/Library/PrivateFrameworks/CoreSymbolication.framework/Versions/A/CoreSymbolication
0x00000001dcc16000 	/System/Library/PrivateFrameworks/Symbolication.framework/Versions/A/Symbolication
0x00000001a83ad000 	/System/Library/PrivateFrameworks/DebugSymbols.framework/Versions/A/DebugSymbols
0x00000001bb267000 	/System/Library/PrivateFrameworks/MallocStackLogging.framework/Versions/A/MallocStackLogging
0x00000002930a0000 	/usr/lib/swift/libswift_RegexParser.dylib
0x00000001a3c44000 	/System/Library/PrivateFrameworks/GeoServices.framework/Versions/A/GeoServices
0x00000001a166b000 	/System/Library/PrivateFrameworks/LocationSupport.framework/Versions/A/LocationSupport
0x00000001a6f59000 	/System/Library/Frameworks/CoreBluetooth.framework/Versions/A/CoreBluetooth
0x000000025968a000 	/System/Library/PrivateFrameworks/GeoServicesCore.framework/Versions/A/GeoServicesCore
0x00000001b3e8e000 	/System/Library/PrivateFrameworks/PhoneNumbers.framework/Versions/A/PhoneNumbers
0x00000001a1f64000 	/System/Library/PrivateFrameworks/CorePhoneNumbers.framework/Versions/A/CorePhoneNumbers
0x000000019d794000 	/usr/lib/libiconv.2.dylib
0x000000019d6f1000 	/usr/lib/libcharset.1.dylib
0x00000002356ca000 	/System/Library/Frameworks/ExtensionFoundation.framework/Versions/A/ExtensionFoundation
0x000000019f3d0000 	/System/Library/PrivateFrameworks/AppServerSupport.framework/Versions/A/AppServerSupport
0x000000026c203000 	/System/Library/PrivateFrameworks/OSEligibility.framework/Versions/A/OSEligibility
0x000000019f1d2000 	/System/Library/PrivateFrameworks/IconServices.framework/Versions/A/IconServices
0x0000000236ab1000 	/System/Library/Frameworks/LightweightCodeRequirements.framework/Versions/A/LightweightCodeRequirements
0x000000019f04c000 	/System/Library/PrivateFrameworks/PlugInKit.framework/Versions/A/PlugInKit
0x000000019c8a6000 	/System/Library/PrivateFrameworks/AssertionServices.framework/Versions/A/AssertionServices
0x000000019f773000 	/System/Library/PrivateFrameworks/AppleJPEG.framework/Versions/A/AppleJPEG
0x000000019f14c000 	/usr/lib/libexpat.1.dylib
0x000000019ff3e000 	/System/Library/Frameworks/ImageIO.framework/Versions/A/Resources/libPng.dylib
0x000000019ff69000 	/System/Library/Frameworks/ImageIO.framework/Versions/A/Resources/libTIFF.dylib
0x00000001a0051000 	/System/Library/Frameworks/ImageIO.framework/Versions/A/Resources/libGIF.dylib
0x000000019f7b8000 	/System/Library/Frameworks/ImageIO.framework/Versions/A/Resources/libJP2.dylib
0x000000019ee5c000 	/usr/lib/libate.dylib
0x000000019fff8000 	/System/Library/Frameworks/ImageIO.framework/Versions/A/Resources/libJPEG.dylib
0x000000019ffef000 	/System/Library/Frameworks/ImageIO.framework/Versions/A/Resources/libRadiance.dylib
0x000000029309e000 	/usr/lib/swift/libswift_DarwinFoundation2.dylib
0x000000029309f000 	/usr/lib/swift/libswift_DarwinFoundation3.dylib
0x000000019f171000 	/System/Library/PrivateFrameworks/IconFoundation.framework/Versions/A/IconFoundation
0x000000025ca0c000 	/System/Library/PrivateFrameworks/IconRendering.framework/Versions/A/IconRendering
0x0000000197e56000 	/System/Library/PrivateFrameworks/CoreUI.framework/Versions/A/CoreUI
0x000000019ad80000 	/System/Library/Frameworks/CoreImage.framework/Versions/A/CoreImage
0x0000000273bfe000 	/System/Library/PrivateFrameworks/SFSymbols.framework/Versions/A/SFSymbols
0x0000000235580000 	/System/Library/Frameworks/DeveloperToolsSupport.framework/Versions/A/DeveloperToolsSupport
0x00000001b2256000 	/System/Library/PrivateFrameworks/RenderBox.framework/Versions/A/RenderBox
0x000000019aa01000 	/System/Library/PrivateFrameworks/CoreSVG.framework/Versions/A/CoreSVG
0x00000001a00db000 	/System/Library/PrivateFrameworks/TextureIO.framework/Versions/A/TextureIO
0x00000001bb378000 	/usr/lib/swift/libswiftCoreImage.dylib
0x000000019f380000 	/System/Library/PrivateFrameworks/GraphVisualizer.framework/Versions/A/GraphVisualizer
0x000000025043a000 	/System/Library/PrivateFrameworks/FontServices.framework/Versions/A/FontServices
0x000000019f390000 	/System/Library/PrivateFrameworks/OTSVG.framework/Versions/A/OTSVG
0x0000000197e05000 	/System/Library/Frameworks/ApplicationServices.framework/Versions/A/Frameworks/ATS.framework/Versions/A/Resources/libFontRegistry.dylib
0x00000002921ef000 	/usr/lib/libhvf.dylib
0x000000026ce90000 	/System/Library/PrivateFrameworks/ParsingInternal.framework/Versions/A/ParsingInternal
0x000000025043e000 	/System/Library/PrivateFrameworks/FontServices.framework/libXTFontStaticRegistryData.dylib
0x000000019b26b000 	/System/Library/Frameworks/MetalPerformanceShaders.framework/Versions/A/Frameworks/MPSCore.framework/Versions/A/MPSCore
0x000000019d076000 	/System/Library/Frameworks/MetalPerformanceShaders.framework/Versions/A/Frameworks/MPSImage.framework/Versions/A/MPSImage
0x000000019ca35000 	/System/Library/Frameworks/MetalPerformanceShaders.framework/Versions/A/Frameworks/MPSNeuralNetwork.framework/Versions/A/MPSNeuralNetwork
0x000000019ce74000 	/System/Library/Frameworks/MetalPerformanceShaders.framework/Versions/A/Frameworks/MPSMatrix.framework/Versions/A/MPSMatrix
0x000000019cc8c000 	/System/Library/Frameworks/MetalPerformanceShaders.framework/Versions/A/Frameworks/MPSRayIntersector.framework/Versions/A/MPSRayIntersector
0x000000019cea6000 	/System/Library/Frameworks/MetalPerformanceShaders.framework/Versions/A/Frameworks/MPSNDArray.framework/Versions/A/MPSNDArray
0x0000000237936000 	/System/Library/Frameworks/MetalPerformanceShaders.framework/Versions/A/Frameworks/MPSFunctions.framework/Versions/A/MPSFunctions
0x0000000237917000 	/System/Library/Frameworks/MetalPerformanceShaders.framework/Versions/A/Frameworks/MPSBenchmarkLoop.framework/Versions/A/MPSBenchmarkLoop
0x000000023794a000 	/System/Library/Frameworks/MetalPerformanceShaders.framework/Versions/A/Frameworks/MPSHost.framework/Versions/A/MPSHost
0x000000018e1b9000 	/System/Library/PrivateFrameworks/MetalTools.framework/Versions/A/MetalTools
0x00000001c0599000 	/System/Library/PrivateFrameworks/IOAccelMemoryInfo.framework/Versions/A/IOAccelMemoryInfo
0x00000001ceb07000 	/System/Library/PrivateFrameworks/kperf.framework/Versions/A/kperf
0x00000001bb2f4000 	/System/Library/PrivateFrameworks/GPURawCounter.framework/Versions/A/GPURawCounter
0x00000001abd25000 	/System/Library/PrivateFrameworks/ASEProcessing.framework/Versions/A/ASEProcessing
0x0000000270341000 	/System/Library/PrivateFrameworks/PhotosensitivityProcessing.framework/Versions/A/PhotosensitivityProcessing
0x0000000273c84000 	/System/Library/PrivateFrameworks/SILManager.framework/Versions/A/SILManager
0x00000002828dd000 	/System/Library/PrivateFrameworks/Tightbeam.framework/Versions/A/Tightbeam
0x00000001c92fc000 	/usr/lib/swift/libswiftCompression.dylib
0x00000001d3949000 	/System/Library/PrivateFrameworks/AFKUser.framework/Versions/A/AFKUser
0x00000001a0023000 	/System/Library/Frameworks/ApplicationServices.framework/Versions/A/Frameworks/ATSUI.framework/Versions/A/ATSUI
0x00000001a16fb000 	/System/Library/Frameworks/AudioToolbox.framework/Versions/A/AudioToolbox
0x000000019d4e8000 	/System/Library/Frameworks/UserNotifications.framework/Versions/A/UserNotifications
0x00000001c0d30000 	/System/Library/PrivateFrameworks/SiriInstrumentation.framework/Versions/A/SiriInstrumentation
0x0000000276114000 	/System/Library/PrivateFrameworks/SiriAnalytics.framework/Versions/A/SiriAnalytics
0x00000001be48f000 	/System/Library/PrivateFrameworks/FeedbackLogger.framework/Versions/A/FeedbackLogger
0x00000001d8d99000 	/usr/lib/swift/libswiftAVFoundation.dylib
0x0000000285106000 	/System/Library/PrivateFrameworks/UnifiedAssetFramework.framework/Versions/A/UnifiedAssetFramework
0x0000000190463000 	/System/Library/PrivateFrameworks/AudioToolboxCore.framework/Versions/A/AudioToolboxCore
0x00000001a18d1000 	/System/Library/PrivateFrameworks/AudioSession.framework/Versions/A/AudioSession
0x00000001acfa9000 	/System/Library/Frameworks/CoreMIDI.framework/Versions/A/CoreMIDI
0x00000001a1952000 	/usr/lib/libAudioStatistics.dylib
0x000000019a24e000 	/System/Library/PrivateFrameworks/caulk.framework/Versions/A/caulk
0x0000000190a50000 	/System/Library/Frameworks/CoreAudio.framework/Versions/A/CoreAudio
0x000000019ff18000 	/usr/lib/libAudioToolboxUtility.dylib
0x00000001c1c69000 	/usr/lib/swift/libswiftCoreMIDI.dylib
0x00000001a1d5c000 	/System/Library/PrivateFrameworks/perfdata.framework/Versions/A/perfdata
0x00000001ba2f3000 	/System/Library/PrivateFrameworks/SystemPolicy.framework/Versions/A/SystemPolicy
0x00000001a1c00000 	/usr/lib/libSMC.dylib
0x00000001a1d6a000 	/usr/lib/libperfcheck.dylib
0x0000000242fda000 	/System/Library/PrivateFrameworks/AudioAnalytics.framework/Versions/A/AudioAnalytics
0x00000001e12aa000 	/System/Library/Frameworks/OSLog.framework/Versions/A/OSLog
0x00000001bb299000 	/usr/lib/libmis.dylib
0x00000001a852b000 	/System/Library/PrivateFrameworks/CoreTime.framework/Versions/A/CoreTime
0x000000019f291000 	/System/Library/PrivateFrameworks/MediaExperience.framework/Versions/A/MediaExperience
0x00000001a16a5000 	/System/Library/PrivateFrameworks/AudioSession.framework/libSessionUtility.dylib
0x00000001a0057000 	/System/Library/PrivateFrameworks/CMCaptureCore.framework/Versions/A/CMCaptureCore
0x000000019f3dd000 	/usr/lib/libspindump.dylib
0x000000019c719000 	/System/Library/PrivateFrameworks/CoreUtils.framework/Versions/A/CoreUtils
0x00000001b2f8a000 	/System/Library/PrivateFrameworks/HID.framework/Versions/A/HID
0x000000024d086000 	/System/Library/PrivateFrameworks/CoreUtilsExtras.framework/Versions/A/CoreUtilsExtras
0x000000025c961000 	/System/Library/PrivateFrameworks/IO80211.framework/Versions/A/IO80211
0x00000001a389c000 	/System/Library/Frameworks/IOBluetooth.framework/Versions/A/IOBluetooth
0x0000000292eab000 	/usr/lib/swift/libswiftRegexBuilder.dylib
0x000000019eeec000 	/usr/lib/libIOReport.dylib
0x00000001e984e000 	/System/Library/PrivateFrameworks/WiFiPeerToPeer.framework/Versions/A/WiFiPeerToPeer
0x000000019c8b5000 	/System/Library/Frameworks/SecurityFoundation.framework/Versions/A/SecurityFoundation
0x00000002456e0000 	/System/Library/PrivateFrameworks/Centauri.framework/Versions/A/Centauri
0x000000018eb9d000 	/System/Library/PrivateFrameworks/Lexicon.framework/Versions/A/Lexicon
0x000000029263f000 	/usr/lib/libmrc.dylib
0x000000025c9cc000 	/System/Library/PrivateFrameworks/IPConfiguration.framework/Versions/A/IPConfiguration
0x00000001dd3ed000 	/System/Library/PrivateFrameworks/Netrb.framework/Versions/A/Netrb
0x00000001a7edc000 	/System/Library/PrivateFrameworks/FrontBoardServices.framework/Versions/A/FrontBoardServices
0x000000019ca1e000 	/usr/lib/libgermantok.dylib
0x000000019b45a000 	/System/Library/PrivateFrameworks/LinguisticData.framework/Versions/A/LinguisticData
0x00000001a8083000 	/System/Library/PrivateFrameworks/GraphicsServices.framework/Versions/A/GraphicsServices
0x00000001a7162000 	/System/Library/PrivateFrameworks/MediaKit.framework/Versions/A/MediaKit
0x00000001a70b0000 	/System/Library/Frameworks/DiscRecording.framework/Versions/A/DiscRecording
0x000000019f167000 	/usr/lib/libheimdal-asn1.dylib
0x00000001aab8d000 	/System/Library/Frameworks/AudioUnit.framework/Versions/A/AudioUnit
0x000000019811c000 	/System/Library/Frameworks/OpenDirectory.framework/Versions/A/OpenDirectory
0x000000019812a000 	/System/Library/Frameworks/OpenDirectory.framework/Versions/A/Frameworks/CFOpenDirectory.framework/Versions/A/CFOpenDirectory
0x0000000233bba000 	/System/Library/Frameworks/AVFAudio.framework/Versions/A/AVFAudio
0x0000000233cfe000 	/System/Library/Frameworks/AVRouting.framework/Versions/A/AVRouting
0x00000001b3fa6000 	/usr/lib/libAccessibility.dylib
0x00000002607fc000 	/System/Library/PrivateFrameworks/IsolatedCoreAudioClient.framework/Versions/A/IsolatedCoreAudioClient
0x0000000248e7a000 	/System/Library/PrivateFrameworks/CoreAudioOrchestration.framework/Versions/A/CoreAudioOrchestration
0x00000001a053f000 	/System/Library/Frameworks/MediaToolbox.framework/Versions/A/MediaToolbox
0x00000001a7288000 	/System/Library/PrivateFrameworks/CoreAVCHD.framework/Versions/A/CoreAVCHD
0x00000001a61ac000 	/System/Library/Frameworks/MediaAccessibility.framework/Versions/A/MediaAccessibility
0x00000001a7284000 	/System/Library/PrivateFrameworks/Mangrove.framework/Versions/A/Mangrove
0x0000000244d1c000 	/System/Library/PrivateFrameworks/CMPhoto.framework/Versions/A/CMPhoto
0x00000001a7a51000 	/System/Library/Frameworks/CoreTelephony.framework/Versions/A/CoreTelephony
0x00000001a7277000 	/System/Library/PrivateFrameworks/CoreAUC.framework/Versions/A/CoreAUC
0x0000000241e82000 	/System/Library/PrivateFrameworks/AppleJPEGXL.framework/Versions/A/AppleJPEGXL
0x0000000287055000 	/System/Library/PrivateFrameworks/VideoToolboxParavirtualizationSupport.framework/Versions/A/VideoToolboxParavirtualizationSupport
0x000000019f103000 	/System/Library/PrivateFrameworks/AppleVA.framework/Versions/A/AppleVA
0x00000001a1f74000 	/usr/lib/libTelephonyUtilDynamic.dylib
0x000000019ffea000 	/System/Library/PrivateFrameworks/GPUWrangler.framework/Versions/A/GPUWrangler
0x000000019ffca000 	/System/Library/PrivateFrameworks/IOPresentment.framework/Versions/A/IOPresentment
0x000000019fff2000 	/System/Library/PrivateFrameworks/DSExternalDisplay.framework/Versions/A/DSExternalDisplay
0x00000001e43cb000 	/System/Library/Frameworks/CryptoKit.framework/Versions/A/CryptoKit
0x00000001aab88000 	/System/Library/PrivateFrameworks/CryptoKitCBridging.framework/Versions/A/CryptoKitCBridging
0x00000001a8095000 	/System/Library/Frameworks/CryptoTokenKit.framework/Versions/A/CryptoTokenKit
0x000000024dc05000 	/System/Library/PrivateFrameworks/Dendrite.framework/Versions/A/Dendrite
0x00000001bae98000 	/System/Library/Frameworks/NaturalLanguage.framework/Versions/A/NaturalLanguage
0x000000025938d000 	/System/Library/PrivateFrameworks/GenerativeModels.framework/Versions/A/GenerativeModels
0x00000001e97d5000 	/usr/lib/swift/libswiftNaturalLanguage.dylib
0x00000002429f9000 	/System/Library/PrivateFrameworks/AppleMobileFileIntegrity.framework/Versions/A/AppleMobileFileIntegrity
0x000000029178d000 	/usr/lib/libTLE.dylib
0x00000001f2f1d000 	/System/Library/PrivateFrameworks/ConfigProfileHelper.framework/Versions/A/ConfigProfileHelper
0x00000001aad17000 	/System/Library/PrivateFrameworks/Espresso.framework/Versions/A/Espresso
0x00000001988ac000 	/System/Library/Frameworks/CoreML.framework/Versions/A/CoreML
0x00000001e7681000 	/usr/lib/libedit.3.dylib
0x00000002309c8000 	/System/Library/PrivateFrameworks/ANECompiler.framework/Versions/A/ANECompiler
0x00000001acded000 	/System/Library/PrivateFrameworks/AppleNeuralEngine.framework/Versions/A/AppleNeuralEngine
0x0000000237950000 	/System/Library/Frameworks/MetalPerformanceShadersGraph.framework/Versions/A/MetalPerformanceShadersGraph
0x000000026269f000 	/System/Library/PrivateFrameworks/MLCompilerServices.framework/Versions/A/MLCompilerServices
0x00000001abb69000 	/System/Library/PrivateFrameworks/ANEServices.framework/Versions/A/ANEServices
0x00000001c055c000 	/usr/lib/libncurses.5.4.dylib
0x0000000191d5a000 	/usr/lib/libsandbox.1.dylib
0x000000019f08d000 	/usr/lib/libMatch.1.dylib
0x000000026bf85000 	/System/Library/PrivateFrameworks/ODIE.framework/Versions/A/ODIE
0x000000026532c000 	/System/Library/PrivateFrameworks/MLModelAsset.framework/Versions/A/MLModelAsset
0x0000000262645000 	/System/Library/PrivateFrameworks/MLCompilerRuntime.framework/Versions/A/MLCompilerRuntime
0x000000019cce1000 	/System/Library/Frameworks/MLCompute.framework/Versions/A/MLCompute
0x00000002625c7000 	/System/Library/PrivateFrameworks/MLAssetIO.framework/Versions/A/MLAssetIO
0x0000000292e7d000 	/usr/lib/swift/libswiftMLCompute.dylib
0x00000001a7c6c000 	/System/Library/PrivateFrameworks/AVFCore.framework/Versions/A/AVFCore
0x00000001b18a7000 	/System/Library/PrivateFrameworks/AVFCapture.framework/Versions/A/AVFCapture
0x0000000244b13000 	/System/Library/PrivateFrameworks/CMImaging.framework/Versions/A/CMImaging
0x00000001b1ae9000 	/System/Library/PrivateFrameworks/Quagga.framework/Versions/A/Quagga
0x00000001b1c1a000 	/System/Library/PrivateFrameworks/CMCapture.framework/Versions/A/CMCapture
0x00000001a1afd000 	/System/Library/Frameworks/CoreMediaIO.framework/Versions/A/CoreMediaIO
0x0000000244a4e000 	/System/Library/PrivateFrameworks/CMCaptureDevice.framework/Versions/A/CMCaptureDevice
0x000000019f4c9000 	/System/Library/PrivateFrameworks/CoreBrightness.framework/Versions/A/CoreBrightness
0x0000000245bd7000 	/System/Library/PrivateFrameworks/CinematicFraming.framework/Versions/A/CinematicFraming
0x0000000268469000 	/System/Library/PrivateFrameworks/ModelManagerServices.framework/Versions/A/ModelManagerServices
0x00000001d5e01000 	/System/Library/PrivateFrameworks/CPMS.framework/Versions/A/CPMS
0x000000028000d000 	/System/Library/PrivateFrameworks/SystemStatus.framework/Versions/A/SystemStatus
0x00000001b9cc8000 	/System/Library/Frameworks/CoreMotion.framework/Versions/A/CoreMotion
0x00000001ca2e0000 	/System/Library/PrivateFrameworks/TimeSync.framework/Versions/A/TimeSync
0x000000024e5cd000 	/System/Library/PrivateFrameworks/DistributedSensing.framework/Versions/A/DistributedSensing
0x00000001c56bf000 	/System/Library/PrivateFrameworks/MobileBluetooth.framework/Versions/A/MobileBluetooth
0x00000001cbfa4000 	/System/Library/PrivateFrameworks/IOKitten.framework/Versions/A/IOKitten
0x0000000261e12000 	/System/Library/PrivateFrameworks/LocationLogEncryption.framework/Versions/A/LocationLogEncryption
0x0000000241cfc000 	/System/Library/PrivateFrameworks/AppleIntelligenceReporting.framework/Versions/A/AppleIntelligenceReporting
0x000000024562c000 	/System/Library/PrivateFrameworks/CascadeSets.framework/Versions/A/CascadeSets
0x000000019c628000 	/System/Library/PrivateFrameworks/CoreEmoji.framework/Versions/A/CoreEmoji
0x000000018eeb1000 	/usr/lib/libCRFSuite.dylib
0x0000000190192000 	/System/Library/PrivateFrameworks/LanguageModeling.framework/Versions/A/LanguageModeling
0x000000019b33a000 	/System/Library/PrivateFrameworks/CoreNLP.framework/Versions/A/CoreNLP
0x000000019510f000 	/System/Library/PrivateFrameworks/Montreal.framework/Versions/A/Montreal
0x000000019d79c000 	/usr/lib/libcmph.dylib
0x000000019c9bf000 	/usr/lib/libmecab.dylib
0x000000019d90d000 	/usr/lib/libThaiTokenizer.dylib
0x000000025946f000 	/System/Library/PrivateFrameworks/GenerativeModelsFoundation.framework/Versions/A/GenerativeModelsFoundation
0x0000000282de2000 	/System/Library/PrivateFrameworks/TokenGeneration.framework/Versions/A/TokenGeneration
0x0000000259243000 	/System/Library/PrivateFrameworks/GenerativeFunctions.framework/Versions/A/GenerativeFunctions
0x0000000259291000 	/System/Library/PrivateFrameworks/GenerativeFunctionsFoundation.framework/Versions/A/GenerativeFunctionsFoundation
0x000000026812a000 	/System/Library/PrivateFrameworks/ModelCatalog.framework/Versions/A/ModelCatalog
0x000000027532e000 	/System/Library/PrivateFrameworks/SensitiveContentAnalysisML.framework/Versions/A/SensitiveContentAnalysisML
0x0000000259327000 	/System/Library/PrivateFrameworks/GenerativeFunctionsInstrumentation.framework/Versions/A/GenerativeFunctionsInstrumentation
0x0000000272157000 	/System/Library/PrivateFrameworks/PromptKit.framework/Versions/A/PromptKit
0x0000000271b6d000 	/System/Library/PrivateFrameworks/ProactiveDaemonSupport.framework/Versions/A/ProactiveDaemonSupport
0x000000028301a000 	/System/Library/PrivateFrameworks/TokenGenerationCore.framework/Versions/A/TokenGenerationCore
0x00000001bbd67000 	/System/Library/PrivateFrameworks/Trial.framework/Versions/A/Trial
0x00000001bbce8000 	/System/Library/PrivateFrameworks/TrialProto.framework/Versions/A/TrialProto
0x0000000241926000 	/System/Library/PrivateFrameworks/AppleFlatBuffers.framework/Versions/A/AppleFlatBuffers
0x00000002755fe000 	/System/Library/PrivateFrameworks/SentencePieceInternal.framework/Versions/A/SentencePieceInternal
0x00000001a6206000 	/System/Library/Frameworks/Vision.framework/Versions/A/Vision
0x000000024cd24000 	/System/Library/PrivateFrameworks/CoreSceneUnderstanding.framework/Versions/A/CoreSceneUnderstanding
0x0000000287c6b000 	/System/Library/PrivateFrameworks/VisionCore.framework/Versions/A/VisionCore
0x00000001a047c000 	/System/Library/PrivateFrameworks/DataDetectorsCore.framework/Versions/A/DataDetectorsCore
0x00000001c464d000 	/System/Library/Frameworks/Vision.framework/libfaceCore.dylib
0x00000001c5167000 	/System/Library/PrivateFrameworks/Futhark.framework/Versions/A/Futhark
0x00000001c90b5000 	/System/Library/PrivateFrameworks/InertiaCam.framework/Versions/A/InertiaCam
0x00000001c4ef4000 	/System/Library/PrivateFrameworks/TextRecognition.framework/Versions/A/TextRecognition
0x0000000235569000 	/System/Library/Frameworks/DataDetection.framework/Versions/A/DataDetection
0x00000001bf100000 	/System/Library/PrivateFrameworks/TextInput.framework/Versions/A/TextInput
0x000000019ef2a000 	/System/Library/PrivateFrameworks/CVNLP.framework/Versions/A/CVNLP
0x000000023504e000 	/System/Library/Frameworks/CoreTransferable.framework/Versions/A/CoreTransferable
0x00000001a1d40000 	/System/Library/PrivateFrameworks/NetAuth.framework/Versions/A/NetAuth
0x0000000198340000 	/System/Library/PrivateFrameworks/login.framework/Versions/A/Frameworks/loginsupport.framework/Versions/A/loginsupport
0x00000001934dd000 	/System/Library/PrivateFrameworks/UIFoundation.framework/Versions/A/UIFoundation
0x000000019f3e4000 	/System/Library/PrivateFrameworks/Heimdal.framework/Versions/A/Heimdal
0x00000001a19e8000 	/usr/lib/libresolv.9.dylib
0x00000001a1ddc000 	/System/Library/PrivateFrameworks/CommonAuth.framework/Versions/A/CommonAuth
0x000000019c989000 	/usr/lib/libCheckFix.dylib
0x00000001974c7000 	/System/Library/PrivateFrameworks/MetadataUtilities.framework/Versions/A/MetadataUtilities
0x000000025d453000 	/System/Library/PrivateFrameworks/InstalledContentLibrary.framework/Versions/A/InstalledContentLibrary
0x0000000191c1e000 	/System/Library/PrivateFrameworks/CoreServicesStore.framework/Versions/A/CoreServicesStore
0x000000019818b000 	/usr/lib/libapp_launch_measurement.dylib
0x00000001cec1e000 	/System/Library/PrivateFrameworks/MobileSystemServices.framework/Versions/A/MobileSystemServices
0x000000019edaf000 	/usr/lib/libxslt.1.dylib
0x000000019c948000 	/System/Library/PrivateFrameworks/BackgroundTaskManagement.framework/Versions/A/BackgroundTaskManagement
0x00000001aa21e000 	/usr/lib/libcurl.4.dylib
0x0000000291fa3000 	/usr/lib/libcrypto.46.dylib
0x0000000292b26000 	/usr/lib/libssl.48.dylib
0x00000001a9ef8000 	/System/Library/Frameworks/LDAP.framework/Versions/A/LDAP
0x00000001a1d78000 	/System/Library/Frameworks/Kerberos.framework/Versions/A/Kerberos
0x00000001a9f34000 	/System/Library/PrivateFrameworks/TrustEvaluationAgent.framework/Versions/A/TrustEvaluationAgent
0x00000001a1a05000 	/usr/lib/libsasl2.2.dylib
0x00000001aab8c000 	/System/Library/Frameworks/Kerberos.framework/Versions/A/Libraries/libHeimdalProxy.dylib
0x0000000270756000 	/System/Library/PrivateFrameworks/PoirotSQLite.framework/Versions/A/PoirotSQLite
0x00000001e1795000 	/System/Library/PrivateFrameworks/HIDDisplay.framework/Versions/A/HIDDisplay
0x00000001a1ce1000 	/usr/lib/libcups.2.dylib
0x00000001b3e9a000 	/System/Library/PrivateFrameworks/AXCoreUtilities.framework/Versions/A/AXCoreUtilities
0x00000001c4496000 	/System/Library/PrivateFrameworks/AttributeGraph.framework/Versions/A/AttributeGraph
0x000000029128d000 	/usr/lib/libAXSafeCategoryBundle.dylib
0x000000023bcde000 	/System/Library/Frameworks/TabularData.framework/Versions/A/TabularData
0x0000000242ba9000 	/System/Library/PrivateFrameworks/ArgumentParserInternal.framework/Versions/A/ArgumentParserInternal
0x00000001ad19c000 	/System/Library/Frameworks/Cocoa.framework/Versions/A/Cocoa
0x0000000191db9000 	/System/Library/Frameworks/AppKit.framework/Versions/C/AppKit
0x0000000246a5a000 	/System/Library/PrivateFrameworks/CollectionViewCore.framework/Versions/A/CollectionViewCore
0x000000019a9fb000 	/System/Library/PrivateFrameworks/XCTTargetBootstrap.framework/Versions/A/XCTTargetBootstrap
0x00000001a04ce000 	/System/Library/PrivateFrameworks/UserActivity.framework/Versions/A/UserActivity
0x000000025053c000 	/System/Library/PrivateFrameworks/FrontBoard.framework/Versions/A/FrontBoard
0x0000000284a2b000 	/System/Library/PrivateFrameworks/UIIntelligenceSupport.framework/Versions/A/UIIntelligenceSupport
0x000000023ad67000 	/System/Library/Frameworks/SwiftUICore.framework/Versions/A/SwiftUICore
0x000000028b5d7000 	/System/Library/PrivateFrameworks/WritingTools.framework/Versions/A/WritingTools
0x000000028a3ce000 	/System/Library/PrivateFrameworks/WindowManagement.framework/Versions/A/WindowManagement
0x000000025026c000 	/System/Library/PrivateFrameworks/FocusEngine.framework/Versions/A/FocusEngine
0x000000024dc75000 	/System/Library/PrivateFrameworks/DesignLibrary.framework/Versions/A/DesignLibrary
0x000000019a9e6000 	/System/Library/PrivateFrameworks/DFRFoundation.framework/Versions/A/DFRFoundation
0x0000000285978000 	/System/Library/PrivateFrameworks/UpdateCycle.framework/Versions/A/UpdateCycle
0x000000019a6ea000 	/System/Library/Frameworks/Carbon.framework/Versions/A/Frameworks/HIToolbox.framework/Versions/A/HIToolbox
0x00000001a5acc000 	/System/Library/Frameworks/Carbon.framework/Versions/A/Frameworks/SpeechRecognition.framework/Versions/A/SpeechRecognition
0x0000000198112000 	/System/Library/PrivateFrameworks/PerformanceAnalysis.framework/Versions/A/PerformanceAnalysis
0x00000001a5e5c000 	/System/Library/Frameworks/Accessibility.framework/Versions/A/Accessibility
0x000000023bcc4000 	/System/Library/Frameworks/Symbols.framework/Versions/A/Symbols
0x0000000259838000 	/System/Library/PrivateFrameworks/Gestures.framework/Versions/A/Gestures
0x0000000292f4e000 	/usr/lib/swift/libswiftSpatial.dylib
0x00000001b80da000 	/usr/lib/swift/libswiftCoreGraphics.dylib
0x00000001a68a0000 	/usr/lib/swift/libswiftFoundation.dylib
0x00000001f28be000 	/usr/lib/swift/libswiftSwiftOnoneSupport.dylib
0x00000002931d4000 	/usr/lib/swift/libswiftsys_time.dylib
0x00000001dd42b000 	/System/Library/PrivateFrameworks/CoreMaterial.framework/Versions/A/CoreMaterial
0x000000029178a000 	/usr/lib/libSpatial.dylib
0x00000002911aa000 	/System/Library/SubFrameworks/UIUtilities.framework/Versions/A/UIUtilities
0x000000010a498000 	/Users/charlieichikowitz/Library/Application Support/ModrinthApp/meta/java_versions/zulu25.34.17-ca-jre25.0.3-macosx_aarch64/Contents/Home/lib/server/libjvm.dylib
0x0000000104518000 	/Users/charlieichikowitz/Library/Application Support/ModrinthApp/meta/java_versions/zulu25.34.17-ca-jre25.0.3-macosx_aarch64/Contents/Home/lib/libjimage.dylib
0x0000000104544000 	/Users/charlieichikowitz/Library/Application Support/ModrinthApp/meta/java_versions/zulu25.34.17-ca-jre25.0.3-macosx_aarch64/Contents/Home/lib/libinstrument.dylib
0x000000010458c000 	/Users/charlieichikowitz/Library/Application Support/ModrinthApp/meta/java_versions/zulu25.34.17-ca-jre25.0.3-macosx_aarch64/Contents/Home/lib/libjava.dylib
0x0000000104830000 	/Users/charlieichikowitz/Library/Application Support/ModrinthApp/meta/java_versions/zulu25.34.17-ca-jre25.0.3-macosx_aarch64/Contents/Home/lib/libzip.dylib
0x0000000104858000 	/Users/charlieichikowitz/Library/Application Support/ModrinthApp/meta/java_versions/zulu25.34.17-ca-jre25.0.3-macosx_aarch64/Contents/Home/lib/libnio.dylib
0x0000000104808000 	/Users/charlieichikowitz/Library/Application Support/ModrinthApp/meta/java_versions/zulu25.34.17-ca-jre25.0.3-macosx_aarch64/Contents/Home/lib/libnet.dylib
0x0000000104878000 	/Users/charlieichikowitz/Library/Application Support/ModrinthApp/meta/java_versions/zulu25.34.17-ca-jre25.0.3-macosx_aarch64/Contents/Home/lib/libextnet.dylib
0x000000010488c000 	/Users/charlieichikowitz/Library/Application Support/ModrinthApp/meta/java_versions/zulu25.34.17-ca-jre25.0.3-macosx_aarch64/Contents/Home/lib/libmanagement.dylib
0x00000001048a0000 	/Users/charlieichikowitz/Library/Application Support/ModrinthApp/meta/java_versions/zulu25.34.17-ca-jre25.0.3-macosx_aarch64/Contents/Home/lib/libmanagement_ext.dylib
0x0000000104cf8000 	/Users/charlieichikowitz/Library/Application Support/ModrinthApp/meta/java_versions/zulu25.34.17-ca-jre25.0.3-macosx_aarch64/Contents/Home/lib/libverify.dylib
0x000000010a00c000 	/Users/charlieichikowitz/Library/Application Support/ModrinthApp/meta/natives/26.2-0.19.5/jna/jna16135243994761233495.tmp
0x000000010a100000 	/Users/charlieichikowitz/Library/Application Support/ModrinthApp/meta/natives/26.2-0.19.5/lwjgl/3.4.1-snapshot/arm64/liblwjgl.dylib
0x00000001296b4000 	/Users/charlieichikowitz/Library/Application Support/ModrinthApp/meta/natives/26.2-0.19.5/lwjgl/3.4.1-snapshot/arm64/libMoltenVK.dylib
0x000000010a1b0000 	/Users/charlieichikowitz/Library/Application Support/ModrinthApp/meta/natives/26.2-0.19.5/lwjgl/3.4.1-snapshot/arm64/liblwjgl_stb.dylib
0x000000010a214000 	/Users/charlieichikowitz/Library/Application Support/ModrinthApp/meta/natives/26.2-0.19.5/lwjgl/3.4.1-snapshot/arm64/libjemalloc.dylib
0x000000012e27c000 	/Users/charlieichikowitz/Library/Application Support/ModrinthApp/meta/natives/26.2-0.19.5/lwjgl/3.4.1-snapshot/arm64/libspirv-cross.dylib
0x000000012e4f8000 	/Users/charlieichikowitz/Library/Application Support/ModrinthApp/meta/natives/26.2-0.19.5/lwjgl/3.4.1-snapshot/arm64/libfreetype.dylib
0x000000012ecd8000 	/Users/charlieichikowitz/Library/Application Support/ModrinthApp/meta/natives/26.2-0.19.5/lwjgl/3.4.1-snapshot/arm64/libshaderc.dylib
0x000000010a0b4000 	/Users/charlieichikowitz/Library/Application Support/ModrinthApp/meta/natives/26.2-0.19.5/lwjgl/3.4.1-snapshot/arm64/liblwjgl_tinyfd.dylib
0x000000010a0d4000 	/Users/charlieichikowitz/Library/Application Support/ModrinthApp/meta/natives/26.2-0.19.5/lwjgl/3.4.1-snapshot/arm64/liblwjgl_opengl.dylib
0x000000010a17c000 	/Users/charlieichikowitz/Library/Application Support/ModrinthApp/meta/natives/26.2-0.19.5/lwjgl/3.4.1-snapshot/arm64/liblwjgl_vma.dylib
0x000000012e000000 	/Users/charlieichikowitz/Library/Application Support/ModrinthApp/meta/natives/26.2-0.19.5/lwjgl/3.4.1-snapshot/arm64/libopenal.dylib
0x000000010a3b8000 	/Users/charlieichikowitz/Library/Application Support/ModrinthApp/meta/natives/26.2-0.19.5/lwjgl/3.4.1-snapshot/arm64/libglfw.dylib
0x0000000129528000 	/private/var/folders/97/0x7l_2j54nz3607j4cfqcp300000gn/T/libopus4j-1eb5d9e3e7c729c7d3e18224b0a53fb6/libopus4j.dylib
0x000000010a14c000 	/private/var/folders/97/0x7l_2j54nz3607j4cfqcp300000gn/T/librnnoise4j-dd0bc92191c29275673e4f820630aa49/librnnoise4j.dylib
0x0000000109fe4000 	/private/var/folders/97/0x7l_2j54nz3607j4cfqcp300000gn/T/libspeex4j-f75720920af514f7fd1a458b9748f906/libspeex4j.dylib
0x000000010a400000 	/private/var/folders/97/0x7l_2j54nz3607j4cfqcp300000gn/T/liblame4j-616f7ca627be4f4f2d2039debf359014/liblame4j.dylib
0x0000000197fdd000 	/System/Library/PrivateFrameworks/ViewBridge.framework/Versions/A/ViewBridge
0x0000000233e6e000 	/System/Library/Frameworks/AppIntents.framework/Versions/A/AppIntents
0x000000023a436000 	/System/Library/Frameworks/RelevanceKit.framework/Versions/A/RelevanceKit
0x000000019d539000 	/System/Library/Frameworks/CoreSpotlight.framework/Versions/A/CoreSpotlight
0x0000000261987000 	/System/Library/PrivateFrameworks/LinkServices.framework/Versions/A/LinkServices
0x00000001a6b6d000 	/System/Library/Frameworks/Contacts.framework/Versions/A/Contacts
0x0000000240501000 	/System/Library/PrivateFrameworks/AppIntentsTypeSupport.framework/Versions/A/AppIntentsTypeSupport
0x000000024e6c9000 	/System/Library/PrivateFrameworks/DoNotDisturb.framework/Versions/A/DoNotDisturb
0x00000002617d5000 	/System/Library/PrivateFrameworks/LinkMetadata.framework/Versions/A/LinkMetadata
0x00000001bb31f000 	/usr/lib/swift/libswiftIntents.dylib
0x00000001c06b6000 	/System/Library/PrivateFrameworks/IntentsCore.framework/Versions/A/IntentsCore
0x00000002434b9000 	/System/Library/PrivateFrameworks/AvailabilityKit.framework/Versions/A/AvailabilityKit
0x00000002400e4000 	/System/Library/PrivateFrameworks/AppIntentSchemas.framework/Versions/A/AppIntentSchemas
0x0000000235fbf000 	/System/Library/Frameworks/GeoToolbox.framework/Versions/A/GeoToolbox
0x000000025606e000 	/System/Library/PrivateFrameworks/GRDBInternal.framework/Versions/A/GRDBInternal
0x000000027e886000 	/System/Library/PrivateFrameworks/StatusKit.framework/Versions/A/StatusKit
0x00000001a6984000 	/System/Library/PrivateFrameworks/ContactsPersistence.framework/Versions/A/ContactsPersistence
0x00000001a5ad0000 	/System/Library/PrivateFrameworks/AppleLDAP.framework/Versions/A/AppleLDAP
0x00000001aa5bc000 	/System/Library/Frameworks/ClassKit.framework/Versions/A/ClassKit
0x00000001ac86d000 	/System/Library/PrivateFrameworks/CoreSuggestions.framework/Versions/A/CoreSuggestions
0x00000001a68a1000 	/System/Library/PrivateFrameworks/ContactsFoundation.framework/Versions/A/ContactsFoundation
0x00000001a8043000 	/System/Library/PrivateFrameworks/vCard.framework/Versions/A/vCard
0x000000024702b000 	/System/Library/PrivateFrameworks/ContactsMetrics.framework/Versions/A/ContactsMetrics
0x000000019f4a5000 	/System/Library/PrivateFrameworks/login.framework/Versions/A/login
0x0000000265dfb000 	/System/Library/PrivateFrameworks/ManagedOrganizationContacts.framework/Versions/A/ManagedOrganizationContacts
0x00000001987d7000 	/System/Library/PrivateFrameworks/CloudDocs.framework/Versions/A/CloudDocs
0x00000001b384e000 	/System/Library/PrivateFrameworks/ProactiveEventTracker.framework/Versions/A/ProactiveEventTracker
0x00000001a748d000 	/System/Library/PrivateFrameworks/GenerationalStorage.framework/Versions/A/GenerationalStorage
0x00000001a1ed2000 	/System/Library/PrivateFrameworks/CacheDelete.framework/Versions/A/CacheDelete
0x00000001aacc9000 	/System/Library/Frameworks/QuickLookThumbnailing.framework/Versions/A/QuickLookThumbnailing
0x00000001a72b6000 	/System/Library/Frameworks/FileProvider.framework/Versions/A/FileProvider
0x00000001936ad000 	/System/Library/PrivateFrameworks/DesktopServicesPriv.framework/Versions/A/DesktopServicesPriv
0x00000001bad66000 	/System/Library/PrivateFrameworks/FTServices.framework/Versions/A/FTServices
0x00000001b2f3f000 	/System/Library/PrivateFrameworks/CloudServices.framework/Versions/A/CloudServices
0x0000000199c91000 	/System/Library/Frameworks/CoreLocation.framework/Versions/A/CoreLocation
0x00000001a9347000 	/System/Library/Frameworks/Intents.framework/Versions/A/Intents
0x000000019d15d000 	/System/Library/PrivateFrameworks/AuthKit.framework/Versions/A/AuthKit
0x00000001c1c47000 	/usr/lib/swift/libswiftCoreLocation.dylib
0x00000001a3493000 	/System/Library/PrivateFrameworks/Sharing.framework/Versions/A/Sharing
0x00000001a2e17000 	/System/Library/PrivateFrameworks/IDSFoundation.framework/Versions/A/IDSFoundation
0x00000001a99c2000 	/System/Library/PrivateFrameworks/Apple80211.framework/Versions/A/Apple80211
0x000000019c696000 	/System/Library/Frameworks/CoreWLAN.framework/Versions/A/CoreWLAN
0x00000001a15f2000 	/System/Library/PrivateFrameworks/IMFoundation.framework/Versions/A/IMFoundation
0x00000001b32aa000 	/System/Library/PrivateFrameworks/Marco.framework/Versions/A/Marco
0x0000000195a73000 	/System/Library/PrivateFrameworks/CommonUtilities.framework/Versions/A/CommonUtilities
0x00000001af881000 	/System/Library/PrivateFrameworks/Engram.framework/Versions/A/Engram
0x000000028bade000 	/System/Library/PrivateFrameworks/XPCDistributed.framework/Versions/A/XPCDistributed
0x00000001af81f000 	/usr/lib/libtidy.A.dylib
0x000000019f6f8000 	/System/Library/PrivateFrameworks/Bom.framework/Versions/A/Bom
0x00000001a1a25000 	/usr/lib/libParallelCompression.dylib
0x00000001a1a18000 	/System/Library/PrivateFrameworks/MultiverseSupport.framework/Versions/A/MultiverseSupport
0x00000001a7194000 	/System/Library/PrivateFrameworks/DiskManagement.framework/Versions/A/DiskManagement
0x00000001a70a3000 	/System/Library/PrivateFrameworks/AppleIDAuthSupport.framework/Versions/A/AppleIDAuthSupport
0x000000023d578000 	/System/Library/PrivateFrameworks/AAAFoundation.framework/Versions/A/AAAFoundation
0x00000001a1f21000 	/System/Library/PrivateFrameworks/KeychainCircle.framework/Versions/A/KeychainCircle
0x00000001b3e90000 	/System/Library/PrivateFrameworks/URLFormatting.framework/Versions/A/URLFormatting
0x00000001aa212000 	/usr/lib/libcsfde.dylib
0x000000019f095000 	/usr/lib/libCoreStorage.dylib
0x00000001a3972000 	/System/Library/PrivateFrameworks/ProtectedCloudStorage.framework/Versions/A/ProtectedCloudStorage
0x00000001aa20d000 	/System/Library/PrivateFrameworks/EFILogin.framework/Versions/A/EFILogin
0x00000001a74b4000 	/System/Library/PrivateFrameworks/OctagonTrust.framework/Versions/A/OctagonTrust
0x00000001a2bf1000 	/System/Library/PrivateFrameworks/IDS.framework/Versions/A/IDS
0x00000001a8117000 	/System/Library/Frameworks/LocalAuthentication.framework/Versions/A/LocalAuthentication
0x0000000261bc5000 	/System/Library/PrivateFrameworks/LocalAuthenticationCore.framework/Versions/A/LocalAuthenticationCore
0x0000000261d8d000 	/System/Library/PrivateFrameworks/LocalAuthenticationCredentialServices.framework/Versions/A/LocalAuthenticationCredentialServices
0x00000001a8184000 	/System/Library/Frameworks/LocalAuthentication.framework/Support/SharedUtils.framework/Versions/A/SharedUtils
0x0000000242e64000 	/System/Library/PrivateFrameworks/AsyncAlgorithmsInternal.framework/Versions/A/AsyncAlgorithmsInternal
0x00000001c9d48000 	/System/Library/PrivateFrameworks/FTAWD.framework/Versions/A/FTAWD
0x00000001aac51000 	/System/Library/PrivateFrameworks/IntentsFoundation.framework/Versions/A/IntentsFoundation
0x0000000198343000 	/System/Library/PrivateFrameworks/ApplePushService.framework/Versions/A/ApplePushService
0x00000001983ae000 	/System/Library/Frameworks/CloudKit.framework/Versions/A/CloudKit
0x00000001d1dab000 	/System/Library/PrivateFrameworks/DeviceIdentity.framework/Versions/A/DeviceIdentity
0x000000023a8c0000 	/System/Library/Frameworks/SharedWithYouCore.framework/Versions/A/SharedWithYouCore
0x00000002464b9000 	/System/Library/PrivateFrameworks/CloudTelemetry.framework/Versions/A/CloudTelemetry
0x00000001aa684000 	/System/Library/PrivateFrameworks/AppleAccount.framework/Versions/A/AppleAccount
0x00000001aac6c000 	/System/Library/PrivateFrameworks/C2.framework/Versions/A/C2
0x000000024610d000 	/System/Library/PrivateFrameworks/CloudCoreInternal.framework/Versions/A/CloudCoreInternal
0x0000000245e73000 	/System/Library/PrivateFrameworks/CloudAsset.framework/Versions/A/CloudAsset
0x00000001aac62000 	/System/Library/Frameworks/PushKit.framework/Versions/A/PushKit
0x00000002464de000 	/System/Library/PrivateFrameworks/CloudTelemetryTools.framework/Versions/A/CloudTelemetryTools
0x00000002464cf000 	/System/Library/PrivateFrameworks/CloudTelemetryShared.dylib
0x00000001acb44000 	/System/Library/PrivateFrameworks/RTCReporting.framework/Versions/A/RTCReporting
0x000000023d59b000 	/System/Library/PrivateFrameworks/AAAFoundationSwift.framework/Versions/A/AAAFoundationSwift
0x00000001aa90a000 	/System/Library/PrivateFrameworks/AppleIDSSOAuthentication.framework/Versions/A/AppleIDSSOAuthentication
0x000000023cb4e000 	/System/Library/Frameworks/_AppIntents_AppKit.framework/Versions/A/_AppIntents_AppKit
0x0000000291291000 	/usr/lib/libAccessibilityBaseImplementations.dylib
0x0000000129e90000 	/usr/lib/libobjc-trampolines.dylib
0x000000028b5dc000 	/System/Library/PrivateFrameworks/WritingToolsUI.framework/Versions/A/WritingToolsUI
0x000000025905e000 	/System/Library/PrivateFrameworks/GenerativeAssistantSettings.framework/Versions/A/GenerativeAssistantSettings
0x00000002808e6000 	/System/Library/PrivateFrameworks/TextComposer.framework/Versions/A/TextComposer
0x0000000259031000 	/System/Library/PrivateFrameworks/GenerativeAssistantCommon.framework/Versions/A/GenerativeAssistantCommon
0x00000001c2d46000 	/System/Library/Frameworks/SwiftUI.framework/Versions/A/SwiftUI
0x000000023fe01000 	/System/Library/PrivateFrameworks/Anvil.framework/Versions/A/Anvil
0x00000002594e5000 	/System/Library/PrivateFrameworks/GenerativePartnerService.framework/Versions/A/GenerativePartnerService
0x0000000259510000 	/System/Library/PrivateFrameworks/GenerativePartnerServiceUI.framework/Versions/A/GenerativePartnerServiceUI
0x00000001baf12000 	/System/Library/Frameworks/SafariServices.framework/Versions/A/SafariServices
0x00000001b81d3000 	/System/Library/Frameworks/WebKit.framework/Versions/A/WebKit
0x000000023cb8d000 	/System/Library/Frameworks/_AuthenticationServices_SwiftUI.framework/Versions/A/_AuthenticationServices_SwiftUI
0x00000001c22c4000 	/System/Library/PrivateFrameworks/AppStoreDaemon.framework/Versions/A/AppStoreDaemon
0x00000001ad1f2000 	/System/Library/PrivateFrameworks/AppleMediaServices.framework/Versions/A/AppleMediaServices
0x00000001be4be000 	/System/Library/PrivateFrameworks/AppleMediaServicesUI.framework/Versions/A/AppleMediaServicesUI
0x00000001f1e17000 	/System/Library/PrivateFrameworks/JetEngine.framework/Versions/A/JetEngine
0x00000001bbbf8000 	/System/Library/PrivateFrameworks/OnBoardingKit.framework/Versions/A/OnBoardingKit
0x000000027593f000 	/System/Library/PrivateFrameworks/Settings.framework/Versions/A/Settings
0x000000023583e000 	/System/Library/Frameworks/ExtensionKit.framework/Versions/A/ExtensionKit
0x0000000235881000 	/System/Library/Frameworks/FSKit.framework/Versions/A/FSKit
0x00000002807c2000 	/System/Library/PrivateFrameworks/TextAnimationSupport.framework/Versions/A/TextAnimationSupport
0x0000000272a1d000 	/System/Library/PrivateFrameworks/RecapPerformanceTesting.framework/Versions/A/RecapPerformanceTesting
0x00000001bbbe8000 	/System/Library/PrivateFrameworks/SignpostCollection.framework/Versions/A/SignpostCollection
0x00000001acb75000 	/System/Library/Frameworks/WebKit.framework/Versions/A/Frameworks/WebKitLegacy.framework/Versions/A/WebKitLegacy
0x00000001b9cc7000 	/System/Library/Frameworks/Carbon.framework/Versions/A/Carbon
0x00000001aa95b000 	/System/Library/PrivateFrameworks/CorePrediction.framework/Versions/A/CorePrediction
0x00000001990e6000 	/System/Library/Frameworks/WebKit.framework/Versions/A/Frameworks/WebCore.framework/Versions/A/Frameworks/libwebrtc.dylib
0x00000001a1a8d000 	/System/Library/Frameworks/SecurityInterface.framework/Versions/A/SecurityInterface
0x00000001bbbf7000 	/System/Library/PrivateFrameworks/WebInspectorUI.framework/Versions/A/WebInspectorUI
0x00000001af8c1000 	/System/Library/Frameworks/JavaScriptCore.framework/Versions/A/JavaScriptCore
0x00000001b3fdd000 	/System/Library/Frameworks/WebKit.framework/Versions/A/Frameworks/WebCore.framework/Versions/A/WebCore
0x00000001af8ba000 	/System/Library/Frameworks/Carbon.framework/Versions/A/Frameworks/CommonPanels.framework/Versions/A/CommonPanels
0x00000001aa209000 	/System/Library/Frameworks/Carbon.framework/Versions/A/Frameworks/Help.framework/Versions/A/Help
0x00000001af8be000 	/System/Library/Frameworks/Carbon.framework/Versions/A/Frameworks/ImageCapture.framework/Versions/A/ImageCapture
0x00000001af899000 	/System/Library/Frameworks/Carbon.framework/Versions/A/Frameworks/OpenScripting.framework/Versions/A/OpenScripting
0x00000001af8b9000 	/System/Library/Frameworks/Carbon.framework/Versions/A/Frameworks/Ink.framework/Versions/A/Ink
0x00000001af8b6000 	/System/Library/Frameworks/Carbon.framework/Versions/A/Frameworks/SecurityHI.framework/Versions/A/SecurityHI
0x00000002915fd000 	/usr/lib/libInterpreterSecurity.dylib
0x00000001d099d000 	/System/Library/PrivateFrameworks/XprotectFramework.framework/Versions/A/XprotectFramework
0x00000001b32ab000 	/System/Library/PrivateFrameworks/yara.framework/Versions/A/yara
0x000000029157a000 	/usr/lib/libEndpointSecuritySystem.dylib
0x0000000234940000 	/System/Library/Frameworks/BrowserEngineCore.framework/Versions/A/BrowserEngineCore
0x000000023c702000 	/System/Library/Frameworks/WebKit.framework/Versions/A/Frameworks/WebCore.framework/Versions/A/Frameworks/libANGLE-shared.dylib
0x0000000289e22000 	/System/Library/PrivateFrameworks/WebGPU.framework/Versions/A/WebGPU
0x00000001bdb3b000 	/System/Library/Frameworks/SceneKit.framework/Versions/A/SceneKit
0x00000001cf4db000 	/System/Library/Frameworks/ModelIO.framework/Versions/A/ModelIO
0x00000001a3a72000 	/System/Library/Frameworks/MetalKit.framework/Versions/A/MetalKit
0x00000001a5dde000 	/System/Library/Frameworks/GLKit.framework/Versions/A/GLKit
0x0000000293528000 	/usr/lib/usd/libusd_ms.dylib
0x0000000284fcc000 	/System/Library/PrivateFrameworks/USDLib_FormatLoaderProxy.framework/Versions/A/USDLib_FormatLoaderProxy
0x00000002931cf000 	/usr/lib/swift/libswift_errno.dylib
0x00000001bad47000 	/System/Library/PrivateFrameworks/CoreOptimization.framework/Versions/A/CoreOptimization
0x0000000243366000 	/System/Library/PrivateFrameworks/AuthenticationServicesCore.framework/Versions/A/AuthenticationServicesCore
0x00000001c56ff000 	/System/Library/Frameworks/AuthenticationServices.framework/Versions/A/AuthenticationServices
0x000000019f028000 	/System/Library/PrivateFrameworks/SharedWebCredentials.framework/Versions/A/SharedWebCredentials
0x00000001bcac4000 	/System/Library/PrivateFrameworks/SafariCore.framework/Versions/A/SafariCore
0x00000001c5210000 	/System/Library/PrivateFrameworks/SafariFoundation.framework/Versions/A/SafariFoundation
0x00000002446c3000 	/System/Library/PrivateFrameworks/CBORLibrary.framework/Versions/A/CBORLibrary
0x0000000245725000 	/System/Library/PrivateFrameworks/Chirp.framework/Versions/A/Chirp
0x000000024637c000 	/System/Library/PrivateFrameworks/CloudSubscriptionFeatures.framework/Versions/A/CloudSubscriptionFeatures
0x00000001f325c000 	/System/Library/PrivateFrameworks/RemoteManagement.framework/Versions/A/RemoteManagement
0x0000000272e0c000 	/System/Library/PrivateFrameworks/RemoteManagementModel.framework/Versions/A/RemoteManagementModel
0x0000000272e9d000 	/System/Library/PrivateFrameworks/RemoteManagementStore.framework/Versions/A/RemoteManagementStore
0x00000001a3a91000 	/usr/lib/libxcselect.dylib
0x00000001c517f000 	/System/Library/PrivateFrameworks/DifferentialPrivacy.framework/Versions/A/DifferentialPrivacy
0x0000000265e01000 	/System/Library/PrivateFrameworks/ManagedSettingsObjC.framework/Versions/A/ManagedSettingsObjC
0x00000001abd4a000 	/System/Library/PrivateFrameworks/ConfigurationProfiles.framework/Versions/A/ConfigurationProfiles
0x0000000261e17000 	/System/Library/PrivateFrameworks/LockdownMode.framework/Versions/A/LockdownMode
0x0000000285c94000 	/System/Library/PrivateFrameworks/VDAF.framework/Versions/A/VDAF
0x00000001a61c5000 	/System/Library/PrivateFrameworks/SystemAdministration.framework/Versions/A/SystemAdministration
0x00000001b17ad000 	/System/Library/PrivateFrameworks/PowerlogControl.framework/Versions/A/PowerlogControl
0x00000001b17af000 	/usr/lib/libUniversalAccess.dylib
0x00000001adcc5000 	/System/Library/PrivateFrameworks/FamilyControls.framework/Versions/A/FamilyControls
0x00000001a5aa4000 	/System/Library/Frameworks/DirectoryService.framework/Versions/A/DirectoryService
0x00000001aa29f000 	/System/Library/PrivateFrameworks/LoginUIKit.framework/Versions/A/Frameworks/LoginUICore.framework/Versions/A/LoginUICore
0x000000019f6f6000 	/usr/lib/libodfde.dylib
0x00000001adcbf000 	/System/Library/PrivateFrameworks/UniversalAccess.framework/Versions/A/Libraries/libUAPreferences.dylib
0x00000001adce7000 	/System/Library/PrivateFrameworks/CommerceKit.framework/Versions/A/Frameworks/CommerceCore.framework/Versions/A/CommerceCore
0x00000001a1ac7000 	/System/Library/PrivateFrameworks/CoreFollowUp.framework/Versions/A/CoreFollowUp
0x000000024d767000 	/System/Library/PrivateFrameworks/DMCUtilities.framework/Versions/A/DMCUtilities
0x0000000261ea6000 	/System/Library/PrivateFrameworks/MDMClientLibrary.framework/Versions/A/MDMClientLibrary
0x0000000272e91000 	/System/Library/PrivateFrameworks/RemoteManagementProtocol.framework/Versions/A/RemoteManagementProtocol
0x000000024d6c8000 	/System/Library/PrivateFrameworks/DEPClientLibrary.framework/Versions/A/DEPClientLibrary
0x000000024d6f5000 	/System/Library/PrivateFrameworks/DMCEnrollmentLibrary.framework/Versions/A/DMCEnrollmentLibrary
0x00000001b1895000 	/System/Library/PrivateFrameworks/SetupAssistantFramework.framework/Versions/A/SetupAssistantFramework
0x00000001aa9b1000 	/System/Library/PrivateFrameworks/AuthKitUI.framework/Versions/A/AuthKitUI
0x00000001aa2e9000 	/System/Library/PrivateFrameworks/AppSSO.framework/Versions/A/AppSSO
0x00000001c2017000 	/System/Library/PrivateFrameworks/LocalAuthenticationUI.framework/Versions/A/LocalAuthenticationUI
0x00000002703a5000 	/System/Library/PrivateFrameworks/PlatformSSO.framework/Versions/A/PlatformSSO
0x0000000270493000 	/System/Library/PrivateFrameworks/PlatformSSOCore.framework/Versions/A/PlatformSSOCore
0x0000000236b38000 	/System/Library/Frameworks/LocalAuthenticationEmbeddedUI.framework/Versions/A/LocalAuthenticationEmbeddedUI
0x00000001c2b10000 	/System/Library/PrivateFrameworks/AOSUI.framework/Versions/A/AOSUI
0x00000001b360f000 	/System/Library/Frameworks/ContactsUI.framework/Versions/A/ContactsUI
0x00000001a6e2f000 	/System/Library/PrivateFrameworks/FamilyCircle.framework/Versions/A/FamilyCircle
0x00000001d0dac000 	/System/Library/Frameworks/LinkPresentation.framework/Versions/A/LinkPresentation
0x00000001b318f000 	/System/Library/PrivateFrameworks/IASUtilities.framework/Versions/A/IASUtilities
0x000000025c896000 	/System/Library/PrivateFrameworks/IASUtilitiesCore.framework/Versions/A/IASUtilitiesCore
0x0000000272f07000 	/System/Library/PrivateFrameworks/RemoteUI.framework/Versions/A/RemoteUI
0x000000026112a000 	/System/Library/PrivateFrameworks/LiftUI.framework/Versions/A/LiftUI
0x000000028bc03000 	/System/Library/PrivateFrameworks/_IconServices_SwiftUI.framework/Versions/A/_IconServices_SwiftUI
0x00000002462b2000 	/System/Library/PrivateFrameworks/CloudSettings.framework/Versions/A/CloudSettings
0x00000001ac940000 	/System/Library/Frameworks/EventKit.framework/Versions/A/EventKit
0x00000001bbe11000 	/System/Library/PrivateFrameworks/SearchFoundation.framework/Versions/A/SearchFoundation
0x00000001d2f15000 	/System/Library/PrivateFrameworks/Email.framework/Versions/A/Email
0x00000001ba956000 	/System/Library/PrivateFrameworks/CoreRoutine.framework/Versions/A/CoreRoutine
0x00000001f2bb2000 	/System/Library/PrivateFrameworks/VoiceShortcutClient.framework/Versions/A/VoiceShortcutClient
0x00000001ca92d000 	/System/Library/PrivateFrameworks/Categories.framework/Versions/A/Categories
0x00000001c29b4000 	/System/Library/PrivateFrameworks/ChronoServices.framework/Versions/A/ChronoServices
0x000000024515c000 	/System/Library/PrivateFrameworks/CalendarDatabase.framework/Versions/A/CalendarDatabase
0x000000024509d000 	/System/Library/PrivateFrameworks/CalendarDaemon.framework/Versions/A/CalendarDaemon
0x00000001abc85000 	/System/Library/PrivateFrameworks/CalendarFoundation.framework/Versions/A/CalendarFoundation
0x00000001abc40000 	/System/Library/PrivateFrameworks/iCalendar.framework/Versions/A/iCalendar
0x000000024d96c000 	/System/Library/PrivateFrameworks/DataAccessExpress.framework/Versions/A/DataAccessExpress
0x00000001b3777000 	/System/Library/PrivateFrameworks/ContactsAutocomplete.framework/Versions/A/ContactsAutocomplete
0x00000001c2900000 	/System/Library/PrivateFrameworks/FTClientServices.framework/Versions/A/FTClientServices
0x000000027ef10000 	/System/Library/PrivateFrameworks/StorageContainersPrivate.framework/Versions/A/StorageContainersPrivate
0x0000000292e5e000 	/usr/lib/swift/libswiftCoreMediaIO.dylib
0x00000001b3010000 	/System/Library/PrivateFrameworks/CoreDAV.framework/Versions/A/CoreDAV
0x00000001ac80a000 	/System/Library/PrivateFrameworks/CalDAV.framework/Versions/A/CalDAV
0x00000001b7e28000 	/System/Library/PrivateFrameworks/TelephonyUtilities.framework/Versions/A/TelephonyUtilities
0x0000000236af4000 	/System/Library/Frameworks/LiveCommunicationKit.framework/Versions/A/LiveCommunicationKit
0x0000000246bd7000 	/System/Library/PrivateFrameworks/CommunicationTrust.framework/Versions/A/CommunicationTrust
0x00000001bc8d3000 	/System/Library/Frameworks/CallKit.framework/Versions/A/CallKit
0x00000001a6e28000 	/System/Library/PrivateFrameworks/CommunicationsFilter.framework/Versions/A/CommunicationsFilter
0x00000001e77c0000 	/System/Library/PrivateFrameworks/IMTransferServices.framework/Versions/A/IMTransferServices
0x00000001bad60000 	/System/Library/PrivateFrameworks/IncomingCallFilter.framework/Versions/A/IncomingCallFilter
0x000000026b156000 	/System/Library/PrivateFrameworks/NeighborhoodActivityConduit.framework/Versions/A/NeighborhoodActivityConduit
0x00000001bee8a000 	/System/Library/PrivateFrameworks/CallHistory.framework/Versions/A/CallHistory
0x000000029140a000 	/usr/lib/libBASupport.dylib
0x00000002455a3000 	/System/Library/PrivateFrameworks/CallsUtilities.framework/Versions/A/CallsUtilities
0x00000002455af000 	/System/Library/PrivateFrameworks/CallsXPC.framework/Versions/A/CallsXPC
0x00000001f33c7000 	/usr/lib/swift/libswiftCallKit.dylib
0x0000000245595000 	/System/Library/PrivateFrameworks/CallsPersistence.framework/Versions/A/CallsPersistence
0x000000023a70e000 	/System/Library/Frameworks/SensitiveContentAnalysis.framework/Versions/A/SensitiveContentAnalysis
0x00000001bff0a000 	/System/Library/PrivateFrameworks/PeopleSuggester.framework/Versions/A/PeopleSuggester
0x00000001c969e000 	/System/Library/PrivateFrameworks/SpotlightReceiver.framework/Versions/A/SpotlightReceiver
0x000000028bbc3000 	/System/Library/PrivateFrameworks/_AppIntentsServices_AppIntents.framework/Versions/A/_AppIntentsServices_AppIntents
0x0000000240266000 	/System/Library/PrivateFrameworks/AppIntentsServices.framework/Versions/A/AppIntentsServices
0x00000001abc29000 	/System/Library/PrivateFrameworks/CoreRecents.framework/Versions/A/CoreRecents
0x000000023cc10000 	/System/Library/Frameworks/_GeoToolbox_AppIntents.framework/Versions/A/_GeoToolbox_AppIntents
0x00000001dcdd1000 	/System/Library/PrivateFrameworks/DiagnosticRequest.framework/Versions/A/DiagnosticRequest
0x0000000272ace000 	/System/Library/PrivateFrameworks/RegulatoryDomain.framework/Versions/A/RegulatoryDomain
0x00000001a5eb7000 	/usr/lib/libCTGreenTeaLogger.dylib
0x0000000261dea000 	/System/Library/PrivateFrameworks/LocalStatusKit.framework/Versions/A/LocalStatusKit
0x00000001b7d0e000 	/System/Library/PrivateFrameworks/CoreParsec.framework/Versions/A/CoreParsec
0x00000001d2f09000 	/System/Library/PrivateFrameworks/EmailAddressing.framework/Versions/A/EmailAddressing
0x00000001cece4000 	/System/Library/PrivateFrameworks/EmailCore.framework/Versions/A/EmailCore
0x00000001cfdd9000 	/System/Library/PrivateFrameworks/EmailFoundation.framework/Versions/A/EmailFoundation
0x000000026dc7a000 	/System/Library/PrivateFrameworks/PegasusAPI.framework/Versions/A/PegasusAPI
0x000000026ea36000 	/System/Library/PrivateFrameworks/PegasusConfiguration.framework/Versions/A/PegasusConfiguration
0x00000002833f8000 	/System/Library/PrivateFrameworks/ToolKit.framework/Versions/A/ToolKit
0x00000002732c1000 	/System/Library/PrivateFrameworks/ReplicatorEngine.framework/Versions/A/ReplicatorEngine
0x000000027347c000 	/System/Library/PrivateFrameworks/ReplicatorServices.framework/Versions/A/ReplicatorServices
0x0000000280086000 	/System/Library/PrivateFrameworks/SystemWake.framework/Versions/A/SystemWake
0x00000001bcaaa000 	/System/Library/PrivateFrameworks/ContextKit.framework/Versions/A/ContextKit
0x0000000247175000 	/System/Library/PrivateFrameworks/ContextKitCore.framework/Versions/A/ContextKitCore
0x00000001bb007000 	/System/Library/Frameworks/LocalAuthentication.framework/Support/DaemonUtils.framework/Versions/A/DaemonUtils
0x0000000261d4c000 	/System/Library/PrivateFrameworks/LocalAuthenticationCoreUI.framework/Versions/A/LocalAuthenticationCoreUI
0x00000001be484000 	/System/Library/PrivateFrameworks/BridgeXPC.framework/Versions/A/BridgeXPC
0x00000001bbcd8000 	/System/Library/PrivateFrameworks/CoreKDL.framework/Versions/A/CoreKDL
0x00000001ba2ec000 	/System/Library/PrivateFrameworks/EmbeddedOSSupportHost.framework/Versions/A/EmbeddedOSSupportHost
0x00000001ae830000 	/System/Library/PrivateFrameworks/LoginUIKit.framework/Versions/A/LoginUIKit
0x00000001cae2d000 	/System/Library/PrivateFrameworks/StorageKit.framework/Versions/A/StorageKit
0x0000000232042000 	/System/Library/Frameworks/DeviceCheck.framework/Versions/A/DeviceCheck
0x000000024e373000 	/System/Library/PrivateFrameworks/DiskImages2.framework/Versions/A/DiskImages2
0x00000001caea7000 	/System/Library/PrivateFrameworks/CoreWLANKit.framework/Versions/A/CoreWLANKit
0x0000000289178000 	/System/Library/PrivateFrameworks/Wallpaper.framework/Versions/A/Wallpaper
0x0000000292e79000 	/usr/lib/swift/libswiftGLKit.dylib
0x0000000292e85000 	/usr/lib/swift/libswiftMetalKit.dylib
0x0000000292e87000 	/usr/lib/swift/libswiftModelIO.dylib
0x0000000292f4a000 	/usr/lib/swift/libswiftSceneKit.dylib
0x00000001d3e97000 	/System/Library/PrivateFrameworks/DynamicDesktop.framework/Versions/A/DynamicDesktop
0x000000028930b000 	/System/Library/PrivateFrameworks/WallpaperFoundation.framework/Versions/A/WallpaperFoundation
0x000000028936a000 	/System/Library/PrivateFrameworks/WallpaperTypes.framework/Versions/A/WallpaperTypes
0x00000001e95c7000 	/System/Library/PrivateFrameworks/SystemDesktopAppearance.framework/Versions/A/SystemDesktopAppearance
0x000000028ecd2000 	/System/Library/PrivateFrameworks/icloudMCCKit.framework/Versions/A/icloudMCCKit
0x0000000241621000 	/System/Library/PrivateFrameworks/AppleAccountUI.framework/Versions/A/AppleAccountUI
0x00000001dd3f7000 	/System/Library/PrivateFrameworks/PreferencePanesSupport.framework/Versions/A/PreferencePanesSupport
0x00000001c2cbe000 	/System/Library/PrivateFrameworks/FindMyDeviceUI.framework/Versions/A/FindMyDeviceUI
0x000000028c8ab000 	/System/Library/PrivateFrameworks/iCloudQuotaUI.framework/Versions/A/iCloudQuotaUI
0x00000001dd5a8000 	/System/Library/PrivateFrameworks/CoreCDPUI.framework/Versions/A/CoreCDPUI
0x00000001bc803000 	/System/Library/PrivateFrameworks/CoreFollowUpUI.framework/Versions/A/CoreFollowUpUI
0x00000001c9923000 	/System/Library/PrivateFrameworks/IMCore.framework/Versions/A/IMCore
0x00000001b1815000 	/System/Library/PrivateFrameworks/CoreCDP.framework/Versions/A/CoreCDP
0x00000001ad1dd000 	/System/Library/PrivateFrameworks/AskPermission.framework/Versions/A/AskPermission
0x00000001c062a000 	/System/Library/Frameworks/Quartz.framework/Versions/A/Quartz
0x00000001cd398000 	/System/Library/PrivateFrameworks/CloudPhotoServicesConfiguration.framework/Versions/A/CloudPhotoServicesConfiguration
0x00000001becaa000 	/System/Library/PrivateFrameworks/CommerceKit.framework/Versions/A/CommerceKit
0x00000001cedb6000 	/System/Library/PrivateFrameworks/FindMyMac.framework/Versions/A/FindMyMac
0x00000001cec86000 	/System/Library/Frameworks/PreferencePanes.framework/Versions/A/PreferencePanes
0x00000001c2105000 	/System/Library/Frameworks/AddressBook.framework/Versions/A/AddressBook
0x00000001ac06f000 	/System/Library/PrivateFrameworks/AOSAccounts.framework/Versions/A/AOSAccounts
0x00000001a61bf000 	/System/Library/PrivateFrameworks/AppleSRP.framework/Versions/A/AppleSRP
0x00000001aab9c000 	/System/Library/PrivateFrameworks/NetFSServer.framework/Versions/A/NetFSServer
0x00000001bda12000 	/System/Library/Frameworks/PDFKit.framework/Versions/A/PDFKit
0x0000000292e9d000 	/usr/lib/swift/libswiftPassKit.dylib
0x00000001e16d0000 	/System/Library/Frameworks/PassKit.framework/Versions/A/PassKit
0x00000001ae93f000 	/System/Library/PrivateFrameworks/PassKitCore.framework/Versions/A/PassKitCore
0x000000026d594000 	/System/Library/PrivateFrameworks/PassKitMacHelperTemp.framework/Versions/A/PassKitMacHelperTemp
0x0000000291365000 	/usr/lib/libAppleSSE.dylib
0x00000001bb04f000 	/System/Library/PrivateFrameworks/BiometricKit.framework/Versions/A/BiometricKit
0x0000000273ada000 	/System/Library/PrivateFrameworks/SEService.framework/Versions/A/SEService
0x000000023594b000 	/System/Library/Frameworks/FinanceKit.framework/Versions/A/FinanceKit
0x00000001c06d6000 	/System/Library/PrivateFrameworks/NearField.framework/Versions/A/NearField
0x0000000273a51000 	/System/Library/PrivateFrameworks/SESShared.framework/Versions/A/SESShared
0x0000000273d5c000 	/System/Library/PrivateFrameworks/STSXPCHelperClient.framework/Versions/A/STSXPCHelperClient
0x00000001c251f000 	/usr/lib/libnfshared.dylib
0x000000027fe05000 	/System/Library/PrivateFrameworks/Symptoms.framework/Versions/A/Frameworks/SymptomPresentationFeed.framework/Versions/A/SymptomPresentationFeed
0x00000002420fc000 	/System/Library/PrivateFrameworks/AppleMediaServicesKitInternal.framework/Versions/A/AppleMediaServicesKitInternal
0x000000027fb3f000 	/System/Library/PrivateFrameworks/SymptomShared.framework/Versions/A/SymptomShared
0x00000001e4641000 	/System/Library/PrivateFrameworks/PassKitUIFoundation.framework/Versions/A/PassKitUIFoundation
0x00000001a5ae2000 	/System/Library/Frameworks/MapKit.framework/Versions/A/MapKit
0x00000002595b4000 	/System/Library/PrivateFrameworks/GeoAnalytics.framework/Versions/A/GeoAnalytics
0x00000001c254e000 	/System/Library/PrivateFrameworks/Navigation.framework/Versions/A/Navigation
0x00000001cc418000 	/System/Library/PrivateFrameworks/VectorKit.framework/Versions/A/VectorKit
0x00000001b3258000 	/System/Library/PrivateFrameworks/VirtualGarage.framework/Versions/A/VirtualGarage
0x00000001c274b000 	/System/Library/Frameworks/ExternalAccessory.framework/ExternalAccessory
0x00000001c2766000 	/System/Library/PrivateFrameworks/IAP.framework/Versions/A/IAP
0x00000001a5da4000 	/System/Library/PrivateFrameworks/IOPlatformPluginFamily.framework/Versions/A/IOPlatformPluginFamily
0x00000002434bc000 	/System/Library/PrivateFrameworks/AvatarKit.framework/Versions/A/AvatarKit
0x000000024357b000 	/System/Library/PrivateFrameworks/AvatarPersistence.framework/Versions/A/AvatarPersistence
0x000000023c07b000 	/System/Library/Frameworks/TipKit.framework/Versions/A/TipKit
0x00000001ae3e8000 	/System/Library/PrivateFrameworks/IMSharedUtilities.framework/Versions/A/IMSharedUtilities
0x0000000292e3e000 	/usr/lib/swift/libswiftAppleArchive.dylib
0x0000000285d90000 	/System/Library/PrivateFrameworks/VFX.framework/Versions/A/VFX
0x00000001df225000 	/System/Library/PrivateFrameworks/AppleCVA.framework/Versions/A/AppleCVA
0x000000024357a000 	/System/Library/PrivateFrameworks/AvatarKitContent.framework/Versions/A/AvatarKitContent
0x00000002378a1000 	/System/Library/Frameworks/MetalFX.framework/Versions/A/MetalFX
0x0000000246cee000 	/System/Library/PrivateFrameworks/CompositorNonUI.framework/Versions/A/CompositorNonUI
0x0000000233bb9000 	/System/Library/Frameworks/ARKit.framework/Versions/A/ARKit
0x000000023e8af000 	/System/Library/PrivateFrameworks/ARKitCore.framework/Versions/A/ARKitCore
0x0000000291456000 	/usr/lib/libDisplayWarpSupport.dylib
0x0000000248fc1000 	/System/Library/PrivateFrameworks/CoreComposite.framework/Versions/A/CoreComposite
0x0000000291e37000 	/usr/lib/libchannel.dylib
0x0000000292a97000 	/usr/lib/librealtime_safety.dylib
0x000000023e93b000 	/System/Library/PrivateFrameworks/ARKitFoundation.framework/Versions/A/ARKitFoundation
0x00000002416bd000 	/System/Library/PrivateFrameworks/AppleDepth.framework/Versions/A/AppleDepth
0x000000024183a000 	/System/Library/PrivateFrameworks/AppleDepthCore.framework/Versions/A/AppleDepthCore
0x00000001a5edf000 	/System/Library/PrivateFrameworks/CoreAppleCVA.framework/Versions/A/CoreAppleCVA
0x00000001b338e000 	/System/Library/PrivateFrameworks/ContactsUICore.framework/Versions/A/ContactsUICore
0x00000001bae7b000 	/System/Library/PrivateFrameworks/ContactsDonation.framework/Versions/A/ContactsDonation
0x00000001ba728000 	/System/Library/PrivateFrameworks/DataDetectors.framework/Versions/A/DataDetectors
0x00000001ac7f6000 	/System/Library/Frameworks/MediaLibrary.framework/Versions/A/MediaLibrary
0x00000001a6e17000 	/System/Library/PrivateFrameworks/PersonaKit.framework/Versions/A/PersonaKit
0x00000001b337b000 	/System/Library/PrivateFrameworks/PersonaUI.framework/Versions/A/PersonaUI
0x00000001ce67a000 	/System/Library/PrivateFrameworks/Transparency.framework/Versions/A/Transparency
0x000000024fed4000 	/System/Library/PrivateFrameworks/FindMyLocate.framework/Versions/A/FindMyLocate
0x00000001bc780000 	/System/Library/PrivateFrameworks/IntlPreferences.framework/Versions/A/IntlPreferences
0x000000024d020000 	/System/Library/PrivateFrameworks/CoreTransparency.framework/Versions/A/CoreTransparency
0x000000024fda8000 	/System/Library/PrivateFrameworks/FindMyCommon.framework/Versions/A/FindMyCommon
0x000000024fb7b000 	/System/Library/PrivateFrameworks/FindMyBase.framework/Versions/A/FindMyBase
0x0000000239339000 	/System/Library/Frameworks/NearbyInteraction.framework/Versions/A/NearbyInteraction
0x00000001a6a03000 	/System/Library/PrivateFrameworks/AddressBookCore.framework/Versions/A/AddressBookCore
0x00000001c22a2000 	/System/Library/PrivateFrameworks/ToneKit.framework/Versions/A/ToneKit
0x00000001bc7c7000 	/System/Library/PrivateFrameworks/ToneLibrary.framework/Versions/A/ToneLibrary
0x0000000246ff7000 	/System/Library/PrivateFrameworks/ContactsAccounts.framework/Versions/A/ContactsAccounts
0x00000001c0541000 	/System/Library/PrivateFrameworks/Lookup.framework/Versions/A/Lookup
0x0000000239c5a000 	/System/Library/Frameworks/QuickLookUI.framework/Versions/A/QuickLookUI
0x000000023a687000 	/System/Library/Frameworks/ScreenCaptureKit.framework/Versions/A/ScreenCaptureKit
0x00000001bd531000 	/System/Library/Frameworks/Quartz.framework/Versions/A/Frameworks/QuartzComposer.framework/Versions/A/QuartzComposer
0x00000001bc757000 	/System/Library/Frameworks/Quartz.framework/Versions/A/Frameworks/QuartzFilters.framework/Versions/A/QuartzFilters
0x00000001bb7dc000 	/System/Library/Frameworks/Quartz.framework/Versions/A/Frameworks/ImageKit.framework/Versions/A/ImageKit
0x00000002339ba000 	/System/Library/Frameworks/OpenCL.framework/Versions/A/OpenCL
0x00000001b9cc6000 	/System/Library/PrivateFrameworks/CorePDF.framework/Versions/A/CorePDF
0x00000001a3a0b000 	/System/Library/Frameworks/QuickLook.framework/Versions/A/QuickLook
0x00000001ae82b000 	/System/Library/PrivateFrameworks/DisplayServices.framework/Versions/A/DisplayServices
0x00000001bc6db000 	/System/Library/Frameworks/ImageCaptureCore.framework/Versions/A/ImageCaptureCore
0x0000000287cb8000 	/System/Library/PrivateFrameworks/VisionKitCore.framework/Versions/A/VisionKitCore
0x00000001b7cde000 	/System/Library/PrivateFrameworks/QuickLookSupport.framework/Versions/A/QuickLookSupport
0x000000026670b000 	/System/Library/PrivateFrameworks/MediaAnalysisServices.framework/Versions/A/MediaAnalysisServices
0x00000001bf4c8000 	/System/Library/PrivateFrameworks/PhotoLibraryServices.framework/Versions/A/PhotoLibraryServices
0x00000001bc2ec000 	/System/Library/Frameworks/Photos.framework/Versions/A/Photos
0x00000001d11ad000 	/System/Library/PrivateFrameworks/PhotosFormats.framework/Versions/A/PhotosFormats
0x0000000286de9000 	/System/Library/PrivateFrameworks/VectorSearch.framework/Versions/A/VectorSearch
0x00000001cd3c4000 	/System/Library/PrivateFrameworks/CloudPhotoLibrary.framework/Versions/A/CloudPhotoLibrary
0x00000001d6c5c000 	/System/Library/PrivateFrameworks/CloudPhotoServices.framework/Versions/A/CloudPhotoServices
0x00000001d308c000 	/System/Library/PrivateFrameworks/CoreMediaStream.framework/Versions/A/CoreMediaStream
0x00000001a74e6000 	/System/Library/PrivateFrameworks/CPAnalytics.framework/Versions/A/CPAnalytics
0x00000001cf412000 	/System/Library/PrivateFrameworks/MediaConversionService.framework/Versions/A/MediaConversionService
0x00000001ae3d4000 	/System/Library/PrivateFrameworks/PhotoFoundation.framework/Versions/A/PhotoFoundation
0x000000026f065000 	/System/Library/PrivateFrameworks/PhotoLibraryServicesCore.framework/Versions/A/PhotoLibraryServicesCore
0x00000001c9009000 	/System/Library/PrivateFrameworks/MMCS.framework/Versions/A/MMCS
0x00000001ac651000 	/System/Library/PrivateFrameworks/ChunkingLibrary.framework/Versions/A/ChunkingLibrary
0x00000001a618c000 	/System/Library/PrivateFrameworks/AssetCacheServices.framework/Versions/A/AssetCacheServices
0x00000001a8192000 	/System/Library/PrivateFrameworks/AVFoundationCF.framework/Versions/A/AVFoundationCF
0x00000001e76b7000 	/usr/lib/swift/libswiftDemangle.dylib
0x000000025ca85000 	/System/Library/PrivateFrameworks/ImageCaptureDevices.framework/Versions/A/ImageCaptureDevices
0x00000001ba9ec000 	/System/Library/PrivateFrameworks/MediaStream.framework/Versions/A/MediaStream
0x00000001cf900000 	/System/Library/PrivateFrameworks/NeutrinoCore.framework/Versions/A/NeutrinoCore
0x0000000195304000 	/System/Library/PrivateFrameworks/NLP.framework/Versions/A/NLP
0x00000001d59b1000 	/System/Library/PrivateFrameworks/PhotoImaging.framework/Versions/A/PhotoImaging
0x00000001d6c1d000 	/System/Library/PrivateFrameworks/PhotosImagingFoundation.framework/Versions/A/PhotosImagingFoundation
0x000000026fc10000 	/System/Library/PrivateFrameworks/PhotosIntelligenceCore.framework/Versions/A/PhotosIntelligenceCore
0x00000001a862a000 	/System/Library/PrivateFrameworks/EmbeddedAcousticRecognition.framework/Versions/A/EmbeddedAcousticRecognition
0x00000001c44dc000 	/System/Library/PrivateFrameworks/EmojiFoundation.framework/Versions/A/EmojiFoundation
0x00000001cd63e000 	/System/Library/PrivateFrameworks/SDAPI.framework/Versions/A/SDAPI
0x00000002607f1000 	/System/Library/PrivateFrameworks/IsolatedContextLogging.framework/Versions/A/IsolatedContextLogging
0x00000001d6c6b000 	/System/Library/PrivateFrameworks/AutoLoop.framework/Versions/A/AutoLoop
0x0000000270837000 	/System/Library/PrivateFrameworks/Portrait.framework/Versions/A/Portrait
0x00000002505fe000 	/System/Library/PrivateFrameworks/FusionTracker.framework/Versions/A/FusionTracker
0x00000001bcfb4000 	/System/Library/PrivateFrameworks/iTunesCloud.framework/Versions/A/iTunesCloud
0x00000001c6408000 	/System/Library/PrivateFrameworks/DAAPKit.framework/Versions/A/DAAPKit
0x00000001b8079000 	/System/Library/PrivateFrameworks/DeviceManagement.framework/Versions/A/DeviceManagement
0x00000001dcd23000 	/System/Library/PrivateFrameworks/ScreenTimeUI.framework/Versions/A/ScreenTimeUI
0x00000001ba722000 	/System/Library/PrivateFrameworks/QuickLookNonBaseSystem.framework/Versions/A/QuickLookNonBaseSystem
0x00000001baf52000 	/System/Library/PrivateFrameworks/Catalyst.framework/Versions/A/Catalyst
0x00000001bc97b000 	/System/Library/PrivateFrameworks/ScreenTimeCore.framework/Versions/A/ScreenTimeCore
0x00000001d0607000 	/System/Library/PrivateFrameworks/ScreenTimeServiceUI.framework/Versions/A/ScreenTimeServiceUI
0x00000001c919b000 	/System/Library/PrivateFrameworks/ConfigurationEngineModel.framework/Versions/A/ConfigurationEngineModel
0x00000001cc3d2000 	/System/Library/PrivateFrameworks/UsageTracking.framework/Versions/A/UsageTracking
0x0000000235598000 	/System/Library/Frameworks/DeviceActivity.framework/Versions/A/DeviceActivity
0x00000001cc3a1000 	/System/Library/PrivateFrameworks/KnowledgeMonitor.framework/Versions/A/KnowledgeMonitor
0x00000001e45e7000 	/System/Library/PrivateFrameworks/BluetoothManager.framework/Versions/A/BluetoothManager
0x0000000236c2b000 	/System/Library/Frameworks/ManagedSettings.framework/Versions/A/ManagedSettings
0x0000000265e46000 	/System/Library/PrivateFrameworks/ManagedSettingsSupport.framework/Versions/A/ManagedSettingsSupport
0x00000001e17a1000 	/System/Library/Frameworks/ReplayKit.framework/Versions/A/ReplayKit
0x00000001af853000 	/System/Library/PrivateFrameworks/MarkupUI.framework/Versions/A/MarkupUI
0x00000001ba6f9000 	/System/Library/PrivateFrameworks/SidecarCore.framework/Versions/A/SidecarCore
0x00000001bd3e5000 	/System/Library/PrivateFrameworks/AnnotationKit.framework/Versions/A/AnnotationKit
0x00000001bba0f000 	/System/Library/Frameworks/PencilKit.framework/Versions/A/PencilKit
0x00000001bbbd3000 	/System/Library/PrivateFrameworks/SidecarUI.framework/Versions/A/SidecarUI
0x00000001bb37a000 	/System/Library/PrivateFrameworks/CoreHandwriting.framework/Versions/A/CoreHandwriting
0x000000018eee6000 	/usr/lib/libmecabra.dylib
0x00000001b3989000 	/System/Library/PrivateFrameworks/Calculate.framework/Versions/A/Calculate
0x000000019edda000 	/usr/lib/libChineseTokenizer.dylib
0x00000001f3181000 	/System/Library/PrivateFrameworks/ScreenReaderCore.framework/Versions/A/ScreenReaderCore
0x000000027eea2000 	/System/Library/PrivateFrameworks/StocksKit.framework/Versions/A/StocksKit
0x00000001b2930000 	/System/Library/PrivateFrameworks/OAuth.framework/Versions/A/OAuth
0x000000027eb98000 	/System/Library/PrivateFrameworks/StocksCore.framework/Versions/A/StocksCore
0x000000028039c000 	/System/Library/PrivateFrameworks/TeaFoundation.framework/Versions/A/TeaFoundation
0x0000000280583000 	/System/Library/PrivateFrameworks/TeaSettings.framework/Versions/A/TeaSettings
0x00000001e8dd6000 	/System/Library/PrivateFrameworks/NewsCore.framework/Versions/A/NewsCore
0x0000000280339000 	/System/Library/PrivateFrameworks/TeaDB.framework/Versions/A/TeaDB
0x00000001e5760000 	/System/Library/PrivateFrameworks/RemoteConfiguration.framework/Versions/A/RemoteConfiguration
0x00000001e89ba000 	/System/Library/PrivateFrameworks/NewsTransport.framework/Versions/A/NewsTransport
0x00000001e8dc6000 	/System/Library/PrivateFrameworks/NewsFoundation.framework/Versions/A/NewsFoundation
0x000000026b75e000 	/System/Library/PrivateFrameworks/NewsURLBucket.framework/Versions/A/NewsURLBucket
0x00000001bf0c7000 	/System/Library/PrivateFrameworks/MobileInstallation.framework/Versions/A/MobileInstallation
0x000000023c1e4000 	/System/Library/Frameworks/Translation.framework/Versions/A/Translation
0x00000001d8648000 	/System/Library/PrivateFrameworks/RevealCore.framework/Versions/A/RevealCore
0x00000001d863c000 	/System/Library/PrivateFrameworks/Reveal.framework/Versions/A/Reveal
0x00000001d02b2000 	/System/Library/Frameworks/Speech.framework/Versions/A/Speech
0x000000023d6da000 	/System/Library/PrivateFrameworks/AIMLExperimentationAnalytics.framework/Versions/A/AIMLExperimentationAnalytics
0x000000023fb86000 	/System/Library/PrivateFrameworks/AlgorithmsInternal.framework/Versions/A/AlgorithmsInternal
0x0000000283cfe000 	/System/Library/PrivateFrameworks/TranslationUIServices.framework/Versions/A/TranslationUIServices
0x0000000282a4f000 	/System/Library/PrivateFrameworks/TipKitCore.framework/Versions/A/TipKitCore
0x00000001c4561000 	/System/Library/PrivateFrameworks/CoreCDPInternal.framework/Versions/A/CoreCDPInternal
0x000000025d25f000 	/System/Library/PrivateFrameworks/InputAnalytics.framework/Versions/A/InputAnalytics
0x00000001ca224000 	/System/Library/Frameworks/InstantMessage.framework/Versions/A/InstantMessage
0x00000001c2010000 	/System/Library/PrivateFrameworks/IDSKVStore.framework/Versions/A/IDSKVStore
0x00000001c1cae000 	/System/Library/PrivateFrameworks/IMDPersistence.framework/Versions/A/IMDPersistence
0x0000000285c8a000 	/System/Library/PrivateFrameworks/UserSafety.framework/Versions/A/UserSafety
0x00000001e364c000 	/System/Library/PrivateFrameworks/BlastDoor.framework/Versions/A/BlastDoor
0x0000000261958000 	/System/Library/PrivateFrameworks/LinkPresentationStyleSheetParsing.framework/Versions/A/LinkPresentationStyleSheetParsing
0x00000002709f8000 	/System/Library/PrivateFrameworks/PosterFoundation.framework/Versions/A/PosterFoundation
0x0000000270a86000 	/System/Library/PrivateFrameworks/PosterModel.framework/Versions/A/PosterModel
0x0000000270a60000 	/System/Library/PrivateFrameworks/PosterFuturesKit.framework/Versions/A/PosterFuturesKit
0x000000024f952000 	/System/Library/PrivateFrameworks/FeedbackService.framework/Versions/A/FeedbackService
0x00000001badcf000 	/System/Library/PrivateFrameworks/CoreSDB.framework/Versions/A/CoreSDB
0x0000000242c3b000 	/System/Library/PrivateFrameworks/AskToCore.framework/Versions/A/AskToCore
0x00000001dd5a5000 	/System/Library/PrivateFrameworks/MachineSettings.framework/Versions/A/MachineSettings
0x00000001cebff000 	/System/Library/PrivateFrameworks/BezelServices.framework/Versions/A/BezelServices
0x00000001c6493000 	/System/Library/PrivateFrameworks/SPOwner.framework/Versions/A/SPOwner
0x00000001bed0f000 	/System/Library/PrivateFrameworks/FMCore.framework/Versions/A/FMCore
0x000000028c7fd000 	/System/Library/PrivateFrameworks/iCloudQuota.framework/Versions/A/iCloudQuota
0x00000001b32f4000 	/System/Library/PrivateFrameworks/CoreRecognition.framework/Versions/A/CoreRecognition
0x00000001cecbf000 	/System/Library/PrivateFrameworks/InAppMessages.framework/Versions/A/InAppMessages
0x00000001f1d30000 	/System/Library/PrivateFrameworks/JetUI.framework/Versions/A/JetUI
0x0000000260b50000 	/System/Library/PrivateFrameworks/JetPack.framework/Versions/A/JetPack
0x00000001cecb6000 	/System/Library/PrivateFrameworks/InAppMessagesCore.framework/Versions/A/InAppMessagesCore
0x000000028bc13000 	/System/Library/PrivateFrameworks/_JetEngine_SwiftUI.framework/Versions/A/_JetEngine_SwiftUI
0x000000027fe2e000 	/System/Library/PrivateFrameworks/Synapse.framework/Versions/A/Synapse
0x0000000244eeb000 	/System/Library/PrivateFrameworks/CSExattrCrypto.framework/Versions/A/CSExattrCrypto
0x00000001c0238000 	/System/Library/PrivateFrameworks/StoreFoundation.framework/Versions/A/StoreFoundation
0x00000001bed09000 	/System/Library/PrivateFrameworks/ServerInformation.framework/Versions/A/ServerInformation
0x00000001be71e000 	/System/Library/PrivateFrameworks/Install.framework/Frameworks/DistributionKit.framework/Versions/A/DistributionKit
0x00000001b7ab2000 	/System/Library/PrivateFrameworks/PackageKit.framework/Versions/A/PackageKit
0x00000001be741000 	/System/Library/PrivateFrameworks/OSPersonalization.framework/Versions/A/OSPersonalization
0x00000001c079f000 	/System/Library/PrivateFrameworks/BridgeOSSoftwareUpdate.framework/Versions/A/BridgeOSSoftwareUpdate
0x00000001bb277000 	/System/Library/PrivateFrameworks/StorageManagement.framework/Versions/A/StorageManagement
0x00000001d0132000 	/usr/lib/libauthinstall.dylib
0x00000001c07a8000 	/System/Library/PrivateFrameworks/InstallerDiagnostics.framework/Versions/A/InstallerDiagnostics
0x00000001d07ef000 	/usr/lib/libcrypto.42.dylib
0x000000029337b000 	/usr/lib/updaters/libAppleTconUARPUpdater.dylib
0x0000000293510000 	/usr/lib/updaters/libT200Updater.dylib
0x00000001c078d000 	/System/Library/PrivateFrameworks/GPUInfo.framework/Versions/A/GPUInfo
0x00000001cedbc000 	/System/Library/PrivateFrameworks/MobileActivationMacOS.framework/Versions/A/MobileActivationMacOS
0x00000001b2874000 	/System/Library/PrivateFrameworks/AccountsDaemon.framework/Versions/A/AccountsDaemon
0x00000001c07eb000 	/System/Library/PrivateFrameworks/AOSKit.framework/Versions/A/AOSKit
0x000000019ef09000 	/System/Library/PrivateFrameworks/AppSSOCore.framework/Versions/A/AppSSOCore
0x0000000243689000 	/System/Library/PrivateFrameworks/BackgroundSystemTasks.framework/Versions/A/BackgroundSystemTasks
0x00000001aabd6000 	/System/Library/PrivateFrameworks/DuetActivityScheduler.framework/Versions/A/DuetActivityScheduler
0x00000001cd2ef000 	/System/Library/PrivateFrameworks/NetworkServiceProxy.framework/Versions/A/NetworkServiceProxy
0x00000001a5e18000 	/usr/lib/libnetworkextension.dylib
0x000000027fb4f000 	/System/Library/PrivateFrameworks/Symptoms.framework/Versions/A/Frameworks/SymptomAnalytics.framework/Versions/A/SymptomAnalytics
0x00000001a2927000 	/System/Library/Frameworks/NetworkExtension.framework/Versions/A/NetworkExtension
0x00000001a92f0000 	/System/Library/PrivateFrameworks/CoreDuetContext.framework/Versions/A/CoreDuetContext
0x0000000193958000 	/System/Library/PrivateFrameworks/CoreDuet.framework/Versions/A/CoreDuet
0x00000001ae10e000 	/System/Library/PrivateFrameworks/AssistantServices.framework/Versions/A/AssistantServices
0x00000001a82d6000 	/System/Library/PrivateFrameworks/SAObjects.framework/Versions/A/SAObjects
0x00000001adcf4000 	/System/Library/PrivateFrameworks/MediaRemote.framework/Versions/A/MediaRemote
0x000000027c3c5000 	/System/Library/PrivateFrameworks/SiriTTSService.framework/Versions/A/SiriTTSService
0x0000000276abd000 	/System/Library/PrivateFrameworks/SiriCrossDeviceArbitration.framework/Versions/A/SiriCrossDeviceArbitration
0x000000024f4dc000 	/System/Library/PrivateFrameworks/FaceTimeNameUtility.framework/Versions/A/FaceTimeNameUtility
0x0000000276b11000 	/System/Library/PrivateFrameworks/SiriCrossDeviceArbitrationFeedback.framework/Versions/A/SiriCrossDeviceArbitrationFeedback
0x00000001cf644000 	/System/Library/PrivateFrameworks/UIKitServices.framework/Versions/A/UIKitServices
0x00000001b3104000 	/System/Library/PrivateFrameworks/MediaServices.framework/Versions/A/MediaServices
0x000000019f353000 	/System/Library/PrivateFrameworks/PersistentConnection.framework/Versions/A/PersistentConnection
0x000000027dcaf000 	/System/Library/PrivateFrameworks/SonicFoundation.framework/Versions/A/SonicFoundation
0x00000001c2d11000 	/usr/lib/libtailspin.dylib
0x00000001d6d7d000 	/System/Library/PrivateFrameworks/Osprey.framework/Versions/A/Osprey
0x000000027ba45000 	/System/Library/PrivateFrameworks/SiriTTS.framework/Versions/A/SiriTTS
0x000000027a604000 	/System/Library/PrivateFrameworks/SiriPowerInstrumentation.framework/Versions/A/SiriPowerInstrumentation
0x0000000280337000 	/System/Library/PrivateFrameworks/TailspinSymbolication.framework/Versions/A/TailspinSymbolication
0x000000024d832000 	/System/Library/PrivateFrameworks/Darwinup.framework/Versions/A/Darwinup
0x00000001cf44d000 	/System/Library/PrivateFrameworks/SignpostSupport.framework/Versions/A/SignpostSupport
0x00000001bad4c000 	/System/Library/PrivateFrameworks/FeatureFlagsSupport.framework/Versions/A/FeatureFlagsSupport
0x00000001ceb0d000 	/System/Library/PrivateFrameworks/ktrace.framework/Versions/A/ktrace
0x00000001cf67c000 	/System/Library/PrivateFrameworks/SampleAnalysis.framework/Versions/A/SampleAnalysis
0x00000001d8616000 	/System/Library/PrivateFrameworks/kperfdata.framework/Versions/A/kperfdata
0x00000001a3b49000 	/usr/lib/libdscsym.dylib
0x00000001d8aeb000 	/System/Library/PrivateFrameworks/BulkSymbolication.framework/Versions/A/BulkSymbolication
0x00000001abd24000 	/System/Library/PrivateFrameworks/CoreDuetDaemonProtocol.framework/Versions/A/CoreDuetDaemonProtocol
0x00000001c00b9000 	/System/Library/PrivateFrameworks/CaptiveNetwork.framework/Versions/A/CaptiveNetwork
0x00000001aa11d000 	/System/Library/PrivateFrameworks/EAP8021X.framework/Versions/A/EAP8021X
0x000000024d5f7000 	/System/Library/PrivateFrameworks/CryptoKitPrivate.framework/Versions/A/CryptoKitPrivate
0x00000001ba31c000 	/System/Library/PrivateFrameworks/FindMyDevice.framework/Versions/A/FindMyDevice
0x00000001ae91e000 	/System/Library/PrivateFrameworks/FMCoreLite.framework/Versions/A/FMCoreLite
0x000000019c97a000 	/System/Library/Frameworks/ServiceManagement.framework/Versions/A/ServiceManagement
0x00000001c1c2c000 	/System/Library/Frameworks/Accelerate.framework/Versions/A/Frameworks/vImage.framework/Versions/A/Libraries/libCGInterfaces.dylib
0x00000001476b4000 	/System/Library/Extensions/AGXMetalG13X.bundle/Contents/MacOS/AGXMetalG13X
0x00000001b2f9e000 	/System/Library/PrivateFrameworks/IOGPU.framework/Versions/A/IOGPU
0x0000000233838000 	/System/Library/Frameworks/OpenGL.framework/Versions/A/Resources/GLEngine.bundle/GLEngine
0x00000002336d8000 	/System/Library/Frameworks/OpenGL.framework/Versions/A/Libraries/libGLProgrammability.dylib
0x0000000129f44000 	/System/Library/Extensions/AppleMetalOpenGLRenderer.bundle/Contents/MacOS/AppleMetalOpenGLRenderer
0x0000000233996000 	/System/Library/Frameworks/OpenGL.framework/Versions/A/Resources/GLRendererFloat.bundle/GLRendererFloat
0x000000012ecb4000 	/private/var/folders/97/0x7l_2j54nz3607j4cfqcp300000gn/T/libjcocoa6974294701147619565.dylib
0x00000001c5267000 	/System/Library/CoreServices/RawCamera.bundle/Contents/MacOS/RawCamera
0x00000001ca940000 	/System/Library/PrivateFrameworks/TextToSpeech.framework/Versions/A/TextToSpeech
0x00000001cfc0c000 	/System/Library/PrivateFrameworks/AXAssetLoader.framework/Versions/A/AXAssetLoader
0x000000027f655000 	/System/Library/PrivateFrameworks/SwiftSQLite.framework/Versions/A/SwiftSQLite
0x000000023ef7a000 	/System/Library/PrivateFrameworks/AccessibilityUtilities.framework/Versions/A/AccessibilityUtilities
0x00000001ba5c8000 	/System/Library/PrivateFrameworks/AccessibilitySharedSupport.framework/Versions/A/AccessibilitySharedSupport
0x00000001dcd72000 	/System/Library/PrivateFrameworks/AXRuntime.framework/Versions/A/AXRuntime
0x00000001c00c7000 	/System/Library/PrivateFrameworks/UniversalAccess.framework/Versions/A/UniversalAccess
0x000000027410f000 	/System/Library/PrivateFrameworks/Sage.framework/Versions/A/Sage
0x00000001ceafd000 	/System/Library/PrivateFrameworks/AccessibilitySupport.framework/Versions/A/AccessibilitySupport
0x00000001d07ab000 	/System/Library/PrivateFrameworks/UniversalAccess.framework/Versions/A/Frameworks/UniversalAccessCore.framework/Versions/A/UniversalAccessCore
0x00000001d8ac2000 	/System/Library/PrivateFrameworks/AccessibilitySupport.framework/Versions/A/Frameworks/AccessibilityEvents.framework/Versions/A/AccessibilityEvents
0x00000001cf827000 	/System/Library/PrivateFrameworks/AccessibilitySupport.framework/Versions/A/Frameworks/AccessibilityFoundation.framework/Versions/A/AccessibilityFoundation
0x00000001d89eb000 	/System/Library/PrivateFrameworks/AccessibilitySupport.framework/Versions/A/Frameworks/AccessibilityKit.framework/Versions/A/AccessibilityKit
0x00000001d8a55000 	/System/Library/PrivateFrameworks/AccessibilitySupport.framework/Versions/A/Frameworks/AccessibilityVisuals.framework/Versions/A/AccessibilityVisuals
0x00000001a82a1000 	/System/Library/PrivateFrameworks/BatteryUIKit.framework/Versions/A/BatteryUIKit
0x000000028574e000 	/System/Library/PrivateFrameworks/UniversalControl.framework/Versions/A/UniversalControl
0x00000001aab8e000 	/usr/lib/libScreenReader.dylib
0x0000000280b51000 	/System/Library/PrivateFrameworks/TextInputUI.framework/Versions/A/TextInputUI
0x0000000280b87000 	/System/Library/PrivateFrameworks/TextInputUIMacHelper.framework/Versions/A/TextInputUIMacHelper
0x000000023eb8b000 	/System/Library/PrivateFrameworks/AccessibilityBundles.framework/Versions/A/AccessibilityBundles
0x00000001c5257000 	/System/Library/PrivateFrameworks/SafariPlatformSupport.framework/Versions/A/SafariPlatformSupport
0x0000000150344000 	/System/Library/Components/CoreAudio.component/Contents/MacOS/CoreAudio
0x000000015012c000 	/System/Library/Frameworks/Security.framework/Versions/A/PlugIns/csparser.bundle/Contents/MacOS/csparser
0x000000012fa68000 	/Users/charlieichikowitz/Library/Application Support/ModrinthApp/profiles/Ramen%20simple%20mods%201.0.2.2/config/spark/tmp/spark-a1ada171c6f0-libasyncProfiler.so.tmp
0x0000000165140000 	/Users/charlieichikowitz/Library/Application Support/ModrinthApp/meta/java_versions/zulu25.34.17-ca-jre25.0.3-macosx_aarch64/Contents/Home/lib/libjsound.dylib

JVMTI agents:
/private/var/folders/97/0x7l_2j54nz3607j4cfqcp300000gn/T/.tmpKt6OWx/theseus.jar path:none, loaded, initialized, instrumentlib options:none


VM Arguments:
jvm_args: --sun-misc-unsafe-memory-access=allow --enable-native-access=ALL-UNNAMED -Djava.library.path=/Users/charlieichikowitz/Library/Application Support/ModrinthApp/meta/natives/26.2-0.19.5/java -Djna.tmpdir=/Users/charlieichikowitz/Library/Application Support/ModrinthApp/meta/natives/26.2-0.19.5/jna -Dorg.lwjgl.system.SharedLibraryExtractPath=/Users/charlieichikowitz/Library/Application Support/ModrinthApp/meta/natives/26.2-0.19.5/lwjgl -Dio.netty.native.workdir=/Users/charlieichikowitz/Library/Application Support/ModrinthApp/meta/natives/26.2-0.19.5/netty -Dminecraft.launcher.brand=theseus -Dminecraft.launcher.version=0.21.2 -DFabricMcEmu=net.minecraft.client.main.Main -Xmx6144M -Dlog4j.configurationFile=/Users/charlieichikowitz/Library/Application Support/ModrinthApp/meta/log_configs/client-1.21.2.xml -javaagent:/private/var/folders/97/0x7l_2j54nz3607j4cfqcp300000gn/T/.tmpKt6OWx/theseus.jar -Dmodrinth.internal.ipc.host=127.0.0.1 -Dmodrinth.internal.ipc.port=53754 -Dmodrinth.internal.quickPlay.serverVersion=BUILTIN -XX:+UseG1GC -XX:+ParallelRefProcEnabled -XX:MaxGCPauseMillis=10 -XX:+UnlockExperimentalVMOptions -XX:+DisableExplicitGC -XX:G1NewSizePercent=20 -XX:G1MaxNewSizePercent=30 -XX:G1HeapRegionSize=8M -XX:G1ReservePercent=15 -XX:G1HeapWastePercent=5 -XX:G1MixedGCCountTarget=4 --add-opens=java.base/java.lang.reflect=ALL-UNNAMED --add-opens=jdk.internal/jdk.internal.misc=ALL-UNNAMED 
java_command: com.modrinth.theseus.MinecraftLaunch net.fabricmc.loader.impl.launch.knot.KnotClient --username ImBisy --version 26.2 --gameDir /Users/charlieichikowitz/Library/Application Support/ModrinthApp/profiles/Ramen%20simple%20mods%201.0.2.2 --assetsDir /Users/charlieichikowitz/Library/Application Support/ModrinthApp/meta/assets --assetIndex 32 --uuid c3c58c0d75c64303a63e7b64c9c23b77 --accessToken eyJraWQiOiIwNDkxODEiLCJhbGciOiJSUzI1NiJ9.eyJ4dWlkIjoiMjUzNTQ0NTM0OTE2MTMzNSIsImFnZyI6IkFkdWx0Iiwic3ViIjoiMzQxMjllYTQtM2YwNC00ODdiLWJkMGUtNjNjZGY2ZmVkMDBkIiwiYXV0aCI6IlhCT1giLCJucyI6ImRlZmF1bHQiLCJyb2xlcyI6W10sImlzcyI6ImF1dGhlbnRpY2F0aW9uIiwiZmxhZ3MiOlsibXVsdGlwbGF5ZXIiXSwicHJvZmlsZXMiOnsibWMiOiJjM2M1OGMwZC03NWM2LTQzMDMtYTYzZS03YjY0YzljMjNiNzcifSwicG1pZCI6Ijk0MjExNTkwLWJhY2ItNWQyZS1iNmQxLTIwNjljY2EwMjlmMyIsInBsYXRmb3JtIjoiUENfTEFVTkNIRVIiLCJ0aWQiOiJFOTlCMCIsInBmZCI6W3sidHlwZSI6Im1jIiwiaWQiOiJjM2M1OGMwZC03NWM2LTQzMDMtYTYzZS03YjY0YzljMjNiNzciLCJuYW1lIjoiSW1CaXN5In1dLCJ4aWQiOiIyNTM1NDQ1MzQ5MTYxMzM1IiwibmJmIjoxNzg5NDA2MTExLCJleHAiOjE3ODk0OTI1MTEsImlhdCI6MTc4OTQwNjExMSwiYWlkIjoiMDAwMDAwMDAtMDAwMC0wMDAwLTAwMDAtMDAwMDQwMmI1MzI4In0.JG7rC2EqPD1DBGHcbyppDNUWOeeQ_QCcowvwrDHCiDdnBIh_LgaS9YC9a0UirrBz0Xmbc3cOfJ5I8j93bOoooYCZJOr_1pKuxksPmrP7MIZbybohzDfcgSyLtX1yWvRN4EiQ7yYWryA8S8l80jgFtF0dGbP4CwqedRrpFAduBCIeEpawGKKqaGqGUNdE1KjNY0or5rvq4HXfovscGoxT1RiA-dt0gUpbulX2WFbpsQYepASIRu1PA92xMZ1RMaQXdIDz_qr7zd6u28--FQcizCvPDILyhez42_17-B4tNWu423KH4KuSX2NMJw2bXUFVANsO6WEHFsDiYZb9eWKK1Q --clientId c4502edb-87c6-40cb-b595-64a280cf8906 --xuid 0 --versionType release --width 854 --height 480
java_class_path (initial): /private/var/folders/97/0x7l_2j54nz3607j4cfqcp300000gn/T/.tmpKt6OWx/theseus.jar:/Users/charlieichikowitz/Library/Application Support/ModrinthApp/meta/versions/26.2-0.19.5/26.2-0.19.5.jar:/Users/charlieichikowitz/Library/Application Support/ModrinthApp/meta/libraries/at/yawk/lz4/lz4-java/1.10.1/lz4-java-1.10.1.jar:/Users/charlieichikowitz/Library/Application Support/ModrinthApp/meta/libraries/ca/weblite/java-objc-bridge/1.1/java-objc-bridge-1.1.jar:/Users/charlieichikowitz/Library/Application Support/ModrinthApp/meta/libraries/com/azure/azure-json/1.4.0/azure-json-1.4.0.jar:/Users/charlieichikowitz/Library/Application Support/ModrinthApp/meta/libraries/com/github/oshi/oshi-core/6.9.0/oshi-core-6.9.0.jar:/Users/charlieichikowitz/Library/Application Support/ModrinthApp/meta/libraries/com/google/code/gson/gson/2.14.0/gson-2.14.0.jar:/Users/charlieichikowitz/Library/Application Support/ModrinthApp/meta/libraries/com/google/guava/failureaccess/1.0.3/failureaccess-1.0.3.jar:/Users/charlieichikowitz/Library/Application Support/ModrinthApp/meta/libraries/com/google/guava/guava/33.6.0-jre/guava-33.6.0-jre.jar:/Users/charlieichikowitz/Library/Application Support/ModrinthApp/meta/libraries/com/ibm/icu/icu4j/78.3/icu4j-78.3.jar:/Users/charlieichikowitz/Library/Application Support/ModrinthApp/meta/libraries/com/microsoft/azure/msal4j/1.24.1/msal4j-1.24.1.jar:/Users/charlieichikowitz/Library/Application Support/ModrinthApp/meta/libraries/com/mojang/authlib/9.0.75/authlib-9.0.75.jar:/Users/charlieichikowitz/Library/Application Support/ModrinthApp/meta/libraries/com/mojang/blocklist/1.0.10/blocklist-1.0.10.jar:/Users/charlieichikowitz/Library/Application Support/ModrinthApp/meta/libraries/com/mojang/brigadier/1.3.10/brigadier-1.3.10.jar:/Users/charlieichikowitz/Library/Application Support/ModrinthApp/meta/libraries/com/mojang/datafixerupper/10.0.21/datafixerupper-10.0.21.jar:/Users/charlieichikowitz/Library/Application Support/ModrinthApp/meta/libraries/com/mojang/jtracy/1.0.37/jtracy-1.0.37.jar:/Users/charlieichikowitz/Library/Application Support/ModrinthApp/meta/libraries/com/mojang/jtracy/1.0.37/jtracy-1.0.37-natives-macos.jar:/Users/charlieichikowitz/Library/Application Support/ModrinthApp/meta/libraries/com/mojang/jtracy/1.0.37/jtracy-1.0.37-natives-macos-arm64.jar:/Users/charlieichikowitz/Library/Application Support/ModrinthApp/meta/libraries/com/mojang/logging/1.7.12/logging-1.7.12.jar:/Users/charlieichikowitz/Library/Application Support/ModrinthApp/meta/libraries/com/mojang/patchy/2.2.10/patchy-2.2.10.jar:/Users/charlieichikowitz/Library/Application Support/ModrinthApp/meta/libraries/com/mojang/text2speech/1.19.12/text2speech-1.19.12.jar:/Users/charlieichikowitz/Library/Application Support/ModrinthApp/meta/libraries/commons-codec/commons-codec/1.22.0/commons-codec-1.22.0.jar:/Users/charlieichikowitz/Library/Application Support/ModrinthApp/meta/libraries/commons-io/commons-io/2.20.0/commons-io-2.20.0.jar:/Users/charlieichikowitz/Library/Application Support/ModrinthApp/meta/libraries/io/netty/netty-buffer/4.2.15.Final/netty-buffer-4.2.15.Final.jar:/Users/charlieichikowitz/Library/Application Support/ModrinthApp/meta/libraries/io/netty/netty-codec-base/4.2.15.Final/netty-codec-base-4.2.15.Final.jar:/Users/charlieichikowitz/Library/Application Support/ModrinthApp/meta/libraries/io/netty/netty-codec-compression/4.2.15.Final/netty-codec-compression-4.2.15.Final.jar:/Users/charlieichikowitz/Library/Application Support/ModrinthApp/meta/libraries/io/netty/netty-codec-http/4.2.15.Final/netty-codec-http-4.2.15.Final.jar:/Users/charlieichikowitz/Library/Application Support/ModrinthApp/meta/libraries/io/netty/netty-common/4.2.15.Final/netty-common-4.2.15.Final.jar:/Users/charlieichikowitz/Library/Application Support/ModrinthApp/meta/libraries/io/netty/netty-handler/4.2.15.Final/netty-handler-4.2.15.Final.jar:/Users/charlieichikowitz/Library/Application Support/ModrinthApp/meta/libraries/io/netty/netty-resolver/4.2.15.Final/netty-resolver-4.2.15.Final.jar:/Users/charlieichikowitz/Library/Application Support/ModrinthApp/meta/libraries/io/netty/netty-transport-classes-epoll/4.2.15.Final/netty-transport-classes-epoll-4.2.15.Final.jar:/Users/charlieichikowitz/Library/Application Support/ModrinthApp/meta/libraries/io/netty/netty-transport-classes-kqueue/4.2.15.Final/netty-transport-classes-kqueue-4.2.15.Final.jar:/Users/charlieichikowitz/Library/Application Support/ModrinthApp/meta/libraries/io/netty/netty-transport-native-kqueue/4.2.15.Final/netty-transport-native-kqueue-4.2.15.Final-osx-aarch_64.jar:/Users/charlieichikowitz/Library/Application Support/ModrinthApp/meta/libraries/io/netty/netty-transport-native-kqueue/4.2.15.Final/netty-transport-native-kqueue-4.2.15.Final-osx-x86_64.jar:/Users/charlieichikowitz/Library/Application Support/ModrinthApp/meta/libraries/io/netty/netty-transport-native-unix-common/4.2.15.Final/netty-transport-native-unix-common-4.2.15.Final.jar:/Users/charlieichikowitz/Library/Application Support/ModrinthApp/meta/libraries/io/netty/netty-transport/4.2.15.Final/netty-transport-4.2.15.Final.jar:/Users/charlieichikowitz/Library/Application Support/ModrinthApp/meta/libraries/it/unimi/dsi/fastutil/8.5.18/fastutil-8.5.18.jar:/Users/charlieichikowitz/Library/Application Support/ModrinthApp/meta/libraries/net/java/dev/jna/jna-platform/5.17.0/jna-platform-5.17.0.jar:/Users/charlieichikowitz/Library/Application Support/ModrinthApp/meta/libraries/net/java/dev/jna/jna/5.17.0/jna-5.17.0.jar:/Users/charlieichikowitz/Library/Application Support/ModrinthApp/meta/libraries/net/sf/jopt-simple/jopt-simple/5.0.4/jopt-simple-5.0.4.jar:/Users/charlieichikowitz/Library/Application Support/ModrinthApp/meta/libraries/org/apache/commons/commons-compress/1.28.0/commons-compress-1.28.0.jar:/Users/charlieichikowitz/Library/Application Support/ModrinthApp/meta/libraries/org/apache/commons/commons-lang3/3.20.0/commons-lang3-3.20.0.jar:/Users/charlieichikowitz/Library/Application Support/ModrinthApp/meta/libraries/org/apache/logging/log4j/log4j-api/2.26.0/log4j-api-2.26.0.jar:/Users/charlieichikowitz/Library/Application Support/ModrinthApp/meta/libraries/org/apache/logging/log4j/log4j-core/2.26.0/log4j-core-2.26.0.jar:/Users/charlieichikowitz/Library/Application Support/ModrinthApp/meta/libraries/org/apache/logging/log4j/log4j-slf4j2-impl/2.26.0/log4j-slf4j2-impl-2.26.0.jar:/Users/charlieichikowitz/Library/Application Support/ModrinthApp/meta/libraries/org/jcraft/jorbis/0.0.17/jorbis-0.0.17.jar:/Users/charlieichikowitz/Library/Application Support/ModrinthApp/meta/libraries/org/joml/joml/1.10.8/joml-1.10.8.jar:/Users/charlieichikowitz/Library/Application Support/ModrinthApp/meta/libraries/org/jspecify/jspecify/1.0.0/jspecify-1.0.0.jar:/Users/charlieichikowitz/Library/Application Support/ModrinthApp/meta/libraries/org/lwjgl/lwjgl-freetype/3.4.1/lwjgl-freetype-3.4.1.jar:/Users/charlieichikowitz/Library/Application Support/ModrinthApp/meta/libraries/org/lwjgl/lwjgl-freetype/3.4.1/lwjgl-freetype-3.4.1-natives-macos.jar:/Users/charlieichikowitz/Library/Application Support/ModrinthApp/meta/libraries/org/lwjgl/lwjgl-freetype/3.4.1/lwjgl-freetype-3.4.1-natives-macos-arm64.jar:/Users/charlieichikowitz/Library/Application Support/ModrinthApp/meta/libraries/org/lwjgl/lwjgl-glfw/3.4.1/lwjgl-glfw-3.4.1.jar:/Users/charlieichikowitz/Library/Application Support/ModrinthApp/meta/libraries/org/lwjgl/lwjgl-glfw/3.4.1/lwjgl-glfw-3.4.1-natives-macos.jar:/Users/charlieichikowitz/Library/Application Support/ModrinthApp/meta/libraries/org/lwjgl/lwjgl-glfw/3.4.1/lwjgl-glfw-3.4.1-natives-macos-arm64.jar:/Users/charlieichikowitz/Library/Application Support/ModrinthApp/meta/libraries/org/lwjgl/lwjgl-jemalloc/3.4.1/lwjgl-jemalloc-3.4.1.jar:/Users/charlieichikowitz/Library/Application Support/ModrinthApp/meta/libraries/org/lwjgl/lwjgl-jemalloc/3.4.1/lwjgl-jemalloc-3.4.1-natives-macos.jar:/Users/charlieichikowitz/Library/Application Support/ModrinthApp/meta/libraries/org/lwjgl/lwjgl-jemalloc/3.4.1/lwjgl-jemalloc-3.4.1-natives-macos-arm64.jar:/Users/charlieichikowitz/Library/Application Support/ModrinthApp/meta/libraries/org/lwjgl/lwjgl-openal/3.4.1/lwjgl-openal-3.4.1.jar:/Users/charlieichikowitz/Library/Application Support/ModrinthApp/meta/libraries/org/lwjgl/lwjgl-openal/3.4.1/lwjgl-openal-3.4.1-natives-macos.jar:/Users/charlieichikowitz/Library/Application Support/ModrinthApp/meta/libraries/org/lwjgl/lwjgl-openal/3.4.1/lwjgl-openal-3.4.1-natives-macos-arm64.jar:/Users/charlieichikowitz/Library/Application Support/ModrinthApp/meta/libraries/org/lwjgl/lwjgl-opengl/3.4.1/lwjgl-opengl-3.4.1.jar:/Users/charlieichikowitz/Library/Application Support/ModrinthApp/meta/libraries/org/lwjgl/lwjgl-opengl/3.4.1/lwjgl-opengl-3.4.1-natives-macos.jar:/Users/charlieichikowitz/Library/Application Support/ModrinthApp/meta/libraries/org/lwjgl/lwjgl-opengl/3.4.1/lwjgl-opengl-3.4.1-natives-macos-arm64.jar:/Users/charlieichikowitz/Library/Application Support/ModrinthApp/meta/libraries/org/lwjgl/lwjgl-shaderc/3.4.1/lwjgl-shaderc-3.4.1.jar:/Users/charlieichikowitz/Library/Application Support/ModrinthApp/meta/libraries/org/lwjgl/lwjgl-shaderc/3.4.1/lwjgl-shaderc-3.4.1-natives-macos.jar:/Users/charlieichikowitz/Library/Application Support/ModrinthApp/meta/libraries/org/lwjgl/lwjgl-shaderc/3.4.1/lwjgl-shaderc-3.4.1-natives-macos-arm64.jar:/Users/charlieichikowitz/Library/Application Support/ModrinthApp/meta/libraries/org/lwjgl/lwjgl-spvc/3.4.1/lwjgl-spvc-3.4.1.jar:/Users/charlieichikowitz/Library/Application Support/ModrinthApp/meta/libraries/org/lwjgl/lwjgl-spvc/3.4.1/lwjgl-spvc-3.4.1-natives-macos.jar:/Users/charlieichikowitz/Library/Application Support/ModrinthApp/meta/libraries/org/lwjgl/lwjgl-spvc/3.4.1/lwjgl-spvc-3.4.1-natives-macos-arm64.jar:/Users/charlieichikowitz/Library/Application Support/ModrinthApp/meta/libraries/org/lwjgl/lwjgl-stb/3.4.1/lwjgl-stb-3.4.1.jar:/Users/charlieichikowitz/Library/Application Support/ModrinthApp/meta/libraries/org/lwjgl/lwjgl-stb/3.4.1/lwjgl-stb-3.4.1-natives-macos.jar:/Users/charlieichikowitz/Library/Application Support/ModrinthApp/meta/libraries/org/lwjgl/lwjgl-stb/3.4.1/lwjgl-stb-3.4.1-natives-macos-arm64.jar:/Users/charlieichikowitz/Library/Application Support/ModrinthApp/meta/libraries/org/lwjgl/lwjgl-tinyfd/3.4.1/lwjgl-tinyfd-3.4.1.jar:/Users/charlieichikowitz/Library/Application Support/ModrinthApp/meta/libraries/org/lwjgl/lwjgl-tinyfd/3.4.1/lwjgl-tinyfd-3.4.1-natives-macos.jar:/Users/charlieichikowitz/Library/Application Support/ModrinthApp/meta/libraries/org/lwjgl/lwjgl-tinyfd/3.4.1/lwjgl-tinyfd-3.4.1-natives-macos-arm64.jar:/Users/charlieichikowitz/Library/Application Support/ModrinthApp/meta/libraries/org/lwjgl/lwjgl-vma/3.4.1/lwjgl-vma-3.4.1.jar:/Users/charlieichikowitz/Library/Application Support/ModrinthApp/meta/libraries/org/lwjgl/lwjgl-vma/3.4.1/lwjgl-vma-3.4.1-natives-macos.jar:/Users/charlieichikowitz/Library/Application Support/ModrinthApp/meta/libraries/org/lwjgl/lwjgl-vma/3.4.1/lwjgl-vma-3.4.1-natives-macos-arm64.jar:/Users/charlieichikowitz/Library/Application Support/ModrinthApp/meta/libraries/org/lwjgl/lwjgl-vulkan/3.4.1/lwjgl-vulkan-3.4.1.jar:/Users/charlieichikowitz/Library/Application Support/ModrinthApp/meta/libraries/org/lwjgl/lwjgl-vulkan/3.4.1/lwjgl-vulkan-3.4.1-natives-macos.jar:/Users/charlieichikowitz/Library/Application Support/ModrinthApp/meta/libraries/org/lwjgl/lwjgl-vulkan/3.4.1/lwjgl-vulkan-3.4.1-natives-macos-arm64.jar:/Users/charlieichikowitz/Library/Application Support/ModrinthApp/meta/libraries/org/lwjgl/lwjgl/3.4.1/lwjgl-3.4.1-natives-macos.jar:/Users/charlieichikowitz/Library/Application Support/ModrinthApp/meta/libraries/org/lwjgl/lwjgl/3.4.1/lwjgl-3.4.1-natives-macos-arm64.jar:/Users/charlieichikowitz/Library/Application Support/ModrinthApp/meta/libraries/org/lwjgl/lwjgl/3.4.1/lwjgl-3.4.1-unsafe.jar:/Users/charlieichikowitz/Library/Application Support/ModrinthApp/meta/libraries/org/slf4j/slf4j-api/2.0.17/slf4j-api-2.0.17.jar:/Users/charlieichikowitz/Library/Application Support/ModrinthApp/meta/libraries/org/ow2/asm/asm/9.10.1/asm-9.10.1.jar:/Users/charlieichikowitz/Library/Application Support/ModrinthApp/meta/libraries/org/ow2/asm/asm-analysis/9.10.1/asm-analysis-9.10.1.jar:/Users/charlieichikowitz/Library/Application Support/ModrinthApp/meta/libraries/org/ow2/asm/asm-commons/9.10.1/asm-commons-9.10.1.jar:/Users/charlieichikowitz/Library/Application Support/ModrinthApp/meta/libraries/org/ow2/asm/asm-tree/9.10.1/asm-tree-9.10.1.jar:/Users/charlieichikowitz/Library/Application Support/ModrinthApp/meta/libraries/org/ow2/asm/asm-util/9.10.1/asm-util-9.10.1.jar:/Users/charlieichikowitz/Library/Application Support/ModrinthApp/meta/libraries/net/fabricmc/sponge-mixin/0.17.4+mixin.0.8.7/sponge-mixin-0.17.4+mixin.0.8.7.jar:/Users/charlieichikowitz/Library/Application Support/ModrinthApp/meta/libraries/net/fabricmc/intermediary/26.2/intermediary-26.2.jar:/Users/charlieichikowitz/Library/Application Support/ModrinthApp/meta/libraries/net/fabricmc/fabric-loader/0.19.5/fabric-loader-0.19.5.jar
Launcher Type: SUN_STANDARD

[Global flags]
     intx CICompilerCount                          = 4                                         {product} {ergonomic}
     uint ConcGCThreads                            = 2                                         {product} {ergonomic}
     bool DisableExplicitGC                        = true                                      {product} {command line}
     uint G1ConcRefinementThreads                  = 8                                         {product} {ergonomic}
     uint G1EagerReclaimRemSetThreshold            = 64                                   {experimental} {ergonomic}
   size_t G1HeapRegionSize                         = 8388608                                   {product} {command line}
     uint G1HeapWastePercent                       = 5                                         {product} {command line}
     uint G1MaxNewSizePercent                      = 30                                   {experimental} {command line}
    uintx G1MixedGCCountTarget                     = 4                                         {product} {command line}
     uint G1NewSizePercent                         = 20                                   {experimental} {command line}
     uint G1RemSetArrayOfCardsEntries              = 64                                   {experimental} {ergonomic}
     uint G1RemSetHowlMaxNumBuckets                = 8                                    {experimental} {ergonomic}
     uint G1RemSetHowlNumBuckets                   = 8                                    {experimental} {ergonomic}
     uint G1ReservePercent                         = 15                                        {product} {command line}
   size_t InitialHeapSize                          = 268435456                                 {product} {ergonomic}
   size_t MarkStackSize                            = 4194304                                   {product} {ergonomic}
   size_t MarkStackSizeMax                         = 536870912                                 {product} {ergonomic}
    uintx MaxGCPauseMillis                         = 10                                        {product} {command line}
   size_t MaxHeapSize                              = 6442450944                                {product} {command line}
   size_t MaxNewSize                               = 1929379840                                {product} {ergonomic}
   size_t MinHeapDeltaBytes                        = 8388608                                   {product} {ergonomic}
   size_t MinHeapSize                              = 8388608                                   {product} {ergonomic}
    uintx NonNMethodCodeHeapSize                   = 5849088                                {pd product} {ergonomic}
    uintx NonProfiledCodeHeapSize                  = 122912768                              {pd product} {ergonomic}
     bool ParallelRefProcEnabled                   = true                                      {product} {command line}
    uintx ProfiledCodeHeapSize                     = 122912768                              {pd product} {ergonomic}
    uintx ReservedCodeCacheSize                    = 251674624                              {pd product} {ergonomic}
     bool SegmentedCodeCache                       = true                                      {product} {ergonomic}
   size_t SoftMaxHeapSize                          = 6442450944                             {manageable} {ergonomic}
     bool UnlockExperimentalVMOptions              = true                                 {experimental} {command line}
     bool UseCompressedOops                        = true                           {product lp64_product} {ergonomic}
     bool UseG1GC                                  = true                                      {product} {command line}
     bool UseNUMA                                  = false                                     {product} {ergonomic}
     bool UseNUMAInterleaving                      = false                                     {product} {ergonomic}

Logging:
Log output configuration:
 #0: stdout all=warning uptime,level,tags foldmultilines=false
 #1: stderr all=off uptime,level,tags foldmultilines=false

Release file:
IMPLEMENTOR="Azul Systems, Inc."
IMPLEMENTOR_VERSION="Zulu25.34+17-CA"
JAVA_RUNTIME_VERSION="25.0.3+9-LTS"
JAVA_VERSION="25.0.3"
JAVA_VERSION_DATE="2026-04-21"
LIBC="default"
MODULES="java.base com.azul.tooling java.logging java.management java.security.sasl java.naming jdk.jfr com.azul.crs.client java.compiler java.datatransfer java.xml java.prefs java.desktop java.instrument java.rmi java.management.rmi java.net.http java.scripting java.security.jgss java.transaction.xa java.sql java.sql.rowset java.xml.crypto java.se java.smartcardio jdk.accessibility jdk.charsets jdk.crypto.cryptoki jdk.dynalink jdk.internal.vm.ci jdk.graal.compiler jdk.graal.compiler.management jdk.httpserver jdk.incubator.vector jdk.jdwp.agent jdk.jsobject jdk.localedata jdk.management jdk.management.agent jdk.management.jfr jdk.naming.dns jdk.naming.rmi jdk.net jdk.nio.mapmode jdk.sctp jdk.security.auth jdk.security.jgss jdk.unsupported jdk.xml.dom jdk.zipfs"
OS_ARCH="aarch64"
OS_NAME="Darwin"
SOURCE=".:git:a6c8c3aa940a"

Environment Variables:
PATH=/usr/bin:/bin:/usr/sbin:/sbin
SHELL=/bin/zsh
TMPDIR=/var/folders/97/0x7l_2j54nz3607j4cfqcp300000gn/T/

Active Locale:
LC_ALL=C
LC_COLLATE=C
LC_CTYPE=C
LC_MESSAGES=C
LC_MONETARY=C
LC_NUMERIC=C
LC_TIME=C

Signal Handlers:
   SIGSEGV: crash_handler in libjvm.dylib, mask=11100110000111110111111111111111, flags=SA_ONSTACK|SA_RESTART|SA_SIGINFO, unblocked
    SIGBUS: crash_handler in libjvm.dylib, mask=11100110000111110111111111111111, flags=SA_RESTART|SA_SIGINFO, unblocked
    SIGFPE: crash_handler in libjvm.dylib, mask=11100110000111110111111111111111, flags=SA_RESTART|SA_SIGINFO, unblocked
   SIGPIPE: javaSignalHandler in libjvm.dylib, mask=11100110000111110111111111111111, flags=SA_RESTART|SA_SIGINFO, blocked
   SIGXFSZ: javaSignalHandler in libjvm.dylib, mask=11100110000111110111111111111111, flags=SA_RESTART|SA_SIGINFO, blocked
    SIGILL: crash_handler in libjvm.dylib, mask=11100110000111110111111111111111, flags=SA_RESTART|SA_SIGINFO, unblocked
   SIGUSR2: SR_handler in libjvm.dylib, mask=00000000000000000000000000000000, flags=SA_RESTART|SA_SIGINFO, blocked
    SIGHUP: UserHandler in libjvm.dylib, mask=11100110000111110111111111111111, flags=SA_RESTART|SA_SIGINFO, blocked
    SIGINT: UserHandler in libjvm.dylib, mask=11100110000111110111111111111111, flags=SA_RESTART|SA_SIGINFO, blocked
   SIGTERM: UserHandler in libjvm.dylib, mask=11100110000111110111111111111111, flags=SA_RESTART|SA_SIGINFO, blocked
   SIGQUIT: UserHandler in libjvm.dylib, mask=11100110000111110111111111111111, flags=SA_RESTART|SA_SIGINFO, blocked
   SIGTRAP: crash_handler in libjvm.dylib, mask=11100110000111110111111111111111, flags=SA_RESTART|SA_SIGINFO, unblocked


Compilation memory statistics disabled.

Periodic native trim disabled

---------------  S Y S T E M  ---------------

OS:
uname: Darwin 25.6.0 Darwin Kernel Version 25.6.0: Fri Jul 31 19:18:49 PDT 2026; root:xnu-12377.161.14~5/RELEASE_ARM64_T6000 arm64
OS uptime: 5 days 15:30 hours
rlimit (soft/hard): STACK 8176k/65520k , CORE 0k/infinity , NPROC 2666/4000 , NOFILE 1048576/infinity , AS infinity/infinity , CPU infinity/infinity , DATA infinity/infinity , FSIZE infinity/infinity , MEMLOCK infinity/infinity , RSS infinity/infinity
load average: 13.24 9.40 7.39

CPU: total 8 (initial active 8) 0x61:0x0:0x1b588bb3:0, fp, asimd, aes, pmull, sha1, sha256, crc32, lse, sha3, sha512
machdep.cpu.brand_string:Apple M1 Pro
hw.cachelinesize:128
hw.l1icachesize:131072
hw.l1dcachesize:65536
hw.l2cachesize:4194304

Memory: 16k page, physical 16777216k(3272208k free), swap 2097152k(996160k free)

vm_info: OpenJDK 64-Bit Server VM (25.0.3+9-LTS) for bsd-aarch64 JRE (25.0.3+9-LTS) (Zulu25.34+17-CA), built on 2026-04-17T21:16:51Z with clang Apple LLVM 14.0.3 (clang-1403.0.22.14.1)

END.
