#
# A fatal error has been detected by the Java Runtime Environment:
#
#  SIGSEGV (0xb) at pc=0x0000000233759b84, pid=77963, tid=259
#
# JRE version: OpenJDK Runtime Environment Zulu25.34+17-CA (25.0.3+9) (build 25.0.3+9-LTS)
# Java VM: OpenJDK 64-Bit Server VM Zulu25.34+17-CA (25.0.3+9-LTS, mixed mode, sharing, tiered, compressed oops, compressed class ptrs, g1 gc, bsd-aarch64)
# Problematic frame:
# C  [libGLProgrammability.dylib+0x81b84]  glpLLVMGetFunctionGlobalVariableUse+0x1e8
#
# No core dump will be written. Core dumps have been disabled. To enable core dumping, try "ulimit -c unlimited" before starting Java again
#
# If you would like to submit a bug report, please visit:
#   http://www.azul.com/support/
# The crash happened outside the Java Virtual Machine in native code.
# See problematic frame for where to report the bug.
#

---------------  S U M M A R Y ------------

Command Line: --sun-misc-unsafe-memory-access=allow --enable-native-access=ALL-UNNAMED -Djava.library.path=/Users/charlieichikowitz/Library/Application Support/ModrinthApp/meta/natives/26.2-0.19.5/java -Djna.tmpdir=/Users/charlieichikowitz/Library/Application Support/ModrinthApp/meta/natives/26.2-0.19.5/jna -Dorg.lwjgl.system.SharedLibraryExtractPath=/Users/charlieichikowitz/Library/Application Support/ModrinthApp/meta/natives/26.2-0.19.5/lwjgl -Dio.netty.native.workdir=/Users/charlieichikowitz/Library/Application Support/ModrinthApp/meta/natives/26.2-0.19.5/netty -Dminecraft.launcher.brand=theseus -Dminecraft.launcher.version=0.21.4 -DFabricMcEmu=net.minecraft.client.main.Main -Xmx8192M -Dlog4j.configurationFile=/Users/charlieichikowitz/Library/Application Support/ModrinthApp/meta/log_configs/client-1.21.2.xml -javaagent:/private/var/folders/97/0x7l_2j54nz3607j4cfqcp300000gn/T/.tmp2mosaO/theseus.jar -Dmodrinth.internal.ipc.host=127.0.0.1 -Dmodrinth.internal.ipc.port=63337 -Dmodrinth.internal.quickPlay.serverVersion=BUILTIN -XX:+UseG1GC -XX:+ParallelRefProcEnabled -XX:MaxGCPauseMillis=10 -XX:+UnlockExperimentalVMOptions -XX:+DisableExplicitGC -XX:G1NewSizePercent=20 -XX:G1MaxNewSizePercent=30 -XX:G1HeapRegionSize=8M -XX:G1ReservePercent=15 -XX:G1HeapWastePercent=5 -XX:G1MixedGCCountTarget=4 --add-opens=java.base/java.lang.reflect=ALL-UNNAMED --add-opens=jdk.internal/jdk.internal.misc=ALL-UNNAMED com.modrinth.theseus.MinecraftLaunch net.fabricmc.loader.impl.launch.knot.KnotClient --username ImBisy --version 26.2 --gameDir /Users/charlieichikowitz/Library/Application Support/ModrinthApp/profiles/Ramen simple mods 1.0.3.1 1.0.0 --assetsDir /Users/charlieichikowitz/Library/Application Support/ModrinthApp/meta/assets --assetIndex 32 --uuid c3c58c0d75c64303a63e7b64c9c23b77 --accessToken eyJraWQiOiIwNDkxODEiLCJhbGciOiJSUzI1NiJ9.eyJ4dWlkIjoiMjUzNTQ0NTM0OTE2MTMzNSIsImFnZyI6IkFkdWx0Iiwic3ViIjoiMzQxMjllYTQtM2YwNC00ODdiLWJkMGUtNjNjZGY2ZmVkMDBkIiwiYXV0aCI6IlhCT1giLCJucyI6ImRlZmF1bHQiLCJyb2xlcyI6W10sImlzcyI6ImF1dGhlbnRpY2F0aW9uIiwiZmxhZ3MiOlsibXVsdGlwbGF5ZXIiXSwicHJvZmlsZXMiOnsibWMiOiJjM2M1OGMwZC03NWM2LTQzMDMtYTYzZS03YjY0YzljMjNiNzcifSwicG1pZCI6IjRlOWY5OWI0LTdhNzYtNTRiZC1iOTBlLTI3ZmNiNzNmM2JiNiIsInBsYXRmb3JtIjoiUENfTEFVTkNIRVIiLCJ0aWQiOiJFOTlCMCIsInBmZCI6W3sidHlwZSI6Im1jIiwiaWQiOiJjM2M1OGMwZC03NWM2LTQzMDMtYTYzZS03YjY0YzljMjNiNzciLCJuYW1lIjoiSW1CaXN5In1dLCJ4aWQiOiIyNTM1NDQ1MzQ5MTYxMzM1IiwibmJmIjoxNzg5ODQyNjQyLCJleHAiOjE3ODk5MjkwNDIsImlhdCI6MTc4OTg0MjY0MiwiYWlkIjoiMDAwMDAwMDAtMDAwMC0wMDAwLTAwMDAtMDAwMDQwMmI1MzI4In0.HHz6dr3nDfAD-DQztm7UByua3UV0l-Q-Mfbkpsnagmk0OyBwiekxRckP70IfoMMJvqEvpHDyN1o9UdYjfqVDCbeUSU8G6ByeZARbHwJGTgWbT4lclzeRT7AcM_4jQYeFHQ9roie63CK7sv8bXstDaGw_gyccq91h-7EK5JE7YKXFPC5qNBp8su1LHPHN0xvfc5tLdu1_pEzNLjH4tFW9mViZL4VopsfEbi5zpgQatzbQ-XYH3yZZO4edGQg3uIuWCCKJ70c-7fivWgNIczk_rJF0RpvCzqVRrAE1BD1lE1jaC6gLM2gTm7jYEPgZ_OZsGU4QSxd1_T_RHNo653js-w --clientId c4502edb-87c6-40cb-b595-64a280cf8906 --xuid 0 --versionType release --width 854 --height 480

Host: "MacBookPro18,3" arm64, 8 cores, 16G, Darwin 25.6.0, macOS 26.6.2 (25G83)
Time: Sun Sep 20 12:12:21 2026 BST elapsed time: 811.697169 seconds (0d 0h 13m 31s)

---------------  T H R E A D  ---------------

Current thread (0x00000001035d32d0):  JavaThread "Render thread"        [_thread_in_native, id=259, stack(0x000000016c870000,0x000000016d06c000) (8176K)]

Stack: [0x000000016c870000,0x000000016d06c000],  sp=0x000000016d060d60,  free space=8131k
Native frames: (J=compiled Java code, j=interpreted, Vv=VM code, C=native code)
C  [libGLProgrammability.dylib+0x81b84]  glpLLVMGetFunctionGlobalVariableUse+0x1e8
C  [libGLProgrammability.dylib+0x81c20]  glpLLVMGetFunctionGlobalVariableUse+0x284
C  [libGLProgrammability.dylib+0x81c20]  glpLLVMGetFunctionGlobalVariableUse+0x284
C  [libGLProgrammability.dylib+0x81c20]  glpLLVMGetFunctionGlobalVariableUse+0x284
C  [libGLProgrammability.dylib+0x81c20]  glpLLVMGetFunctionGlobalVariableUse+0x284
C  [libGLProgrammability.dylib+0x81c20]  glpLLVMGetFunctionGlobalVariableUse+0x284
C  [libGLProgrammability.dylib+0x81c20]  glpLLVMGetFunctionGlobalVariableUse+0x284
C  [libGLProgrammability.dylib+0x81c20]  glpLLVMGetFunctionGlobalVariableUse+0x284
C  [libGLProgrammability.dylib+0x81c20]  glpLLVMGetFunctionGlobalVariableUse+0x284
C  [libGLProgrammability.dylib+0x81c20]  glpLLVMGetFunctionGlobalVariableUse+0x284
C  [libGLProgrammability.dylib+0x8055c]  glpLLVMCGFindSamplersAndBuffers+0x484
C  [libGLProgrammability.dylib+0x7f494]  glpLLVMCGTopLevel+0xb24
C  [libGLProgrammability.dylib+0xa7dd8]  glpLinkProgram+0x2808
C  [libGLProgrammability.dylib+0xc0b98]  ShLink+0xd0
C  [GLEngine+0xf5e30]  gleLinkProgram+0x470
C  [GLEngine+0x73d40]  glLinkProgramARB_Exec+0xb4
J 25358  org.lwjgl.opengl.GL20C.glLinkProgram(I)V (0 bytes) @ 0x0000000117b22ea0 [0x0000000117b22e00+0x00000000000000a0]
J 143937 c1 com.mojang.blaze3d.opengl.GlStateManager.glLinkProgram(I)V (8 bytes) @ 0x0000000111ca9630 [0x0000000111ca9480+0x00000000000001b0]
j  net.irisshaders.iris.gl.shader.ProgramCreator.create(Ljava/lang/String;[Lnet/irisshaders/iris/gl/shader/GlShader;)I+111
j  net.irisshaders.iris.gl.program.ProgramBuilder.begin(Ljava/lang/String;Ljava/lang/String;Ljava/lang/String;Ljava/lang/String;Lcom/google/common/collect/ImmutableSet;)Lnet/irisshaders/iris/gl/program/ProgramBuilder;+106
j  net.irisshaders.iris.pipeline.CompositeRenderer.createProgram(Lnet/irisshaders/iris/shaderpack/programs/ProgramSource;Lcom/google/common/collect/ImmutableSet;Lcom/google/common/collect/ImmutableSet;Ljava/util/function/Supplier;)Lnet/irisshaders/iris/gl/program/Program;+141
j  net.irisshaders.iris.pipeline.CompositeRenderer.<init>(Lnet/irisshaders/iris/pipeline/WorldRenderingPipeline;Lnet/irisshaders/iris/pipeline/CompositePass;Lnet/irisshaders/iris/shaderpack/properties/PackDirectives;[Lnet/irisshaders/iris/shaderpack/programs/ProgramSource;[[Lnet/irisshaders/iris/shaderpack/programs/ComputeSource;Lnet/irisshaders/iris/targets/RenderTargets;Lnet/irisshaders/iris/gl/buffer/ShaderStorageBufferHolder;Lnet/irisshaders/iris/gl/texture/TextureAccess;Lnet/irisshaders/iris/uniforms/FrameUpdateNotifier;Lnet/irisshaders/iris/pathways/CenterDepthSampler;Lnet/irisshaders/iris/targets/BufferFlipper;Ljava/util/function/Supplier;Lnet/irisshaders/iris/shaderpack/texture/TextureStage;Lit/unimi/dsi/fastutil/objects/Object2ObjectMap;Lit/unimi/dsi/fastutil/objects/Object2ObjectMap;Ljava/util/Set;Lcom/google/common/collect/ImmutableMap;Lnet/irisshaders/iris/uniforms/custom/CustomUniforms;)V+306
j  net.irisshaders.iris.pipeline.IrisRenderingPipeline.<init>(Lnet/irisshaders/iris/shaderpack/programs/ProgramSet;)V+1482
j  net.irisshaders.iris.Iris.createPipeline(Lnet/irisshaders/iris/shaderpack/materialmap/NamespacedId;)Lnet/irisshaders/iris/pipeline/WorldRenderingPipeline;+33
j  net.irisshaders.iris.Iris$$Lambda+0x00007ff002dbd980.apply(Ljava/lang/Object;)Ljava/lang/Object;+4
j  net.irisshaders.iris.pipeline.PipelineManager.preparePipeline(Lnet/irisshaders/iris/shaderpack/materialmap/NamespacedId;)Lnet/irisshaders/iris/pipeline/WorldRenderingPipeline;+53
j  net.irisshaders.iris.Iris.reload()V+33
j  net.irisshaders.iris.apiimpl.IrisApiV0ConfigImpl.setShadersEnabledAndApply(Z)V+26
j  net.irisshaders.iris.gui.screen.ShaderPackScreen.applyChanges()V+159
j  net.irisshaders.iris.gui.screen.ShaderPackScreen.lambda$init$1(Lnet/minecraft/client/gui/components/Button;)V+1
j  net.irisshaders.iris.gui.screen.ShaderPackScreen$$Lambda+0x00007ff004abf408.onPress(Lnet/minecraft/client/gui/components/Button;)V+5
j  net.minecraft.client.gui.components.Button.onPress(Lnet/minecraft/client/input/InputWithModifiers;)V+5
j  net.minecraft.client.gui.components.AbstractButton.onClick(Lnet/minecraft/client/input/MouseButtonEvent;Z)V+2
j  net.minecraft.client.gui.components.AbstractWidget.mouseClicked(Lnet/minecraft/client/input/MouseButtonEvent;Z)Z+50
j  net.minecraft.client.gui.components.events.ContainerEventHandler.mouseClicked(Lnet/minecraft/client/input/MouseButtonEvent;Z)Z+100
j  net.irisshaders.iris.gui.screen.ShaderPackScreen.mouseClicked(Lnet/minecraft/client/input/MouseButtonEvent;Z)Z+148
j  net.minecraft.client.MouseHandler.mixinextras$bridge$mouseClicked$104([Ljava/lang/Object;)Ljava/lang/Boolean;+38
j  net.minecraft.client.MouseHandler$$Lambda+0x00007ff003bc4910.call([Ljava/lang/Object;)Ljava/lang/Object;+1
j  net.minecraft.client.MouseHandler.wrapOperation$zei000$architectury$wrapMouseClicked(Lnet/minecraft/client/gui/screens/Screen;Lnet/minecraft/client/input/MouseButtonEvent;ZLcom/llamalad7/mixinextras/injector/wrapoperation/Operation;)Z+65
j  net.minecraft.client.MouseHandler.mixinextras$bridge$wrapOperation$zei000$architectury$wrapMouseClicked$108(Lcom/llamalad7/mixinextras/injector/wrapoperation/Operation;[Ljava/lang/Object;)Ljava/lang/Boolean;+40
j  net.minecraft.client.MouseHandler$$Lambda+0x00007ff003bc4b40.call([Ljava/lang/Object;)Ljava/lang/Object;+9
j  net.minecraft.client.MouseHandler.wrapOperation$dgi000$fabric-screen-api-v1$invokeMouseClickedEvents(Lnet/minecraft/client/gui/screens/Screen;Lnet/minecraft/client/input/MouseButtonEvent;ZLcom/llamalad7/mixinextras/injector/wrapoperation/Operation;)Z+64
j  net.minecraft.client.MouseHandler.onButton(JLnet/minecraft/client/input/MouseButtonInfo;I)V+591
j  net.minecraft.client.MouseHandler.lambda$setup$3(JLnet/minecraft/client/input/MouseButtonInfo;I)V+5
j  net.minecraft.client.MouseHandler$$Lambda+0x00007ff003bb8480.run()V+16
J 112429 c2 net.minecraft.util.thread.ReentrantBlockableEventLoop.doRunTask(Ljava/lang/Runnable;)V (42 bytes) @ 0x0000000119832200 [0x0000000119832180+0x0000000000000080]
J 74569 c2 net.minecraft.util.thread.BlockableEventLoop.execute(Ljava/lang/Runnable;)V (27 bytes) @ 0x000000011921c92c [0x000000011921c840+0x00000000000000ec]
j  net.minecraft.client.MouseHandler.lambda$setup$2(JIII)V+27
j  net.minecraft.client.MouseHandler$$Lambda+0x00007ff0035958e0.invoke(JIII)V+10
j  org.lwjgl.glfw.GLFWMouseButtonCallback$Container.invoke(JIII)V+10
j  bre2el.fpsreducer.handler.glfw.InputEventHandler$MouseButtonEventHandler.invoke(JIII)V+59
j  org.lwjgl.glfw.GLFWMouseButtonCallbackI.callback(JJ)V+48
v  ~StubRoutines::call_stub 0x00000001173fc154
V  [libjvm.dylib+0x4f8cd8]  JavaCalls::call_helper(JavaValue*, methodHandle const&, JavaCallArguments*, JavaThread*)+0x3e4
V  [libjvm.dylib+0x576254]  jni_invoke_nonstatic(JNIEnv_*, JavaValue*, _jobject*, JNICallType, _jmethodID*, JNI_ArgumentPusher*, JavaThread*)+0x40c
V  [libjvm.dylib+0x57aef0]  jni_CallVoidMethod+0x110
C  [liblwjgl.dylib+0x35e30]
C  [liblwjgl.dylib+0x5dcc]
C  [liblwjgl.dylib+0x82e8]
C  [AppKit+0x1cec64]  -[NSWindow(NSEventRouting) _handleMouseDownEvent:isDelayedEvent:]+0xe70
C  [AppKit+0x15d224]  -[NSWindow(NSEventRouting) _reallySendEvent:isDelayedEvent:]+0x1ec
C  [AppKit+0x15ce94]  -[NSWindow(NSEventRouting) sendEvent:]+0x17c
C  [AppKit+0xbcd4c8]  -[NSApplication(NSEventRouting) sendEvent:]+0x4fc
C  [libglfw.dylib+0x14d84]
J 32712  org.lwjgl.system.JNI.invokeV(J)V (0 bytes) @ 0x00000001189e1ba0 [0x00000001189e1b00+0x00000000000000a0]
J 34902 c2 com.mojang.blaze3d.systems.RenderSystem.pollEvents()V (27 bytes) @ 0x0000000118b3ccc4 [0x0000000118b3cbc0+0x0000000000000104]
j  net.minecraft.client.Minecraft.run()V+103
j  net.minecraft.client.main.Main.main([Ljava/lang/String;)V+1646
j  java.lang.invoke.LambdaForm$DMH+0x00007ff001098400.invokeStaticInit(Ljava/lang/Object;Ljava/lang/Object;)V+10 java.base@25.0.3
j  java.lang.invoke.LambdaForm$MH+0x00007ff00135c800.invokeExact_MT(Ljava/lang/Object;Ljava/lang/Object;Ljava/lang/Object;)V+19 java.base@25.0.3
j  net.fabricmc.loader.impl.game.minecraft.MinecraftGameProvider.launch(Ljava/lang/ClassLoader;)V+74
j  net.fabricmc.loader.impl.launch.knot.Knot.launch([Ljava/lang/String;Lnet/fabricmc/api/EnvType;)V+40
j  net.fabricmc.loader.impl.launch.knot.KnotClient.main([Ljava/lang/String;)V+4
j  java.lang.invoke.LambdaForm$DMH+0x00007ff001044800.invokeStatic(Ljava/lang/Object;Ljava/lang/Object;)V+10 java.base@25.0.3
j  java.lang.invoke.LambdaForm$MH+0x00007ff001084800.invoke(Ljava/lang/Object;Ljava/lang/Object;Ljava/lang/Object;)Ljava/lang/Object;+33 java.base@25.0.3
j  java.lang.invoke.Invokers$Holder.invokeExact_MT(Ljava/lang/Object;Ljava/lang/Object;Ljava/lang/Object;Ljava/lang/Object;)Ljava/lang/Object;+20 java.base@25.0.3
j  jdk.internal.reflect.DirectMethodHandleAccessor.invokeImpl(Ljava/lang/Object;[Ljava/lang/Object;)Ljava/lang/Object;+55 java.base@25.0.3
j  jdk.internal.reflect.DirectMethodHandleAccessor.invoke(Ljava/lang/Object;[Ljava/lang/Object;)Ljava/lang/Object;+23 java.base@25.0.3
j  java.lang.reflect.Method.invoke(Ljava/lang/Object;[Ljava/lang/Object;)Ljava/lang/Object;+102 java.base@25.0.3
j  com.modrinth.theseus.MinecraftLaunch.relaunch(Ljava/lang/String;[Ljava/lang/String;)V+138
j  com.modrinth.theseus.MinecraftLaunch.main([Ljava/lang/String;)V+90
v  ~StubRoutines::call_stub 0x00000001173fc154
V  [libjvm.dylib+0x4f8cd8]  JavaCalls::call_helper(JavaValue*, methodHandle const&, JavaCallArguments*, JavaThread*)+0x3e4
V  [libjvm.dylib+0x57f6b8]  jni_invoke_static(JNIEnv_*, JavaValue*, _jobject*, JNICallType, _jmethodID*, JNI_ArgumentPusher*, JavaThread*)+0x174
V  [libjvm.dylib+0x583248]  jni_CallStaticVoidMethod+0x108
C  [libjli.dylib+0xa768]  JavaMain+0x918
C  [libjli.dylib+0xd738]  __JVMInit_block_invoke+0x48
C  [Foundation+0x3e24c]  __NSBLOCKOPERATION_IS_CALLING_OUT_TO_A_BLOCK__+0x18
C  [Foundation+0x3e11c]  -[NSBlockOperation main]+0x58
C  [Foundation+0x3e0bc]  __NSOPERATION_IS_INVOKING_MAIN__+0x10
C  [Foundation+0x3d4c8]  -[NSOperation start]+0x280
C  [Foundation+0x78bcc]  __NSThreadPerformPerform+0x108
C  [CoreFoundation+0x7df60]  __CFRUNLOOP_IS_CALLING_OUT_TO_A_SOURCE0_PERFORM_FUNCTION__+0x1c
C  [CoreFoundation+0x7def4]  __CFRunLoopDoSource0+0xac
C  [CoreFoundation+0x7dc60]  __CFRunLoopDoSources0+0xe8
C  [CoreFoundation+0x7c884]  __CFRunLoopRun+0x334
C  [CoreFoundation+0x14f264]  _CFRunLoopRunSpecificWithOptions+0x214
C  [libjli.dylib+0xcd24]  CreateExecutionEnvironment+0x19c
C  [libjli.dylib+0x7e5c]  JLI_Launch+0x230
C  [java+0x3bb8]  main+0x194
...<more frames>...
Java frames: (J=compiled Java code, j=interpreted, Vv=VM code)
J 25358  org.lwjgl.opengl.GL20C.glLinkProgram(I)V (0 bytes) @ 0x0000000117b22e70 [0x0000000117b22e00+0x0000000000000070]
J 143937 c1 com.mojang.blaze3d.opengl.GlStateManager.glLinkProgram(I)V (8 bytes) @ 0x0000000111ca9630 [0x0000000111ca9480+0x00000000000001b0]
j  net.irisshaders.iris.gl.shader.ProgramCreator.create(Ljava/lang/String;[Lnet/irisshaders/iris/gl/shader/GlShader;)I+111
j  net.irisshaders.iris.gl.program.ProgramBuilder.begin(Ljava/lang/String;Ljava/lang/String;Ljava/lang/String;Ljava/lang/String;Lcom/google/common/collect/ImmutableSet;)Lnet/irisshaders/iris/gl/program/ProgramBuilder;+106
j  net.irisshaders.iris.pipeline.CompositeRenderer.createProgram(Lnet/irisshaders/iris/shaderpack/programs/ProgramSource;Lcom/google/common/collect/ImmutableSet;Lcom/google/common/collect/ImmutableSet;Ljava/util/function/Supplier;)Lnet/irisshaders/iris/gl/program/Program;+141
j  net.irisshaders.iris.pipeline.CompositeRenderer.<init>(Lnet/irisshaders/iris/pipeline/WorldRenderingPipeline;Lnet/irisshaders/iris/pipeline/CompositePass;Lnet/irisshaders/iris/shaderpack/properties/PackDirectives;[Lnet/irisshaders/iris/shaderpack/programs/ProgramSource;[[Lnet/irisshaders/iris/shaderpack/programs/ComputeSource;Lnet/irisshaders/iris/targets/RenderTargets;Lnet/irisshaders/iris/gl/buffer/ShaderStorageBufferHolder;Lnet/irisshaders/iris/gl/texture/TextureAccess;Lnet/irisshaders/iris/uniforms/FrameUpdateNotifier;Lnet/irisshaders/iris/pathways/CenterDepthSampler;Lnet/irisshaders/iris/targets/BufferFlipper;Ljava/util/function/Supplier;Lnet/irisshaders/iris/shaderpack/texture/TextureStage;Lit/unimi/dsi/fastutil/objects/Object2ObjectMap;Lit/unimi/dsi/fastutil/objects/Object2ObjectMap;Ljava/util/Set;Lcom/google/common/collect/ImmutableMap;Lnet/irisshaders/iris/uniforms/custom/CustomUniforms;)V+306
j  net.irisshaders.iris.pipeline.IrisRenderingPipeline.<init>(Lnet/irisshaders/iris/shaderpack/programs/ProgramSet;)V+1482
j  net.irisshaders.iris.Iris.createPipeline(Lnet/irisshaders/iris/shaderpack/materialmap/NamespacedId;)Lnet/irisshaders/iris/pipeline/WorldRenderingPipeline;+33
j  net.irisshaders.iris.Iris$$Lambda+0x00007ff002dbd980.apply(Ljava/lang/Object;)Ljava/lang/Object;+4
j  net.irisshaders.iris.pipeline.PipelineManager.preparePipeline(Lnet/irisshaders/iris/shaderpack/materialmap/NamespacedId;)Lnet/irisshaders/iris/pipeline/WorldRenderingPipeline;+53
j  net.irisshaders.iris.Iris.reload()V+33
j  net.irisshaders.iris.apiimpl.IrisApiV0ConfigImpl.setShadersEnabledAndApply(Z)V+26
j  net.irisshaders.iris.gui.screen.ShaderPackScreen.applyChanges()V+159
j  net.irisshaders.iris.gui.screen.ShaderPackScreen.lambda$init$1(Lnet/minecraft/client/gui/components/Button;)V+1
j  net.irisshaders.iris.gui.screen.ShaderPackScreen$$Lambda+0x00007ff004abf408.onPress(Lnet/minecraft/client/gui/components/Button;)V+5
j  net.minecraft.client.gui.components.Button.onPress(Lnet/minecraft/client/input/InputWithModifiers;)V+5
j  net.minecraft.client.gui.components.AbstractButton.onClick(Lnet/minecraft/client/input/MouseButtonEvent;Z)V+2
j  net.minecraft.client.gui.components.AbstractWidget.mouseClicked(Lnet/minecraft/client/input/MouseButtonEvent;Z)Z+50
j  net.minecraft.client.gui.components.events.ContainerEventHandler.mouseClicked(Lnet/minecraft/client/input/MouseButtonEvent;Z)Z+100
j  net.irisshaders.iris.gui.screen.ShaderPackScreen.mouseClicked(Lnet/minecraft/client/input/MouseButtonEvent;Z)Z+148
j  net.minecraft.client.MouseHandler.mixinextras$bridge$mouseClicked$104([Ljava/lang/Object;)Ljava/lang/Boolean;+38
j  net.minecraft.client.MouseHandler$$Lambda+0x00007ff003bc4910.call([Ljava/lang/Object;)Ljava/lang/Object;+1
j  net.minecraft.client.MouseHandler.wrapOperation$zei000$architectury$wrapMouseClicked(Lnet/minecraft/client/gui/screens/Screen;Lnet/minecraft/client/input/MouseButtonEvent;ZLcom/llamalad7/mixinextras/injector/wrapoperation/Operation;)Z+65
j  net.minecraft.client.MouseHandler.mixinextras$bridge$wrapOperation$zei000$architectury$wrapMouseClicked$108(Lcom/llamalad7/mixinextras/injector/wrapoperation/Operation;[Ljava/lang/Object;)Ljava/lang/Boolean;+40
j  net.minecraft.client.MouseHandler$$Lambda+0x00007ff003bc4b40.call([Ljava/lang/Object;)Ljava/lang/Object;+9
j  net.minecraft.client.MouseHandler.wrapOperation$dgi000$fabric-screen-api-v1$invokeMouseClickedEvents(Lnet/minecraft/client/gui/screens/Screen;Lnet/minecraft/client/input/MouseButtonEvent;ZLcom/llamalad7/mixinextras/injector/wrapoperation/Operation;)Z+64
j  net.minecraft.client.MouseHandler.onButton(JLnet/minecraft/client/input/MouseButtonInfo;I)V+591
j  net.minecraft.client.MouseHandler.lambda$setup$3(JLnet/minecraft/client/input/MouseButtonInfo;I)V+5
j  net.minecraft.client.MouseHandler$$Lambda+0x00007ff003bb8480.run()V+16
J 112429 c2 net.minecraft.util.thread.ReentrantBlockableEventLoop.doRunTask(Ljava/lang/Runnable;)V (42 bytes) @ 0x0000000119832200 [0x0000000119832180+0x0000000000000080]
J 74569 c2 net.minecraft.util.thread.BlockableEventLoop.execute(Ljava/lang/Runnable;)V (27 bytes) @ 0x000000011921c92c [0x000000011921c840+0x00000000000000ec]
j  net.minecraft.client.MouseHandler.lambda$setup$2(JIII)V+27
j  net.minecraft.client.MouseHandler$$Lambda+0x00007ff0035958e0.invoke(JIII)V+10
j  org.lwjgl.glfw.GLFWMouseButtonCallback$Container.invoke(JIII)V+10
j  bre2el.fpsreducer.handler.glfw.InputEventHandler$MouseButtonEventHandler.invoke(JIII)V+59
j  org.lwjgl.glfw.GLFWMouseButtonCallbackI.callback(JJ)V+48
v  ~StubRoutines::call_stub 0x00000001173fc154
J 32712  org.lwjgl.system.JNI.invokeV(J)V (0 bytes) @ 0x00000001189e1b70 [0x00000001189e1b00+0x0000000000000070]
J 34902 c2 com.mojang.blaze3d.systems.RenderSystem.pollEvents()V (27 bytes) @ 0x0000000118b3ccc4 [0x0000000118b3cbc0+0x0000000000000104]
j  net.minecraft.client.Minecraft.run()V+103
j  net.minecraft.client.main.Main.main([Ljava/lang/String;)V+1646
j  java.lang.invoke.LambdaForm$DMH+0x00007ff001098400.invokeStaticInit(Ljava/lang/Object;Ljava/lang/Object;)V+10 java.base@25.0.3
j  java.lang.invoke.LambdaForm$MH+0x00007ff00135c800.invokeExact_MT(Ljava/lang/Object;Ljava/lang/Object;Ljava/lang/Object;)V+19 java.base@25.0.3
j  net.fabricmc.loader.impl.game.minecraft.MinecraftGameProvider.launch(Ljava/lang/ClassLoader;)V+74
j  net.fabricmc.loader.impl.launch.knot.Knot.launch([Ljava/lang/String;Lnet/fabricmc/api/EnvType;)V+40
j  net.fabricmc.loader.impl.launch.knot.KnotClient.main([Ljava/lang/String;)V+4
j  java.lang.invoke.LambdaForm$DMH+0x00007ff001044800.invokeStatic(Ljava/lang/Object;Ljava/lang/Object;)V+10 java.base@25.0.3
j  java.lang.invoke.LambdaForm$MH+0x00007ff001084800.invoke(Ljava/lang/Object;Ljava/lang/Object;Ljava/lang/Object;)Ljava/lang/Object;+33 java.base@25.0.3
j  java.lang.invoke.Invokers$Holder.invokeExact_MT(Ljava/lang/Object;Ljava/lang/Object;Ljava/lang/Object;Ljava/lang/Object;)Ljava/lang/Object;+20 java.base@25.0.3
j  jdk.internal.reflect.DirectMethodHandleAccessor.invokeImpl(Ljava/lang/Object;[Ljava/lang/Object;)Ljava/lang/Object;+55 java.base@25.0.3
j  jdk.internal.reflect.DirectMethodHandleAccessor.invoke(Ljava/lang/Object;[Ljava/lang/Object;)Ljava/lang/Object;+23 java.base@25.0.3
j  java.lang.reflect.Method.invoke(Ljava/lang/Object;[Ljava/lang/Object;)Ljava/lang/Object;+102 java.base@25.0.3
j  com.modrinth.theseus.MinecraftLaunch.relaunch(Ljava/lang/String;[Ljava/lang/String;)V+138
j  com.modrinth.theseus.MinecraftLaunch.main([Ljava/lang/String;)V+90
v  ~StubRoutines::call_stub 0x00000001173fc154

siginfo: si_signo: 11 (SIGSEGV), si_code: 2 (SEGV_ACCERR), si_addr: 0x0000000000000000

Registers:
 x0=0x000000031efd4710  x1=0x000000031efde080  x2=0x000000033b1f3010  x3=0x000000033b1f3008
 x4=0x000000033b1f3240  x5=0x0000000000000000  x6=0x0000000000000000  x7=0xfffff0003ffff800
 x8=0x000000033b185668  x9=0x0000000000000001 x10=0x000000033b1f3310 x11=0x0000000000000018
x12=0x0000000000000018 x13=0x0000000000000000 x14=0x000000017d5275d0 x15=0x0000000aca7d4000
x16=0x00000006559ead9c x17=0x00000002a7a06fd8 x18=0x0000000000000000 x19=0x000000033b1f3008
x20=0x000000033b1f3010 x21=0x000000031efde080 x22=0x000000033b1f1f10 x23=0x0000000000000000
x24=0x0000000000000000 x25=0x0000000abef7ad00 x26=0x0000000abeff1d94 x27=0x0000000abeff1c80
x28=0x0000000abeff1d38  fp=0x000000016d060db0  lr=0x0000000233759b80  sp=0x000000016d060d60
pc=0x0000000233759b84 cpsr=0x0000000060001000

Register to memory mapping:

x0 =0x000000031efd4710 points into unknown readable memory: 0x000000031efd4660 | 60 46 fd 1e 03 00 00 00
x1 =0x000000031efde080 points into unknown readable memory: 0x0000000000000000 | 00 00 00 00 00 00 00 00
x2 =0x000000033b1f3010 points into unknown readable memory: 0x0000000ac62ef540 | 40 f5 2e c6 0a 00 00 00
x3 =0x000000033b1f3008 points into unknown readable memory: 0x0000000000000001 | 01 00 00 00 00 00 00 00
x4 =0x000000033b1f3240 points into unknown readable memory: 0x00000001726ff1e0 | e0 f1 6f 72 01 00 00 00
x5 =0x0 is null
x6 =0x0 is null
x7 =0xfffff0003ffff800 is an unknown value
x8 =0x000000033b185668 points into unknown readable memory: 0x000000031efde080 | 80 e0 fd 1e 03 00 00 00
x9 =0x0000000000000001 is an unknown value
x10=0x000000033b1f3310 points into unknown readable memory: 0x0000000000000014 | 14 00 00 00 00 00 00 00
x11=0x0000000000000018 is an unknown value
x12=0x0000000000000018 is an unknown value
x13=0x0 is null
x14=0x000000017d5275d0 points into unknown readable memory: 0x0019600380804264 | 64 42 80 80 03 60 19 00
x15=0x0000000aca7d4000 points into unknown readable memory: 0x0000005800000004 | 04 00 00 00 58 00 00 00
x16=0x00000006559ead9c is an unknown value
x17=0x00000002a7a06fd8 points into unknown readable memory: 0x000000018d909030 | 30 90 90 8d 01 00 00 00
x18=0x0 is null
x19=0x000000033b1f3008 points into unknown readable memory: 0x0000000000000001 | 01 00 00 00 00 00 00 00
x20=0x000000033b1f3010 points into unknown readable memory: 0x0000000ac62ef540 | 40 f5 2e c6 0a 00 00 00
x21=0x000000031efde080 points into unknown readable memory: 0x0000000000000000 | 00 00 00 00 00 00 00 00
x22=0x000000033b1f1f10 points into unknown readable memory: 0x0000000000000000 | 00 00 00 00 00 00 00 00
x23=0x0 is null
x24=0x0 is null
x25=0x0000000abef7ad00 points into unknown readable memory: 0x0000000000000000 | 00 00 00 00 00 00 00 00
x26=0x0000000abeff1d94 points into unknown readable memory: 0c 00 00 00
x27=0x0000000abeff1c80 points into unknown readable memory: 0x0000000ac62ef540 | 40 f5 2e c6 0a 00 00 00
x28=0x0000000abeff1d38 points into unknown readable memory: 0x0000000146e35e90 | 90 5e e3 46 01 00 00 00
 fp=0x000000016d060db0 is pointing into the stack for thread: 0x00000001035d32d0
 lr=0x0000000233759b80: glpLLVMGetFunctionGlobalVariableUse+0x1e4 in /System/Library/Frameworks/OpenGL.framework/Versions/A/Libraries/libGLProgrammability.dylib at 0x00000002336d8000
 sp=0x000000016d060d60 is pointing into the stack for thread: 0x00000001035d32d0

Top of Stack: (sp=0x000000016d060d60)
0x000000016d060d60:   0000000abeff1d38 0000000abeff1c80   8...............
0x000000016d060d70:   0000000abeff1d94 0000000abef7ad00   ................
0x000000016d060d80:   0000000000000000 0000000000000001   ................
0x000000016d060d90:   000000033b1f1f10 000000033b185620   ...;.... V.;....
0x000000016d060da0:   000000033b1f3010 000000033b1f3008   .0.;.....0.;....
0x000000016d060db0:   000000016d060e10 0000000233759c20   ...m.... .u3....
0x000000016d060dc0:   0000000abeff1d38 0000000abeff1c80   8...............
0x000000016d060dd0:   0000000abeff1d94 0000000abef7ad00   ................
0x000000016d060de0:   0000000000000000 0000000000000003   ................
0x000000016d060df0:   000000033b1f1f10 000000031efde010   ...;............
0x000000016d060e00:   000000033b1f3010 000000033b1f3008   .0.;.....0.;....
0x000000016d060e10:   000000016d060e70 0000000233759c20   p..m.... .u3....
0x000000016d060e20:   0000000abeff1d38 0000000abeff1c80   8...............
0x000000016d060e30:   0000000abeff1d94 0000000abef7ad00   ................
0x000000016d060e40:   0000000000000000 0000000000000002   ................
0x000000016d060e50:   000000033b1f1f10 000000031efddfa0   ...;............
0x000000016d060e60:   000000033b1f3010 000000033b1f3008   .0.;.....0.;....
0x000000016d060e70:   000000016d060ed0 0000000233759c20   ...m.... .u3....
0x000000016d060e80:   0000000abeff1d38 0000000abeff1c80   8...............
0x000000016d060e90:   0000000abeff1d94 0000000abef7ad00   ................
0x000000016d060ea0:   0000000000000001 0000000000000002   ................
0x000000016d060eb0:   000000033b1f1f10 000000031efddec0   ...;............
0x000000016d060ec0:   000000033b1f3010 000000033b1f3008   .0.;.....0.;....
0x000000016d060ed0:   000000016d060f30 0000000233759c20   0..m.... .u3....
0x000000016d060ee0:   0000000abeff1d38 0000000abeff1c80   8...............
0x000000016d060ef0:   0000000abeff1d94 0000000abef7ad00   ................
0x000000016d060f00:   0000000000000001 0000000000000002   ................
0x000000016d060f10:   000000033b1f1f10 000000031efdddf0   ...;............
0x000000016d060f20:   000000033b1f3010 000000033b1f3008   .0.;.....0.;....
0x000000016d060f30:   000000016d060f90 0000000233759c20   ...m.... .u3....
0x000000016d060f40:   0000000abeff1d38 0000000abeff1c80   8...............
0x000000016d060f50:   0000000abeff1d94 0000000abef7ad00   ................

Instructions: (pc=0x0000000233759b84)
  0x0000000233759a84:   e1 03 17 aa 52 3c 01 94 a0 01 00 b4 f8 03 00 aa
  0x0000000233759a94:   56 3c 01 94 1f cc 00 71 21 01 00 54 e0 03 18 aa
  0x0000000233759aa4:   a5 45 01 94 a0 43 01 94 08 28 40 39 88 00 20 36
  0x0000000233759ab4:   08 a0 40 b9 1f 01 1b 6b 1c 00 9c 9a f7 06 00 11
  0x0000000233759ac4:   c8 42 40 f9 c9 42 41 b9 08 0d 09 8b 00 5d 40 f9
  0x0000000233759ad4:   3d 3c 01 94 ff 02 00 6b c3 fc ff 54 97 4f 40 f9
  0x0000000233759ae4:   e1 02 40 f9 e0 03 14 aa d8 02 00 94 e8 0a 40 b9
  0x0000000233759af4:   69 02 40 b9 28 01 08 2a 68 02 00 b9 5a 07 00 91
  0x0000000233759b04:   28 07 40 b9 5f 03 08 eb 23 fa ff 54 37 00 00 14
  0x0000000233759b14:   1f 50 01 71 40 04 00 54 1f 44 01 71 61 06 00 54
  0x0000000233759b24:   e0 03 15 aa 45 4c 01 94 08 18 40 f9 28 05 00 b7
  0x0000000233759b34:   09 c0 b0 52 1f 01 09 ea 80 05 00 54 f7 03 00 aa
  0x0000000233759b44:   00 04 40 f9 80 00 00 b4 81 03 80 52 3c 85 00 94
  0x0000000233759b54:   c0 04 00 b5 e8 4a 40 f9 68 00 00 b4 08 09 40 f9
  0x0000000233759b64:   48 04 00 b5 e0 03 17 aa e1 03 14 aa 9f 02 00 94
  0x0000000233759b74:   1e 00 00 14 e0 03 15 aa 70 4b 01 94 17 4c 40 f9
=>0x0000000233759b84:   e1 02 40 f9 e0 03 14 aa b0 02 00 94 e8 0a 40 b9
  0x0000000233759b94:   69 02 40 b9 28 01 08 2a 13 00 00 14 e0 03 15 aa
  0x0000000233759ba4:   b4 4c 01 94 80 00 00 34 68 02 40 b9 08 01 1d 32
  0x0000000233759bb4:   68 02 00 b9 e0 03 15 aa aa 4c 01 94 1f 64 02 71
  0x0000000233759bc4:   41 01 00 54 68 02 40 b9 08 01 1e 32 06 00 00 14
  0x0000000233759bd4:   69 02 40 b9 68 00 18 b7 28 01 00 32 02 00 00 14
  0x0000000233759be4:   28 01 1f 32 68 02 00 b9 e0 03 15 aa d8 3b 01 94
  0x0000000233759bf4:   c0 01 00 34 f7 03 00 aa 18 00 80 52 e0 03 15 aa
  0x0000000233759c04:   e1 03 18 aa d7 3b 01 94 e1 03 00 aa e0 03 16 aa
  0x0000000233759c14:   e2 03 14 aa e3 03 13 aa 60 ff ff 97 18 07 00 11
  0x0000000233759c24:   ff 02 18 6b c1 fe ff 54 fd 7b 45 a9 f4 4f 44 a9
  0x0000000233759c34:   f6 57 43 a9 f8 5f 42 a9 fa 67 41 a9 fc 6f c6 a8
  0x0000000233759c44:   ff 23 03 d5 c0 03 5f d6 7f 23 03 d5 f6 57 bd a9
  0x0000000233759c54:   f4 4f 01 a9 fd 7b 02 a9 fd 83 00 91 f4 03 01 aa
  0x0000000233759c64:   f3 03 00 aa e0 03 02 aa 56 cd 00 94 1f 48 00 71
  0x0000000233759c74:   62 03 00 54 e8 c1 34 f0 08 41 3d 91 15 59 60 f8


Stack slot to memory mapping:

stack at sp + 0 slots: 0x0000000abeff1d38 points into unknown readable memory: 0x0000000146e35e90 | 90 5e e3 46 01 00 00 00
stack at sp + 1 slots: 0x0000000abeff1c80 points into unknown readable memory: 0x0000000ac62ef540 | 40 f5 2e c6 0a 00 00 00
stack at sp + 2 slots: 0x0000000abeff1d94 points into unknown readable memory: 0c 00 00 00
stack at sp + 3 slots: 0x0000000abef7ad00 points into unknown readable memory: 0x0000000000000000 | 00 00 00 00 00 00 00 00
stack at sp + 4 slots: 0x0 is null
stack at sp + 5 slots: 0x0000000000000001 is an unknown value
stack at sp + 6 slots: 0x000000033b1f1f10 points into unknown readable memory: 0x0000000000000000 | 00 00 00 00 00 00 00 00
stack at sp + 7 slots: 0x000000033b185620 points into unknown readable memory: 0x0000000100000001 | 01 00 00 00 01 00 00 00

Lock stack of current Java thread (top to bottom):


Compiled method (n/a) 811726 25358     n 0       org.lwjgl.opengl.GL20C::glLinkProgram (native)
 total in heap  [0x0000000117b22d08,0x0000000117b22f50] = 584
 main code      [0x0000000117b22e00,0x0000000117b22f40] = 320
 oops           [0x0000000117b22f40,0x0000000117b22f50] = 16
 mutable data [0x0000000a9f8598a0,0x0000000a9f8598b8] = 24
 relocation     [0x0000000a9f8598a0,0x0000000a9f8598b8] = 24

[Constant Pool (empty)]

[MachCode]
[Entry Point]
  # {method} {0x0000000139c157e8} 'glLinkProgram' '(I)V' in 'org/lwjgl/opengl/GL20C'
  # parm0:    c_rarg1   = int
  #           [sp+0x60]  (sp of caller)
  0x0000000117b22e00: 1f20 03d5 | 2808 40b9 | 2a09 40b9 | 1f01 0a6b | 4000 0054 

  0x0000000117b22e14: ;   {runtime_call Shared Runtime ic_miss_blob}
  0x0000000117b22e14: 7b51 e417 
[Verified Entry Point]
  0x0000000117b22e18: 1f20 03d5 | e953 40d1 | 3f01 00f9 | fd7b bfa9 | fd03 0091 | ff43 01d1 | 2801 0018 | 8923 40b9 
  0x0000000117b22e38: 1f01 09eb | e000 0054 

  0x0000000117b22e40: ;   {runtime_call Stub::method_entry_barrier}
  0x0000000117b22e40: 0830 80d2 | 88e8 a2f2 | 2800 c0f2 | 0001 3fd6 | 0200 0014 | 1b00 0000 | 227c 4093 

  0x0000000117b22e5c: ;   {oop(a 'java/lang/Class'{0x000000042a581240} = 'org/lwjgl/opengl/GL20C')}
  0x0000000117b22e5c: 0148 82d2 | 014b a5f2 | 8100 c0f2 | e123 00f9 | e103 0191 | 0800 0010 | 880f 02f9 | e803 0091 
  0x0000000117b22e7c: 880b 02f9 | 80c3 1091 | e803 7eb2 | 89f3 1291 | 28fd 9f88 

  0x0000000117b22e90: ;   {runtime_call}
  0x0000000117b22e90: 8825 82d2 | 0861 a0f2 | 2800 c0f2 | 0001 3fd6 | a800 80d2 | 88bf 04b9 | bf3b 03d5 | 8817 40f9 
  0x0000000117b22eb0: bf03 08eb | a803 0054 | 88bb 44b9 | 6803 0035 | e803 7db2 | 89f3 1291 | 28fd 9f88 | 88e3 5439 
  0x0000000117b22ed0: 1f09 0071 | 0002 0054 | 9f0b 02f9 | 9f0f 02f9 | 8253 42f9 | 5f80 00f9 | bf03 0091 | fd7b c1a8 
  0x0000000117b22ef0: 8817 40f9 

  0x0000000117b22ef4: ;   {poll_return}
  0x0000000117b22ef4: 8800 0036 

  0x0000000117b22ef8: ;   {internal_word}
  0x0000000117b22ef8: e8ff ff10 | 8867 02f9 

  0x0000000117b22f00: ;   {runtime_call SafepointBlob}
  0x0000000117b22f00: 6057 e417 | 8807 40f9 | 4800 00b5 | c003 5fd6 

  0x0000000117b22f10: ;   {runtime_call Stub::forward_exception}
  0x0000000117b22f10: 5c64 e317 

  0x0000000117b22f14: ;   {runtime_call SharedRuntime::reguard_yellow_pages()}
  0x0000000117b22f14: 888a 9bd2 | 282b a1f2 | 2800 c0f2 | 0001 3fd6 | edff ff17 | e003 1caa 

  0x0000000117b22f2c: ;   {runtime_call JavaThread::check_special_condition_for_native_trans(JavaThread*)}
  0x0000000117b22f2c: 082b 8dd2 | 8822 a1f2 | 2800 c0f2 | 0001 3fd6 | e1ff ff17 
[/MachCode]


Compiled method (c1) 811728 143937       3       com.mojang.blaze3d.opengl.GlStateManager::glLinkProgram (8 bytes)
 total in heap  [0x0000000111ca9388,0x0000000111ca9858] = 1232
 main code      [0x0000000111ca9480,0x0000000111ca97c0] = 832
 stub code      [0x0000000111ca97c0,0x0000000111ca9840] = 128
 oops           [0x0000000111ca9840,0x0000000111ca9858] = 24
 mutable data [0x0000000a9fbcf800,0x0000000a9fbcf8f8] = 248
 relocation     [0x0000000a9fbcf800,0x0000000a9fbcf8a0] = 160
 metadata       [0x0000000a9fbcf8a0,0x0000000a9fbcf8f8] = 88
 immutable data [0x0000000a537bed00,0x0000000a537bef18] = 536
 dependencies   [0x0000000a537bed00,0x0000000a537bed10] = 16
 scopes pcs     [0x0000000a537bed10,0x0000000a537bee80] = 368
 scopes data    [0x0000000a537bee80,0x0000000a537bef18] = 152

[Constant Pool (empty)]

[MachCode]
[Verified Entry Point]
  # {method} {0x0000000139c49ed0} 'glLinkProgram' '(I)V' in 'com/mojang/blaze3d/opengl/GlStateManager'
  # parm0:    c_rarg1   = int
  #           [sp+0x60]  (sp of caller)
  0x0000000111ca9480: 1f20 03d5 | e953 40d1 | 3f01 00f9 | ff83 01d1 | fd7b 05a9 | 2801 0018 | 8923 40b9 | 1f01 09eb 
  0x0000000111ca94a0: e000 0054 

  0x0000000111ca94a4: ;   {runtime_call Stub::method_entry_barrier}
  0x0000000111ca94a4: 0830 80d2 | 88e8 a2f2 | 2800 c0f2 | 0001 3fd6 | 0200 0014 | 1b00 0000 | fd03 01aa 

  0x0000000111ca94c0: ;   {metadata(method data for {method} {0x0000000139c49ed0} 'glLinkProgram' '(I)V' in 'com/mojang/blaze3d/opengl/GlStateManager')}
  0x0000000111ca94c0: 01dd 85d2 | e154 a7f2 | 2100 c0f2 | 2090 40b9 | 0008 0011 | 2090 00b9 | 0024 1f12 | 1f00 0071 
  0x0000000111ca94e0: ;*invokestatic assertOnRenderThread {reexecute=0 rethrow=0 return_oop=0}
                      ; - com.mojang.blaze3d.opengl.GlStateManager::glLinkProgram@0 (line 191)
  0x0000000111ca94e0: a011 0054 

  0x0000000111ca94e4: ;   {metadata(method data for {method} {0x0000000139c49ed0} 'glLinkProgram' '(I)V' in 'com/mojang/blaze3d/opengl/GlStateManager')}
  0x0000000111ca94e4: 01dd 85d2 | e154 a7f2 | 2100 c0f2 | 286c 40f9 | 0805 0091 | 286c 00f9 

  0x0000000111ca94fc: ;   {metadata(method data for {method} {0x000000013469fad8} 'assertOnRenderThread' '()V' in 'com/mojang/blaze3d/systems/RenderSystem')}
  0x0000000111ca94fc: 01d5 9fd2 | 216d a0f2 | 01fe cff2 | 2090 40b9 | 0008 0011 | 2090 00b9 | 004c 1f12 | 1f00 0071 
  0x0000000111ca951c: c010 0054 

  0x0000000111ca9520: ;   {metadata(method data for {method} {0x000000013469fad8} 'assertOnRenderThread' '()V' in 'com/mojang/blaze3d/systems/RenderSystem')}
  0x0000000111ca9520: 01d5 9fd2 | 216d a0f2 | 01fe cff2 | 286c 40f9 | 0805 0091 | 286c 00f9 

  0x0000000111ca9538: ;   {metadata(method data for {method} {0x000000013469fa10} 'isOnRenderThread' '()Z' in 'com/mojang/blaze3d/systems/RenderSystem')}
  0x0000000111ca9538: 01b5 93d2 | 2146 a7f2 | 2100 c0f2 | 2090 40b9 | 0008 0011 | 2090 00b9 | 004c 1f12 | 1f00 0071 
  0x0000000111ca9558: e00f 0054 

  0x0000000111ca955c: ;   {metadata(method data for {method} {0x000000013469fa10} 'isOnRenderThread' '()Z' in 'com/mojang/blaze3d/systems/RenderSystem')}
  0x0000000111ca955c: 01b5 93d2 | 2146 a7f2 | 2100 c0f2 | 286c 40f9 | 0805 0091 | 286c 00f9 

  0x0000000111ca9574: ;   {oop(a 'java/lang/Class'{0x000000041803b098} = 'com/mojang/blaze3d/systems/RenderSystem')}
  0x0000000111ca9574: 0113 96d2 | 6100 a3f2 | 8100 c0f2 | 217c 40b9 

  0x0000000111ca9584: ;*getstatic renderThread {reexecute=0 rethrow=0 return_oop=0}
                      ; - com.mojang.blaze3d.systems.RenderSystem::isOnRenderThread@3 (line 101)
                      ; - com.mojang.blaze3d.systems.RenderSystem::assertOnRenderThread@0 (line 105)
                      ; - com.mojang.blaze3d.opengl.GlStateManager::glLinkProgram@0 (line 191)
  0x0000000111ca9584: 21f0 7dd3 | 80ff 41f9 

  0x0000000111ca958c: ;*invokestatic currentThread {reexecute=0 rethrow=0 return_oop=0}
                      ; - com.mojang.blaze3d.systems.RenderSystem::isOnRenderThread@0 (line 101)
                      ; - com.mojang.blaze3d.systems.RenderSystem::assertOnRenderThread@0 (line 105)
                      ; - com.mojang.blaze3d.opengl.GlStateManager::glLinkProgram@0 (line 191)
  0x0000000111ca958c: 0000 40f9 | 1f00 01eb 

  0x0000000111ca9594: ;   {metadata(method data for {method} {0x000000013469fa10} 'isOnRenderThread' '()Z' in 'com/mojang/blaze3d/systems/RenderSystem')}
  0x0000000111ca9594: 01b5 93d2 | 2146 a7f2 | 2100 c0f2 | 081d 80d2 | e913 7db2 | 0011 899a | 2268 60f8 | 4204 0091 
  0x0000000111ca95b4: 2268 20f8 

  0x0000000111ca95b8: ;*if_acmpne {reexecute=0 rethrow=0 return_oop=0}
                      ; - com.mojang.blaze3d.systems.RenderSystem::isOnRenderThread@6 (line 101)
                      ; - com.mojang.blaze3d.systems.RenderSystem::assertOnRenderThread@0 (line 105)
                      ; - com.mojang.blaze3d.opengl.GlStateManager::glLinkProgram@0 (line 191)
  0x0000000111ca95b8: 2101 0054 

  0x0000000111ca95bc: ;   {metadata(method data for {method} {0x000000013469fa10} 'isOnRenderThread' '()Z' in 'com/mojang/blaze3d/systems/RenderSystem')}
  0x0000000111ca95bc: 01b5 93d2 | 2146 a7f2 | 2100 c0f2 | 2084 40f9 | 0004 0091 | 2084 00f9 | e103 0032 

  0x0000000111ca95d8: ;*goto {reexecute=0 rethrow=0 return_oop=0}
                      ; - com.mojang.blaze3d.systems.RenderSystem::isOnRenderThread@10 (line 101)
                      ; - com.mojang.blaze3d.systems.RenderSystem::assertOnRenderThread@0 (line 105)
                      ; - com.mojang.blaze3d.opengl.GlStateManager::glLinkProgram@0 (line 191)
  0x0000000111ca95d8: 0200 0014 

  0x0000000111ca95dc: ;*ireturn {reexecute=0 rethrow=0 return_oop=0}
                      ; - com.mojang.blaze3d.systems.RenderSystem::isOnRenderThread@14 (line 101)
                      ; - com.mojang.blaze3d.systems.RenderSystem::assertOnRenderThread@0 (line 105)
                      ; - com.mojang.blaze3d.opengl.GlStateManager::glLinkProgram@0 (line 191)
  0x0000000111ca95dc: 0100 a052 | 2100 0012 | 3f00 0071 

  0x0000000111ca95e8: ;   {metadata(method data for {method} {0x000000013469fad8} 'assertOnRenderThread' '()V' in 'com/mojang/blaze3d/systems/RenderSystem')}
  0x0000000111ca95e8: 01d5 9fd2 | 216d a0f2 | 01fe cff2 | e813 7db2 | 091d 80d2 | 0001 899a | 2268 60f8 | 4204 0091 
  0x0000000111ca9608: 2268 20f8 

  0x0000000111ca960c: ;*ifne {reexecute=0 rethrow=0 return_oop=0}
                      ; - com.mojang.blaze3d.systems.RenderSystem::assertOnRenderThread@3 (line 105)
                      ; - com.mojang.blaze3d.opengl.GlStateManager::glLinkProgram@0 (line 191)
  0x0000000111ca960c: 4002 0054 

  0x0000000111ca9610: ;   {metadata(method data for {method} {0x0000000139c49ed0} 'glLinkProgram' '(I)V' in 'com/mojang/blaze3d/opengl/GlStateManager')}
  0x0000000111ca9610: 01dd 85d2 | e154 a7f2 | 2100 c0f2 | 2874 40f9 | 0805 0091 | 2874 00f9 

  0x0000000111ca9628: ;*invokestatic glLinkProgram {reexecute=0 rethrow=0 return_oop=0}
                      ; - com.mojang.blaze3d.opengl.GlStateManager::glLinkProgram@4 (line 192)
  0x0000000111ca9628: e103 1daa 

  0x0000000111ca962c: ; ImmutableOopMap {}
                      ;*invokestatic glLinkProgram {reexecute=0 rethrow=0 return_oop=0}
                      ; - com.mojang.blaze3d.opengl.GlStateManager::glLinkProgram@4 (line 192)
                      ;   {static_call}
  0x0000000111ca962c: fbe5 7995 

  0x0000000111ca9630: ;   {post_call_nop}
  0x0000000111ca9630: 1f20 03d5 | 1f55 80f2 

  0x0000000111ca9638: ;*invokestatic glLinkProgram {reexecute=0 rethrow=0 return_oop=0}
                      ; - com.mojang.blaze3d.opengl.GlStateManager::glLinkProgram@4 (line 192)
  0x0000000111ca9638: 1f00 80f2 | fd7b 45a9 | ff83 0191 

  0x0000000111ca9644: ;   {poll_return}
  0x0000000111ca9644: 8817 40f9 | ff63 28eb | 4809 0054 

  0x0000000111ca9650: ;*return {reexecute=0 rethrow=0 return_oop=0}
                      ; - com.mojang.blaze3d.opengl.GlStateManager::glLinkProgram@7 (line 193)
  0x0000000111ca9650: c003 5fd6 

  0x0000000111ca9654: ;   {metadata(method data for {method} {0x000000013469fad8} 'assertOnRenderThread' '()V' in 'com/mojang/blaze3d/systems/RenderSystem')}
  0x0000000111ca9654: 03d5 9fd2 | 236d a0f2 | 03fe cff2 | 6884 40f9 | 0805 0091 | 6884 00f9 

  0x0000000111ca966c: ;   {metadata(method data for {method} {0x000000013469fb98} 'constructThreadException' '()Ljava/lang/IllegalStateException;' in 'com/mojang/blaze3d/systems/RenderSystem')}
  0x0000000111ca966c: 03e0 93d2 | 2346 a7f2 | 2300 c0f2 | 6090 40b9 | 0008 0011 | 6090 00b9 | 004c 1f12 | 1f00 0071 
  0x0000000111ca968c: a007 0054 

  0x0000000111ca9690: ; ImmutableOopMap {}
                      ;*new {reexecute=0 rethrow=0 return_oop=0}
                      ; - com.mojang.blaze3d.systems.RenderSystem::constructThreadException@0 (line 111)
                      ; - com.mojang.blaze3d.systems.RenderSystem::assertOnRenderThread@6 (line 106)
                      ; - com.mojang.blaze3d.opengl.GlStateManager::glLinkProgram@0 (line 191)
                      ;   {runtime_call C1 Runtime load_mirror_patching_blob}
  0x0000000111ca9690: bc8a 6195 | 80e7 40f9 | 0ba0 0091 | 88ef 40f9 | 7f01 08eb | e807 0054 | 8be7 00f9 | ea03 40b2 
  0x0000000111ca96b0: 0a00 00f9 | 6a28 5cd2 | 0a7c 0129 | 0a40 0091 | 5f01 00f9 | 5ffd 00a9 

  0x0000000111ca96c8: ;*new {reexecute=0 rethrow=0 return_oop=0}
                      ; - com.mojang.blaze3d.systems.RenderSystem::constructThreadException@0 (line 111)
                      ; - com.mojang.blaze3d.systems.RenderSystem::assertOnRenderThread@6 (line 106)
                      ; - com.mojang.blaze3d.opengl.GlStateManager::glLinkProgram@0 (line 191)
  0x0000000111ca96c8: bf3a 03d5 | e203 00aa 

  0x0000000111ca96d0: ;   {metadata(method data for {method} {0x000000013469fb98} 'constructThreadException' '()Ljava/lang/IllegalStateException;' in 'com/mojang/blaze3d/systems/RenderSystem')}
  0x0000000111ca96d0: 01e0 93d2 | 2146 a7f2 | 2100 c0f2 | 286c 40f9 | 0805 0091 | 286c 00f9 

  0x0000000111ca96e8: ;   {oop("Rendersystem called from wrong thread"{0x000000042c83c200})}
  0x0000000111ca96e8: 0240 98d2 | 6290 a5f2 | 8200 c0f2 

  0x0000000111ca96f4: ;*invokespecial <init> {reexecute=0 rethrow=0 return_oop=0}
                      ; - com.mojang.blaze3d.systems.RenderSystem::constructThreadException@6 (line 111)
                      ; - com.mojang.blaze3d.systems.RenderSystem::assertOnRenderThread@6 (line 106)
                      ; - com.mojang.blaze3d.opengl.GlStateManager::glLinkProgram@0 (line 191)
  0x0000000111ca96f4: e103 00aa | e023 00f9 

  0x0000000111ca96fc: ; ImmutableOopMap {[64]=Oop }
                      ;*invokespecial <init> {reexecute=0 rethrow=0 return_oop=0}
                      ; - com.mojang.blaze3d.systems.RenderSystem::constructThreadException@6 (line 111)
                      ; - com.mojang.blaze3d.systems.RenderSystem::assertOnRenderThread@6 (line 106)
                      ; - com.mojang.blaze3d.opengl.GlStateManager::glLinkProgram@0 (line 191)
                      ;   {optimized virtual_call}
  0x0000000111ca96fc: c137 5e95 

  0x0000000111ca9700: ;   {post_call_nop}
  0x0000000111ca9700: 1f20 03d5 | 1f6f 80f2 

  0x0000000111ca9708: ;*invokespecial <init> {reexecute=0 rethrow=0 return_oop=0}
                      ; - com.mojang.blaze3d.systems.RenderSystem::constructThreadException@6 (line 111)
                      ; - com.mojang.blaze3d.systems.RenderSystem::assertOnRenderThread@6 (line 106)
                      ; - com.mojang.blaze3d.opengl.GlStateManager::glLinkProgram@0 (line 191)
  0x0000000111ca9708: 1f40 80f2 | e023 40f9 | 2900 0014 

  0x0000000111ca9714: ;   {metadata({method} {0x0000000139c49ed0} 'glLinkProgram' '(I)V' in 'com/mojang/blaze3d/opengl/GlStateManager')}
  0x0000000111ca9714: 08da 93d2 | 8838 a7f2 | 2800 c0f2 | e807 00f9 | 0800 8092 | e803 00f9 

  0x0000000111ca972c: ; ImmutableOopMap {}
                      ;*synchronization entry
                      ; - com.mojang.blaze3d.opengl.GlStateManager::glLinkProgram@-1 (line 191)
                      ;   {runtime_call C1 Runtime counter_overflow_blob}
  0x0000000111ca972c: f58b 6195 | 6dff ff17 

  0x0000000111ca9734: ;   {metadata({method} {0x000000013469fad8} 'assertOnRenderThread' '()V' in 'com/mojang/blaze3d/systems/RenderSystem')}
  0x0000000111ca9734: 085b 9fd2 | 288d a6f2 | 2800 c0f2 | e807 00f9 | 0800 8092 | e803 00f9 

  0x0000000111ca974c: ; ImmutableOopMap {}
                      ;*synchronization entry
                      ; - com.mojang.blaze3d.systems.RenderSystem::assertOnRenderThread@-1 (line 105)
                      ; - com.mojang.blaze3d.opengl.GlStateManager::glLinkProgram@0 (line 191)
                      ;   {runtime_call C1 Runtime counter_overflow_blob}
  0x0000000111ca974c: ed8b 6195 | 74ff ff17 

  0x0000000111ca9754: ;   {metadata({method} {0x000000013469fa10} 'isOnRenderThread' '()Z' in 'com/mojang/blaze3d/systems/RenderSystem')}
  0x0000000111ca9754: 0842 9fd2 | 288d a6f2 | 2800 c0f2 | e807 00f9 | 0800 8092 | e803 00f9 

  0x0000000111ca976c: ; ImmutableOopMap {}
                      ;*synchronization entry
                      ; - com.mojang.blaze3d.systems.RenderSystem::isOnRenderThread@-1 (line 101)
                      ; - com.mojang.blaze3d.systems.RenderSystem::assertOnRenderThread@0 (line 105)
                      ; - com.mojang.blaze3d.opengl.GlStateManager::glLinkProgram@0 (line 191)
                      ;   {runtime_call C1 Runtime counter_overflow_blob}
  0x0000000111ca976c: e58b 6195 | 7bff ff17 

  0x0000000111ca9774: ;   {internal_word}
  0x0000000111ca9774: 88f6 ff10 | 8867 02f9 

  0x0000000111ca977c: ;   {runtime_call SafepointBlob}
  0x0000000111ca977c: 413d 5e15 

  0x0000000111ca9780: ;   {metadata({method} {0x000000013469fb98} 'constructThreadException' '()Ljava/lang/IllegalStateException;' in 'com/mojang/blaze3d/systems/RenderSystem')}
  0x0000000111ca9780: 0873 9fd2 | 288d a6f2 | 2800 c0f2 | e807 00f9 | 0800 8092 | e803 00f9 

  0x0000000111ca9798: ; ImmutableOopMap {}
                      ;*synchronization entry
                      ; - com.mojang.blaze3d.systems.RenderSystem::constructThreadException@-1 (line 111)
                      ; - com.mojang.blaze3d.systems.RenderSystem::assertOnRenderThread@6 (line 106)
                      ; - com.mojang.blaze3d.opengl.GlStateManager::glLinkProgram@0 (line 191)
                      ;   {runtime_call C1 Runtime counter_overflow_blob}
  0x0000000111ca9798: da8b 6195 | bdff ff17 

  0x0000000111ca97a0: ; ImmutableOopMap {}
                      ;*new {reexecute=0 rethrow=0 return_oop=0}
                      ; - com.mojang.blaze3d.systems.RenderSystem::constructThreadException@0 (line 111)
                      ; - com.mojang.blaze3d.systems.RenderSystem::assertOnRenderThread@6 (line 106)
                      ; - com.mojang.blaze3d.opengl.GlStateManager::glLinkProgram@0 (line 191)
                      ;   {runtime_call C1 Runtime fast_new_instance_blob}
  0x0000000111ca97a0: a87f 6195 | caff ff17 | 80bb 42f9 | 9fbb 02f9 | 9fbf 02f9 | fd7b 45a9 | ff83 0191 

  0x0000000111ca97bc: ;   {runtime_call C1 Runtime unwind_exception_blob}
  0x0000000111ca97bc: c17a 6115 
[Stub Code]
  0x0000000111ca97c0: ;   {trampoline_stub}
  0x0000000111ca97c0: 4800 0058 | 0001 1fd6 | 182e b217 | 0100 0000 

  0x0000000111ca97d0: ;   {trampoline_stub}
  0x0000000111ca97d0: 4800 0058 | 0001 1fd6 | 0076 4317 | 0100 0000 

  0x0000000111ca97e0: ;   {static_stub}
  0x0000000111ca97e0: df3f 03d5 

  0x0000000111ca97e4: ;   {metadata(nullptr)}
  0x0000000111ca97e4: 0c00 80d2 | 0c00 a0f2 | 0c00 c0f2 | 0800 80d2 | 0800 a0f2 | 0800 c0f2 | 0001 1fd6 

  0x0000000111ca9800: ;   {static_stub}
  0x0000000111ca9800: df3f 03d5 

  0x0000000111ca9804: ;   {metadata(nullptr)}
  0x0000000111ca9804: 0c00 80d2 | 0c00 a0f2 | 0c00 c0f2 | 0800 80d2 | 0800 a0f2 | 0800 c0f2 | 0001 1fd6 
[Exception Handler]
  0x0000000111ca9820: ;   {runtime_call C1 Runtime handle_exception_from_callee_blob}
  0x0000000111ca9820: 9882 6195 

  0x0000000111ca9824: ;   {external_word}
  0x0000000111ca9824: c049 9dd2 | 4031 a1f2 | 2000 c0f2 | c1d5 bbd4 
[Deopt Handler Code]
  0x0000000111ca9834: 1e00 0010 

  0x0000000111ca9838: ;   {runtime_call DeoptimizationBlob}
  0x0000000111ca9838: 923d 5e15 | 0000 0000 
[/MachCode]


Compiled method (c2) 811734 112429   !   4       net.minecraft.util.thread.ReentrantBlockableEventLoop::doRunTask (42 bytes)
 total in heap  [0x0000000119832088,0x00000001198322e0] = 600
 main code      [0x0000000119832180,0x0000000119832298] = 280
 stub code      [0x0000000119832298,0x00000001198322b8] = 32
 oops           [0x00000001198322b8,0x00000001198322e0] = 40
 mutable data [0x0000000aa7f18000,0x0000000aa7f18058] = 88
 relocation     [0x0000000aa7f18000,0x0000000aa7f18030] = 48
 metadata       [0x0000000aa7f18030,0x0000000aa7f18058] = 40
 immutable data [0x0000000aa5fda300,0x0000000aa5fda4c0] = 448
 dependencies   [0x0000000aa5fda300,0x0000000aa5fda310] = 16
 handler table  [0x0000000aa5fda310,0x0000000aa5fda328] = 24
 scopes pcs     [0x0000000aa5fda328,0x0000000aa5fda418] = 240
 scopes data    [0x0000000aa5fda418,0x0000000aa5fda4c0] = 168

[Constant Pool (empty)]

[MachCode]
[Instructions begin]
  0x0000000119832180: 1f20 03d5 | 1f20 03d5 | 1f20 03d5 
[Entry Point]
  # {method} {0x00000001332e6580} 'doRunTask' '(Ljava/lang/Runnable;)V' in 'net/minecraft/util/thread/ReentrantBlockableEventLoop'
  # this:     c_rarg1:c_rarg1 
                        = 'net/minecraft/util/thread/ReentrantBlockableEventLoop'
  # parm0:    c_rarg2:c_rarg2 
                        = 'java/lang/Runnable'
  #           [sp+0x40]  (sp of caller)
  0x000000011983218c: 2808 40b9 | 2a09 40b9 | 1f01 0a6b | 4000 0054 

  0x000000011983219c: ;   {runtime_call Shared Runtime ic_miss_blob}
  0x000000011983219c: 9914 7017 
[Verified Entry Point]
  0x00000001198321a0: 1f20 03d5 | e953 40d1 | 3f01 00f9 | ff03 01d1 | fd7b 03a9 | 0807 0018 | 8923 40b9 | 1f01 09eb 
  0x00000001198321c0: ;*synchronization entry
                      ; - net.minecraft.util.thread.ReentrantBlockableEventLoop::doRunTask@-1 (line 21)
  0x00000001198321c0: 0106 0054 | 2a1c 40b9 | 4b05 0011 

  0x00000001198321cc: ;   {oop(a 'java/lang/Class'{0x0000000420b2d240} = 'com/mojang/jtracy/TracyClient')}
  0x00000001198321cc: 0a48 9ad2 | 4a16 a4f2 | 8a00 c0f2 

  0x00000001198321d8: ;*getstatic loaded {reexecute=0 rethrow=0 return_oop=0}
                      ; - com.mojang.jtracy.TracyClient::beginZone@0 (line 78)
                      ; - net.minecraft.util.thread.BlockableEventLoop::doRunTask@5 (line 172)
                      ; - net.minecraft.util.thread.ReentrantBlockableEventLoop::doRunTask@12 (line 23)
  0x00000001198321d8: 4af1 4139 | ec03 01aa 

  0x00000001198321e0: ;*putfield reentrantCount {reexecute=0 rethrow=0 return_oop=0}
                      ; - net.minecraft.util.thread.ReentrantBlockableEventLoop::doRunTask@7 (line 21)
  0x00000001198321e0: 2b1c 00b9 

  0x00000001198321e4: ;*invokestatic beginZone {reexecute=0 rethrow=0 return_oop=0}
                      ; - net.minecraft.util.thread.BlockableEventLoop::doRunTask@5 (line 172)
                      ; - net.minecraft.util.thread.ReentrantBlockableEventLoop::doRunTask@12 (line 23)
  0x00000001198321e4: 6a02 0035 | fd03 01aa | e103 02aa | 0904 92d2 | 6998 b8f2 | 4901 c0f2 

  0x00000001198321fc: ; ImmutableOopMap {rfp=Oop }
                      ;*invokeinterface run {reexecute=0 rethrow=0 return_oop=0}
                      ; - net.minecraft.util.thread.BlockableEventLoop::doRunTask@10 (line 173)
                      ; - net.minecraft.util.thread.ReentrantBlockableEventLoop::doRunTask@12 (line 23)
                      ;   {virtual_call}
  0x00000001198321fc: 0384 7397 

  0x0000000119832200: ;   {post_call_nop}
  0x0000000119832200: 1f20 03d5 | 1f2f 80f2 

  0x0000000119832208: ;*invokeinterface run {reexecute=0 rethrow=0 return_oop=0}
                      ; - net.minecraft.util.thread.BlockableEventLoop::doRunTask@10 (line 173)
                      ; - net.minecraft.util.thread.ReentrantBlockableEventLoop::doRunTask@12 (line 23)
  0x0000000119832208: 1f00 80f2 | ab1f 40b9 | 6a05 0051 

  0x0000000119832214: ;*putfield reentrantCount {reexecute=0 rethrow=0 return_oop=0}
                      ; - net.minecraft.util.thread.ReentrantBlockableEventLoop::doRunTask@22 (line 25)
  0x0000000119832214: aa1f 00b9 | fd7b 43a9 | ff03 0191 

  0x0000000119832220: ;   {poll_return}
  0x0000000119832220: 8817 40f9 | ff63 28eb | 6802 0054 | c003 5fd6 

  0x0000000119832230: ;   {oop(a 'java/lang/Class'{0x0000000420818260} = 'net/minecraft/SharedConstants')}
  0x0000000119832230: 0b4c 90d2 | 2b10 a4f2 

  0x0000000119832238: ;*synchronization entry
                      ; - com.mojang.jtracy.TracyClient::beginZone@-1 (line 78)
                      ; - net.minecraft.util.thread.BlockableEventLoop::doRunTask@5 (line 172)
                      ; - net.minecraft.util.thread.ReentrantBlockableEventLoop::doRunTask@12 (line 23)
  0x0000000119832238: 8b00 c0f2 

  0x000000011983223c: ;*getstatic IS_RUNNING_IN_IDE {reexecute=0 rethrow=0 return_oop=0}
                      ; - net.minecraft.util.thread.BlockableEventLoop::doRunTask@2 (line 172)
                      ; - net.minecraft.util.thread.ReentrantBlockableEventLoop::doRunTask@12 (line 23)
  0x000000011983223c: 7dd1 4539 | 4117 8012 | ec8b 00a9 | ea1b 00b9 

  0x000000011983224c: ; ImmutableOopMap {[8]=Oop [16]=Oop }
                      ;*ifeq {reexecute=1 rethrow=0 return_oop=0}
                      ; - (reexecute) com.mojang.jtracy.TracyClient::beginZone@3 (line 78)
                      ; - net.minecraft.util.thread.BlockableEventLoop::doRunTask@5 (line 172)
                      ; - net.minecraft.util.thread.ReentrantBlockableEventLoop::doRunTask@12 (line 23)
                      ;   {runtime_call UncommonTrapBlob}
  0x000000011983224c: fd78 7397 

  0x0000000119832250: ;   {post_call_nop}
  0x0000000119832250: 1f20 03d5 | 1f39 80f2 

  0x0000000119832258: ;*invokeinterface run {reexecute=0 rethrow=0 return_oop=0}
                      ; - net.minecraft.util.thread.BlockableEventLoop::doRunTask@10 (line 173)
                      ; - net.minecraft.util.thread.ReentrantBlockableEventLoop::doRunTask@12 (line 23)
  0x0000000119832258: 1f20 80f2 | e007 00f9 | 410d 8012 

  0x0000000119832264: ; ImmutableOopMap {rfp=Oop [8]=Oop }
                      ;*astore_3 {reexecute=0 rethrow=0 return_oop=0}
                      ; - net.minecraft.util.thread.BlockableEventLoop::doRunTask@26 (line 172)
                      ; - net.minecraft.util.thread.ReentrantBlockableEventLoop::doRunTask@12 (line 23)
                      ;   {runtime_call UncommonTrapBlob}
  0x0000000119832264: f778 7397 

  0x0000000119832268: ;   {post_call_nop}
  0x0000000119832268: 1f20 03d5 | 1f3c 80f2 

  0x0000000119832270: ;*astore_3 {reexecute=0 rethrow=0 return_oop=0}
                      ; - net.minecraft.util.thread.BlockableEventLoop::doRunTask@26 (line 172)
                      ; - net.minecraft.util.thread.ReentrantBlockableEventLoop::doRunTask@12 (line 23)
  0x0000000119832270: 1f40 80f2 

  0x0000000119832274: ;   {internal_word}
  0x0000000119832274: 68fd ff10 | 8867 02f9 

  0x000000011983227c: ;   {runtime_call SafepointBlob}
  0x000000011983227c: 811a 7017 

  0x0000000119832280: ;   {runtime_call Stub::method_entry_barrier}
  0x0000000119832280: 0830 80d2 | 88e8 a2f2 | 2800 c0f2 | 0001 3fd6 | cdff ff17 

  0x0000000119832294: ;   {entry_guard}
  0x0000000119832294: 1b00 0000 
[Stub Code]
  0x0000000119832298: ;   {trampoline_stub}
  0x0000000119832298: 4800 0058 | 0001 1fd6 | 0832 5117 | 0100 0000 
[Exception Handler]
  0x00000001198322a8: ;   {runtime_call ExceptionBlob}
  0x00000001198322a8: 4679 7317 
[Deopt Handler Code]
  0x00000001198322ac: 1e00 0010 

  0x00000001198322b0: ;   {runtime_call DeoptimizationBlob}
  0x00000001198322b0: f41a 7017 | 0000 0000 
[/MachCode]


---------------  P R O C E S S  ---------------

Threads class SMR info:
_java_thread_list=0x0000000ac63a1820, length=135, elements={
0x00000001035d32d0, 0x0000000a94cce800, 0x0000000a94ccf200, 0x0000000a94d40a00,
0x0000000a94d41400, 0x0000000a94d41e00, 0x0000000a94d42800, 0x0000000a94d43200,
0x0000000a94dcd400, 0x0000000a94dcde00, 0x0000000a94dcf200, 0x0000000a94f68000,
0x0000000a94332800, 0x0000000a92924000, 0x0000000a915a4a00, 0x0000000a915a5400,
0x0000000a915a5e00, 0x0000000a915a6800, 0x0000000a915a7200, 0x0000000a915ac000,
0x0000000a915aca00, 0x0000000a90f41e00, 0x0000000a92970a00, 0x0000000a908a5e00,
0x0000000a93ff0a00, 0x0000000a8f53e800, 0x0000000a8f55a800, 0x0000000a8f55b200,
0x0000000a8fa50a00, 0x0000000a8fa53200, 0x0000000a93ff1e00, 0x0000000a90214000,
0x0000000a9010b200, 0x0000000a8f82ca00, 0x0000000a8f82f200, 0x0000000a90a28000,
0x0000000a8f265400, 0x0000000a8f265e00, 0x0000000a8f2a4a00, 0x0000000a8f2a5e00,
0x0000000a8f3d0000, 0x0000000a8f3d0a00, 0x0000000a8f3d3200, 0x0000000a8f3f8000,
0x0000000a8f3f8a00, 0x0000000a8f3f9400, 0x0000000a8f3fc000, 0x0000000a8ec19400,
0x0000000a8ec1a800, 0x0000000a8ec1b200, 0x0000000a8ec28000, 0x0000000a8f311400,
0x0000000a8ec5f200, 0x0000000a8e538000, 0x0000000a8e230a00, 0x0000000a8dd77200,
0x0000000a8e3bde00, 0x0000000a93ff7200, 0x0000000a8eb2f200, 0x0000000a6e7ef200,
0x0000000a6e1ede00, 0x0000000a6e1ee800, 0x0000000a6e1fb200, 0x0000000a658c1400,
0x0000000a8cf04000, 0x0000000a8cf04a00, 0x0000000a8cf05400, 0x0000000a65a37200,
0x0000000a65a39400, 0x0000000a936fb200, 0x0000000a8f559e00, 0x0000000a90a2b200,
0x0000000a8f821400, 0x0000000a8ea1e800, 0x0000000a8ea1de00, 0x0000000a8e538a00,
0x0000000a58d09400, 0x0000000a58338000, 0x0000000a58338a00, 0x0000000a58339400,
0x0000000a5833a800, 0x0000000a58344a00, 0x0000000a58345400, 0x0000000a58347200,
0x0000000a57c7b200, 0x0000000a57c80000, 0x0000000a57edca00, 0x0000000a58f29400,
0x0000000a5789b200, 0x0000000a8e539e00, 0x0000000a57c80a00, 0x0000000a54bee800,
0x0000000a54455400, 0x0000000a54455e00, 0x0000000a54457200, 0x0000000a57315400,
0x0000000a57315e00, 0x0000000a5445e800, 0x0000000a57319e00, 0x0000000a5731a800,
0x0000000a8dc6de00, 0x0000000a57318a00, 0x0000000a54bf2800, 0x0000000a54bf0000,
0x0000000a54467200, 0x0000000a54468000, 0x0000000a54468a00, 0x0000000a54469e00,
0x0000000a8fa51e00, 0x0000000a5731ca00, 0x0000000a5731d400, 0x0000000a54bf9e00,
0x0000000a54bfde00, 0x0000000a57329400, 0x0000000a54480a00, 0x0000000a54021400,
0x0000000a6e1eca00, 0x0000000a6e156800, 0x0000000a5726de00, 0x0000000a54194000,
0x0000000a54194a00, 0x0000000a53cae800, 0x0000000a5732ca00, 0x0000000a81fff200,
0x0000000a557b1e00, 0x0000000a570ad400, 0x0000000a8dc6f200, 0x0000000a8dc6d400,
0x0000000a570d0000, 0x0000000a57ef3200, 0x0000000a57ff2800, 0x0000000a53080a00,
0x0000000a8ef67200, 0x0000000a8ef66800, 0x0000000a58d5f200
}

Java Threads: ( => current thread )
=>0x00000001035d32d0 JavaThread "Render thread"                     [_thread_in_native, id=259, stack(0x000000016c870000,0x000000016d06c000) (8176K)]
  0x0000000a94cce800 JavaThread "Reference Handler"          daemon [_thread_blocked, id=24579, stack(0x000000016e068000,0x000000016e26b000) (2060K)]
  0x0000000a94ccf200 JavaThread "Finalizer"                  daemon [_thread_blocked, id=29955, stack(0x000000016e274000,0x000000016e477000) (2060K)]
  0x0000000a94d40a00 JavaThread "Signal Dispatcher"          daemon [_thread_blocked, id=29443, stack(0x000000016e480000,0x000000016e683000) (2060K)]
  0x0000000a94d41400 JavaThread "Service Thread"             daemon [_thread_blocked, id=28931, stack(0x000000016e68c000,0x000000016e88f000) (2060K)]
  0x0000000a94d41e00 JavaThread "Monitor Deflation Thread"   daemon [_thread_blocked, id=25091, stack(0x000000016e898000,0x000000016ea9b000) (2060K)]
  0x0000000a94d42800 JavaThread "C2 CompilerThread0"         daemon [_thread_blocked, id=28419, stack(0x000000016eaa4000,0x000000016eca7000) (2060K)]
  0x0000000a94d43200 JavaThread "C1 CompilerThread0"         daemon [_thread_blocked, id=25603, stack(0x000000016ecb0000,0x000000016eeb3000) (2060K)]
  0x0000000a94dcd400 JavaThread "Common-Cleaner"             daemon [_thread_blocked, id=26115, stack(0x000000016eebc000,0x000000016f0bf000) (2060K)]
  0x0000000a94dcde00 JavaThread "Notification Thread"        daemon [_thread_blocked, id=26371, stack(0x000000016f0c8000,0x000000016f2cb000) (2060K)]
  0x0000000a94dcf200 JavaThread "Theseus RPC Main"           daemon [_thread_blocked, id=27651, stack(0x000000016f2d4000,0x000000016f4d7000) (2060K)]
  0x0000000a94f68000 JavaThread "Theseus RPC Read"           daemon [_thread_in_native, id=27139, stack(0x000000016f4e0000,0x000000016f6e3000) (2060K)]
  0x0000000a94332800 JavaThread "LauncherLogger-Worker"      daemon [_thread_blocked, id=35363, stack(0x0000000170540000,0x0000000170743000) (2060K)]
  0x0000000a92924000 JavaThread "JNA Cleaner"                daemon [_thread_blocked, id=32783, stack(0x000000016f6ec000,0x000000016f8ef000) (2060K)]
  0x0000000a915a4a00 JavaThread "c2me-worker-0"              daemon [_thread_blocked, id=40431, stack(0x0000000170b64000,0x0000000170d67000) (2060K)]
  0x0000000a915a5400 JavaThread "c2me-worker-1"              daemon [_thread_blocked, id=40995, stack(0x0000000170d70000,0x0000000170f73000) (2060K)]
  0x0000000a915a5e00 JavaThread "c2me-worker-2"              daemon [_thread_blocked, id=38659, stack(0x00000001719b8000,0x0000000171bbb000) (2060K)]
  0x0000000a915a6800 JavaThread "c2me-worker-3"              daemon [_thread_blocked, id=38147, stack(0x0000000171bc4000,0x0000000171dc7000) (2060K)]
  0x0000000a915a7200 JavaThread "c2me-worker-4"              daemon [_thread_blocked, id=37635, stack(0x0000000171dd0000,0x0000000171fd3000) (2060K)]
  0x0000000a915ac000 JavaThread "c2me-worker-5"              daemon [_thread_blocked, id=36867, stack(0x0000000171fdc000,0x00000001721df000) (2060K)]
  0x0000000a915aca00 JavaThread "c2me-sched"                 daemon [_thread_blocked, id=43523, stack(0x00000001721e8000,0x00000001723eb000) (2060K)]
  0x0000000a90f41e00 JavaThread "EuphoriaConfigWatcher"      daemon [_thread_blocked, id=44035, stack(0x00000001723f4000,0x00000001725f7000) (2060K)]
  0x0000000a92970a00 JavaThread "EuphoriaPatcher-FileWriter" daemon [_thread_blocked, id=40739, stack(0x0000000170f7c000,0x000000017117f000) (2060K)]
  0x0000000a908a5e00 JavaThread "Timer hack thread"          daemon [_thread_blocked, id=30475, stack(0x0000000171394000,0x0000000171597000) (2060K)]
  0x0000000a93ff0a00 JavaThread "Yggdrasil Key Fetcher"      daemon [_thread_blocked, id=39715, stack(0x000000017280c000,0x0000000172a0f000) (2060K)]
  0x0000000a8f53e800 JavaThread "HttpClient-2-SelectorManager" daemon [_thread_in_native, id=46339, stack(0x0000000173660000,0x0000000173863000) (2060K)]
  0x0000000a8f55a800 JavaThread "config-file-watcher-0-0"    daemon [_thread_blocked, id=46091, stack(0x000000017303c000,0x000000017323f000) (2060K)]
  0x0000000a8f55b200 JavaThread "FileSystemWatcher"          daemon [_thread_blocked, id=63763, stack(0x0000000173248000,0x000000017344b000) (2060K)]
  0x0000000a8fa50a00 JavaThread "ToggleableConfigWatchService"        [_thread_blocked, id=47363, stack(0x00000001742a8000,0x00000001744ab000) (2060K)]
  0x0000000a8fa53200 JavaThread "ldtteam-config-writer"      daemon [_thread_blocked, id=47875, stack(0x00000001744b4000,0x00000001746b7000) (2060K)]
  0x0000000a93ff1e00 JavaThread "FileSystemWatcher"          daemon [_thread_blocked, id=48387, stack(0x00000001746c0000,0x00000001748c3000) (2060K)]
  0x0000000a90214000 JavaThread "ConfigSaver"                daemon [_thread_blocked, id=48899, stack(0x00000001748cc000,0x0000000174acf000) (2060K)]
  0x0000000a9010b200 JavaThread "pool-9-thread-1"                   [_thread_blocked, id=61187, stack(0x0000000174ad8000,0x0000000174cdb000) (2060K)]
  0x0000000a8f82ca00 JavaThread "DefaultDispatcher-worker-1" daemon [_thread_blocked, id=59907, stack(0x0000000175514000,0x0000000175717000) (2060K)]
  0x0000000a8f82f200 JavaThread "DefaultDispatcher-worker-2" daemon [_thread_blocked, id=59651, stack(0x0000000175720000,0x0000000175923000) (2060K)]
  0x0000000a90a28000 JavaThread "ConfigSaver"                daemon [_thread_blocked, id=59151, stack(0x000000017592c000,0x0000000175b2f000) (2060K)]
  0x0000000a8f265400 JavaThread "JEI Config File Watcher"    daemon [_thread_blocked, id=60171, stack(0x0000000175b38000,0x0000000175d3b000) (2060K)]
  0x0000000a8f265e00 JavaThread "FileSystemWatcher"          daemon [_thread_blocked, id=51715, stack(0x0000000175f50000,0x0000000176153000) (2060K)]
  0x0000000a8f2a4a00 JavaThread "VirtualThread-unblocker"    daemon [_thread_blocked, id=35923, stack(0x0000000171188000,0x000000017138b000) (2060K)]
  0x0000000a8f2a5e00 JavaThread "HttpClient-4-SelectorManager" daemon [_thread_in_native, id=51975, stack(0x000000017615c000,0x000000017635f000) (2060K)]
  0x0000000a8f3d0000 JavaThread "HttpClient-5-SelectorManager" daemon [_thread_in_native, id=54275, stack(0x0000000176fb0000,0x00000001771b3000) (2060K)]
  0x0000000a8f3d0a00 JavaThread "spark-monitoring-2-thread-1" daemon [_thread_blocked, id=54787, stack(0x00000001771bc000,0x00000001773bf000) (2060K)]
  0x0000000a8f3d3200 JavaThread "spark-monitoring-2-thread-2" daemon [_thread_blocked, id=56835, stack(0x00000001773c8000,0x00000001775cb000) (2060K)]
  0x0000000a8f3f8000 JavaThread "spark-monitoring-2-thread-3" daemon [_thread_blocked, id=56323, stack(0x00000001775d4000,0x00000001777d7000) (2060K)]
  0x0000000a8f3f8a00 JavaThread "spark-monitoring-2-thread-4" daemon [_thread_blocked, id=56067, stack(0x00000001777e0000,0x00000001779e3000) (2060K)]
  0x0000000a8f3f9400 JavaThread "spark-worker-pool-1-thread-1" daemon [_thread_blocked, id=55555, stack(0x00000001779ec000,0x0000000177bef000) (2060K)]
  0x0000000a8f3fc000 JavaThread "ConfigSaver"                daemon [_thread_blocked, id=86787, stack(0x0000000177e04000,0x0000000178007000) (2060K)]
  0x0000000a8ec19400 JavaThread "Cleaner-0"                  daemon [_thread_blocked, id=66307, stack(0x000000017821c000,0x000000017841f000) (2060K)]
  0x0000000a8ec1a800 JavaThread "Cleaner-1"                  daemon [_thread_blocked, id=86019, stack(0x0000000178428000,0x000000017862b000) (2060K)]
  0x0000000a8ec1b200 JavaThread "Cleaner-2"                  daemon [_thread_blocked, id=85507, stack(0x0000000178634000,0x0000000178837000) (2060K)]
  0x0000000a8ec28000 JavaThread "Cleaner-3"                  daemon [_thread_blocked, id=84995, stack(0x0000000178840000,0x0000000178a43000) (2060K)]
  0x0000000a8f311400 JavaThread "FileWatcher-1-thread-1"     daemon [_thread_blocked, id=52487, stack(0x0000000176780000,0x0000000176983000) (2060K)]
  0x0000000a8ec5f200 JavaThread "XaeroPlusDrawing-Manager"          [_thread_blocked, id=84483, stack(0x0000000178a4c000,0x0000000178c4f000) (2060K)]
  0x0000000a8e538000 JavaThread "Cleaner-4"                  daemon [_thread_blocked, id=118531, stack(0x0000000178e64000,0x0000000179067000) (2060K)]
  0x0000000a8e230a00 JavaThread "Friends List"               daemon [_thread_blocked, id=163587, stack(0x0000000176da4000,0x0000000176fa7000) (2060K)]
  0x0000000a8dd77200 JavaThread "Java2D Disposer"            daemon [_thread_blocked, id=260627, stack(0x0000000179488000,0x000000017968b000) (2060K)]
  0x0000000a8e3bde00 JavaThread "Thread-20"                         [_thread_blocked, id=149331, stack(0x0000000179694000,0x0000000179897000) (2060K)]
  0x0000000a93ff7200 JavaThread "CullThread"                        [_thread_blocked, id=176899, stack(0x000000017f4b8000,0x000000017f6bb000) (2060K)]
  0x0000000a8eb2f200 JavaThread "Telemetry-Sender-#1"        daemon [_thread_blocked, id=161307, stack(0x0000000175094000,0x0000000175297000) (2060K)]
  0x0000000a6e7ef200 JavaThread "FieldGuide-IconCache-IO"    daemon [_thread_blocked, id=178835, stack(0x000000017caa0000,0x000000017cca3000) (2060K)]
  0x0000000a6e1ede00 JavaThread "Worker-Main-8"              daemon [_thread_blocked, id=140915, stack(0x0000000172aa4000,0x0000000172ca7000) (2060K)]
  0x0000000a6e1ee800 JavaThread "Worker-Main-9"              daemon [_thread_blocked, id=140555, stack(0x0000000173454000,0x0000000173657000) (2060K)]
  0x0000000a6e1fb200 JavaThread "Worker-Main-10"             daemon [_thread_blocked, id=181491, stack(0x0000000173f10000,0x0000000174113000) (2060K)]
  0x0000000a658c1400 JavaThread "Worker-Main-11"             daemon [_thread_blocked, id=261651, stack(0x0000000176368000,0x000000017656b000) (2060K)]
  0x0000000a8cf04000 JavaThread "Worker-Main-12"             daemon [_thread_blocked, id=178127, stack(0x0000000176b24000,0x0000000176d27000) (2060K)]
  0x0000000a8cf04a00 JavaThread "Worker-Main-13"             daemon [_thread_blocked, id=47119, stack(0x0000000178010000,0x0000000178213000) (2060K)]
  0x0000000a8cf05400 JavaThread "Worker-Main-14"             daemon [_thread_blocked, id=178447, stack(0x0000000178c58000,0x0000000178e5b000) (2060K)]
  0x0000000a65a37200 JavaThread "HttpClient-6-SelectorManager" daemon [_thread_in_native, id=57163, stack(0x000000017f2ac000,0x000000017f4af000) (2060K)]
  0x0000000a65a39400 JavaThread "HttpClient-7-SelectorManager" daemon [_thread_in_native, id=51475, stack(0x000000017f6c4000,0x000000017f8c7000) (2060K)]
  0x0000000a936fb200 JavaThread "scalablelux-0"              daemon [_thread_blocked, id=45439, stack(0x000000031681c000,0x0000000316a1f000) (2060K)]
  0x0000000a8f559e00 JavaThread "scalablelux-1"              daemon [_thread_blocked, id=53579, stack(0x0000000316a28000,0x0000000316c2b000) (2060K)]
  0x0000000a90a2b200 JavaThread "RxCachedWorkerPoolEvictor-1" daemon [_thread_blocked, id=256007, stack(0x0000000317a88000,0x0000000317c8b000) (2060K)]
  0x0000000a8f821400 JavaThread "Netty Local IO #0"          daemon [_thread_blocked, id=176667, stack(0x00000003180ac000,0x00000003182af000) (2060K)]
  0x0000000a8ea1e800 JavaThread "Netty Local IO #1"          daemon [_thread_blocked, id=251395, stack(0x00000003182b8000,0x00000003184bb000) (2060K)]
  0x0000000a8ea1de00 JavaThread "Netty Local IO #2"          daemon [_thread_blocked, id=251139, stack(0x00000003184c4000,0x00000003186c7000) (2060K)]
  0x0000000a8e538a00 JavaThread "ThreadStateHolderCleaner"   daemon [_thread_blocked, id=50299, stack(0x0000000316404000,0x0000000316607000) (2060K)]
  0x0000000a58d09400 JavaThread "ForkJoinPool-4-worker-3"    daemon [_thread_blocked, id=250635, stack(0x000000031c0b8000,0x000000031c2bb000) (2060K)]
  0x0000000a58338000 JavaThread "ForkJoinPool-4-worker-4"    daemon [_thread_blocked, id=249119, stack(0x000000031c2c4000,0x000000031c4c7000) (2060K)]
  0x0000000a58338a00 JavaThread "ForkJoinPool-4-worker-5"    daemon [_thread_blocked, id=184355, stack(0x000000031c4d0000,0x000000031c6d3000) (2060K)]
  0x0000000a58339400 JavaThread "ForkJoinPool-4-worker-6"    daemon [_thread_blocked, id=185859, stack(0x000000031c6dc000,0x000000031c8df000) (2060K)]
  0x0000000a5833a800 JavaThread "ForkJoinPool-4-worker-7"    daemon [_thread_blocked, id=248323, stack(0x000000031c8e8000,0x000000031caeb000) (2060K)]
  0x0000000a58344a00 JavaThread "ForkJoinPool-4-worker-8"    daemon [_thread_blocked, id=247811, stack(0x000000031caf4000,0x000000031ccf7000) (2060K)]
  0x0000000a58345400 JavaThread "ForkJoinPool-4-worker-9"    daemon [_thread_blocked, id=247555, stack(0x000000031cd00000,0x000000031cf03000) (2060K)]
  0x0000000a58347200 JavaThread "ForkJoinPool-4-worker-10"   daemon [_thread_blocked, id=247299, stack(0x000000031cf0c000,0x000000031d10f000) (2060K)]
  0x0000000a57c7b200 JavaThread "Litematica Placement Manager 2" daemon [_thread_blocked, id=246283, stack(0x000000031d530000,0x000000031d733000) (2060K)]
  0x0000000a57c80000 JavaThread "Litematica Placement Manager 1" daemon [_thread_blocked, id=187919, stack(0x000000031d948000,0x000000031db4b000) (2060K)]
  0x0000000a57edca00 JavaThread "ipnPeriodicalTasks"         daemon [_thread_blocked, id=244483, stack(0x000000031e9a8000,0x000000031ebab000) (2060K)]
  0x0000000a58f29400 JavaThread "JEI Delayed Executor 0"            [_thread_blocked, id=244227, stack(0x000000031ebb4000,0x000000031edb7000) (2060K)]
  0x0000000a5789b200 JavaThread "Java Sound Event Dispatcher" daemon [_thread_blocked, id=240899, stack(0x000000032c41c000,0x000000032c61f000) (2060K)]
  0x0000000a8e539e00 JavaThread "Thread-43"                  daemon [_thread_blocked, id=192799, stack(0x000000031aca8000,0x000000031aeab000) (2060K)]
  0x0000000a57c80a00 JavaThread "Structurize IO Worker #1"   daemon [_thread_blocked, id=240155, stack(0x0000000177bf8000,0x0000000177dfb000) (2060K)]
  0x0000000a54bee800 JavaThread "Server thread"                     [_thread_blocked, id=186919, stack(0x000000017f0a0000,0x000000017f2a3000) (2060K)]
  0x0000000a54455400 JavaThread "HttpClient-9-SelectorManager" daemon [_thread_in_native, id=173091, stack(0x000000017f8d0000,0x000000017fad3000) (2060K)]
  0x0000000a54455e00 JavaThread "spark-worker-pool-5-thread-1" daemon [_thread_blocked, id=54063, stack(0x0000000301884000,0x0000000301a87000) (2060K)]
  0x0000000a54457200 JavaThread "spark-async-sampler-worker-6-thread-1"        [_thread_blocked, id=53287, stack(0x0000000305fe0000,0x00000003061e3000) (2060K)]
  0x0000000a57315400 JavaThread "C2ME Storage #10"           daemon [_thread_blocked, id=43107, stack(0x0000000308584000,0x0000000308787000) (2060K)]
  0x0000000a57315e00 JavaThread "C2ME Storage #11"           daemon [_thread_blocked, id=64747, stack(0x0000000308a00000,0x0000000308c03000) (2060K)]
  0x0000000a5445e800 JavaThread "C2ME Storage #12"           daemon [_thread_blocked, id=174595, stack(0x0000000316610000,0x0000000316813000) (2060K)]
  0x0000000a57319e00 JavaThread "C2ME Storage #13"           daemon [_thread_blocked, id=172799, stack(0x000000031742c000,0x000000031762f000) (2060K)]
  0x0000000a5731a800 JavaThread "C2ME Storage #14"           daemon [_thread_blocked, id=177883, stack(0x0000000317638000,0x000000031783b000) (2060K)]
  0x0000000a8dc6de00 JavaThread "C2ME Storage #15"           daemon [_thread_blocked, id=250919, stack(0x0000000317844000,0x0000000317a47000) (2060K)]
  0x0000000a57318a00 JavaThread "C2ME Storage #16"           daemon [_thread_blocked, id=65231, stack(0x0000000317ea0000,0x00000003180a3000) (2060K)]
  0x0000000a54bf2800 JavaThread "C2ME Storage #17"           daemon [_thread_blocked, id=60671, stack(0x00000003186d0000,0x00000003188d3000) (2060K)]
  0x0000000a54bf0000 JavaThread "C2ME Storage #18"           daemon [_thread_blocked, id=185435, stack(0x000000031d118000,0x000000031d31b000) (2060K)]
  0x0000000a54467200 JavaThread "VoiceChatPacketProcessingThread" daemon [_thread_blocked, id=242699, stack(0x000000031d324000,0x000000031d527000) (2060K)]
  0x0000000a54468000 JavaThread "VoiceChatServerThread"      daemon [_thread_in_native, id=192283, stack(0x000000031db54000,0x000000031dd57000) (2060K)]
  0x0000000a54468a00 JavaThread "WorldEdit-RecursiveDirectoryWatcher" daemon [_thread_blocked, id=182035, stack(0x000000017927c000,0x000000017947f000) (2060K)]
  0x0000000a54469e00 JavaThread "FileSystemWatcher"          daemon [_thread_blocked, id=188167, stack(0x000000017d2a0000,0x000000017d4a3000) (2060K)]
  0x0000000a8fa51e00 JavaThread "Netty Local IO #3"          daemon [_thread_blocked, id=163523, stack(0x000000031f1d8000,0x000000031f3db000) (2060K)]
  0x0000000a5731ca00 JavaThread "Netty Local IO #4"          daemon [_thread_blocked, id=245515, stack(0x000000031fbdc000,0x000000031fddf000) (2060K)]
  0x0000000a5731d400 JavaThread "Netty Local IO #5"          daemon [_thread_blocked, id=252179, stack(0x000000032c628000,0x000000032c82b000) (2060K)]
  0x0000000a54bf9e00 JavaThread "minecraft_overworld - Light" daemon [_thread_blocked, id=251919, stack(0x000000032c834000,0x000000032ca37000) (2060K)]
  0x0000000a54bfde00 JavaThread "Sound engine"               daemon [_thread_blocked, id=246867, stack(0x000000033c518000,0x000000033c71b000) (2060K)]
  0x0000000a57329400 JavaThread "VoicechatSoundManagerThread" daemon [_thread_blocked, id=34859, stack(0x000000033cfa4000,0x000000033d1a7000) (2060K)]
  0x0000000a54480a00 JavaThread "VoiceChatConnectionThread"  daemon [_thread_in_native, id=160003, stack(0x000000033d1b0000,0x000000033d3b3000) (2060K)]
  0x0000000a54021400 JavaThread "XaeroPlusDrawing-Worker"           [_thread_blocked, id=118103, stack(0x000000033d3bc000,0x000000033d5bf000) (2060K)]
  0x0000000a6e1eca00 JavaThread "MicrophoneThread"           daemon [_thread_blocked, id=194827, stack(0x000000033998c000,0x0000000339b8f000) (2060K)]
  0x0000000a6e156800 JavaThread "IO-Worker-13"                      [_thread_blocked, id=157043, stack(0x000000033eff0000,0x000000033f1f3000) (2060K)]
  0x0000000a5726de00 JavaThread "Thread-60"                  daemon [_thread_blocked, id=163275, stack(0x000000031edc0000,0x000000031efc3000) (2060K)]
  0x0000000a54194000 JavaThread "PotatoFileMonitor"          daemon [_thread_blocked, id=243647, stack(0x000000033dfe0000,0x000000033e1e3000) (2060K)]
  0x0000000a54194a00 JavaThread "FileSystemWatcher"          daemon [_thread_blocked, id=189203, stack(0x000000033e9cc000,0x000000033ebcf000) (2060K)]
  0x0000000a53cae800 JavaThread "Download-15"                daemon [_thread_blocked, id=251763, stack(0x000000033b34c000,0x000000033b54f000) (2060K)]
  0x0000000a5732ca00 JavaThread "Cleaner-5"                  daemon [_thread_blocked, id=52459, stack(0x000000033b8a8000,0x000000033baab000) (2060K)]
  0x0000000a81fff200 JavaThread "IO-Worker-22"                      [_thread_blocked, id=241671, stack(0x00000003773c0000,0x00000003775c3000) (2060K)]
  0x0000000a557b1e00 JavaThread "IO-Worker-23"                      [_thread_blocked, id=190887, stack(0x00000003775cc000,0x00000003777cf000) (2060K)]
  0x0000000a570ad400 JavaThread "IO-Worker-24"                      [_thread_blocked, id=50539, stack(0x00000003777d8000,0x00000003779db000) (2060K)]
  0x0000000a8dc6f200 JavaThread "IO-Worker-25"                      [_thread_blocked, id=241459, stack(0x00000003779e4000,0x0000000377be7000) (2060K)]
  0x0000000a8dc6d400 JavaThread "IO-Worker-26"                      [_thread_blocked, id=252895, stack(0x0000000377bf0000,0x0000000377df3000) (2060K)]
  0x0000000a570d0000 JavaThread "Async-profiler Timer"       daemon [_thread_in_native, id=255827, stack(0x000000033ecd8000,0x000000033eedb000) (2060K)]
  0x0000000a57ef3200 JavaThread "Chunk Render Task Executor #0"        [_thread_blocked, id=243875, stack(0x0000000172dbc000,0x0000000172fbf000) (2060K)]
  0x0000000a57ff2800 JavaThread "Chunk Render Task Executor #1"        [_thread_blocked, id=260163, stack(0x000000031e3b8000,0x000000031e5bb000) (2060K)]
  0x0000000a53080a00 JavaThread "Sodium Async Cull Thread"          [_thread_blocked, id=161923, stack(0x000000033bc74000,0x000000033be77000) (2060K)]
  0x0000000a8ef67200 JavaThread "ForkJoinPool.commonPool-worker-21" daemon [_thread_blocked, id=184047, stack(0x000000033bf18000,0x000000033c11b000) (2060K)]
  0x0000000a8ef66800 JavaThread "ForkJoinPool.commonPool-worker-22" daemon [_thread_blocked, id=137699, stack(0x000000033f1fc000,0x000000033f3ff000) (2060K)]
  0x0000000a58d5f200 JavaThread "FileSystemWatcher"          daemon [_thread_blocked, id=175911, stack(0x000000034f43c000,0x000000034f63f000) (2060K)]
Total: 135

Other Threads:
  0x0000000a94cd1900 VMThread "VM Thread"                           [id=20227, stack(0x000000016dd44000,0x000000016df47000) (2060K)]
  0x0000000a94cd6400 WatcherThread "VM Periodic Task Thread"        [id=16907, stack(0x000000016db38000,0x000000016dd3b000) (2060K)]
  0x0000000a94cd0000 WorkerThread "GC Thread#0"                     [id=14595, stack(0x000000016d0fc000,0x000000016d2ff000) (2060K)]
  0x0000000a93e62d00 WorkerThread "GC Thread#1"                     [id=33027, stack(0x000000016fb04000,0x000000016fd07000) (2060K)]
  0x0000000a93e63200 WorkerThread "GC Thread#2"                     [id=33283, stack(0x000000016fd10000,0x000000016ff13000) (2060K)]
  0x0000000a93e63700 WorkerThread "GC Thread#3"                     [id=33539, stack(0x000000016ff1c000,0x000000017011f000) (2060K)]
  0x0000000a93eac000 WorkerThread "GC Thread#4"                     [id=34051, stack(0x0000000170128000,0x000000017032b000) (2060K)]
  0x0000000a93eac500 WorkerThread "GC Thread#5"                     [id=41987, stack(0x0000000170334000,0x0000000170537000) (2060K)]
  0x0000000a9425ad00 WorkerThread "GC Thread#6"                     [id=39171, stack(0x00000001715a0000,0x00000001717a3000) (2060K)]
  0x0000000a9425b200 WorkerThread "GC Thread#7"                     [id=38915, stack(0x00000001717ac000,0x00000001719af000) (2060K)]
  0x0000000a94cd0500 ConcurrentGCThread "G1 Main Marker"            [id=14083, stack(0x000000016d308000,0x000000016d50b000) (2060K)]
  0x0000000a94cd0a00 WorkerThread "G1 Conc#0"                       [id=12803, stack(0x000000016d514000,0x000000016d717000) (2060K)]
  0x0000000a92901900 WorkerThread "G1 Conc#1"                       [id=35079, stack(0x0000000170958000,0x0000000170b5b000) (2060K)]
  0x0000000a94cd0f00 ConcurrentGCThread "G1 Refine#0"               [id=13315, stack(0x000000016d720000,0x000000016d923000) (2060K)]
  0x0000000a545c9900 ConcurrentGCThread "G1 Refine#1"               [id=161255, stack(0x000000033a6c0000,0x000000033a8c3000) (2060K)]
  0x0000000a94cd1400 ConcurrentGCThread "G1 Service"                [id=21507, stack(0x000000016d92c000,0x000000016db2f000) (2060K)]
Total: 16

Threads with active compile tasks:
Total: 0

VM state: not at safepoint (normal execution)

VM Mutex/Monitor currently owned by a thread: None

Heap address: 0x0000000413000000, size: 8192 MB, Compressed Oops mode: Zero based, Oop shift amount: 3

CDS archive(s) mapped at: [0x00007ff000000000-0x00007ff000cfc000-0x00007ff000cfc000), size 13615104, SharedBaseAddress: 0x00007ff000000000, ArchiveRelocationMode: 1.
Compressed class space mapped at: 0x00007ff001000000-0x00007ff041000000, reserved size: 1073741824
UseCompressedClassPointers 1, UseCompactObjectHeaders 0
Narrow klass pointer bits 32, Max shift 3
Narrow klass base: 0x00007ff000000000, Narrow klass shift: 0
Encoding Range: [0x00007ff000000000 - 0x00007ff100000000), (4294967296 bytes)
Klass Range:    [0x00007ff000004000 - 0x00007ff041000000), (1090502656 bytes)
Klass ID Range:  [16384 - 1090519033) (1090502649)
Protection zone: [0x00007ff000000000 - 0x00007ff000004000), (16384 bytes)

GC Precious Log:
 CardTable entry size: 512
 Card Set container configuration: InlinePtr #cards 4 size 8 Array Of Cards #cards 64 size 144 Howl #buckets 8 coarsen threshold 14745 Howl Bitmap #cards 2048 size 272 coarsen threshold 1843 Card regions per heap region 1 cards per card region 16384
 CPUs: 8 total, 8 available
 Memory: 16384M
 Large Page Support: Disabled
 NUMA Support: Disabled
 Compressed Oops: Enabled (Zero based)
 Heap Region Size: 8M
 Heap Min Capacity: 8M
 Heap Initial Capacity: 256M
 Heap Max Capacity: 8G
 Pre-touch: Disabled
 Parallel Workers: 8
 Concurrent Workers: 2
 Concurrent Refinement Workers: 8
 Periodic GC: Disabled

Heap:
 garbage-first heap   total reserved 8388608K, committed 5742592K, used 3504400K [0x0000000413000000, 0x0000000613000000)
  region size 8192K, 29 young (237568K), 6 survivors (49152K)

Heap Regions: E=young(eden), S=young(survivor), O=old, HS=humongous(starts), HC=humongous(continues), CS=collection set, F=free, TAMS=top-at-mark-start, PB=parsable bottom
|   0|0x0000000413000000, 0x0000000413800000, 0x0000000413800000|100%| O|  |TAMS 0x0000000413000000| PB 0x0000000413000000| Untracked |  0
|   1|0x0000000413800000, 0x0000000414000000, 0x0000000414000000|100%| O|  |TAMS 0x0000000413800000| PB 0x0000000413800000| Untracked |  0
|   2|0x0000000414000000, 0x0000000414800000, 0x0000000414800000|100%| O|  |TAMS 0x0000000414000000| PB 0x0000000414000000| Untracked |  0
|   3|0x0000000414800000, 0x0000000415000000, 0x0000000415000000|100%| O|  |TAMS 0x0000000414800000| PB 0x0000000414800000| Untracked |  0
|   4|0x0000000415000000, 0x0000000415800000, 0x0000000415800000|100%| O|  |TAMS 0x0000000415000000| PB 0x0000000415000000| Untracked |  0
|   5|0x0000000415800000, 0x0000000416000000, 0x0000000416000000|100%| O|  |TAMS 0x0000000415800000| PB 0x0000000415800000| Untracked |  0
|   6|0x0000000416000000, 0x0000000416800000, 0x0000000416800000|100%| O|  |TAMS 0x0000000416000000| PB 0x0000000416000000| Untracked |  0
|   7|0x0000000416800000, 0x0000000417000000, 0x0000000417000000|100%| O|  |TAMS 0x0000000416800000| PB 0x0000000416800000| Untracked |  0
|   8|0x0000000417000000, 0x0000000417800000, 0x0000000417800000|100%| O|  |TAMS 0x0000000417000000| PB 0x0000000417000000| Untracked |  0
|   9|0x0000000417800000, 0x0000000418000000, 0x0000000418000000|100%|HS|  |TAMS 0x0000000417800000| PB 0x0000000417800000| Complete |  0
|  10|0x0000000418000000, 0x0000000418800000, 0x0000000418800000|100%| O|  |TAMS 0x0000000418000000| PB 0x0000000418000000| Untracked |  0
|  11|0x0000000418800000, 0x0000000419000000, 0x0000000419000000|100%| O|  |TAMS 0x0000000418800000| PB 0x0000000418800000| Untracked |  0
|  12|0x0000000419000000, 0x0000000419800000, 0x0000000419800000|100%| O|  |TAMS 0x0000000419000000| PB 0x0000000419000000| Untracked |  0
|  13|0x0000000419800000, 0x000000041a000000, 0x000000041a000000|100%| O|  |TAMS 0x0000000419800000| PB 0x0000000419800000| Untracked |  0
|  14|0x000000041a000000, 0x000000041a800000, 0x000000041a800000|100%| O|  |TAMS 0x000000041a000000| PB 0x000000041a000000| Untracked |  0
|  15|0x000000041a800000, 0x000000041b000000, 0x000000041b000000|100%| O|  |TAMS 0x000000041a800000| PB 0x000000041a800000| Untracked |  0
|  16|0x000000041b000000, 0x000000041b800000, 0x000000041b800000|100%| O|  |TAMS 0x000000041b000000| PB 0x000000041b000000| Untracked |  0
|  17|0x000000041b800000, 0x000000041c000000, 0x000000041c000000|100%| O|  |TAMS 0x000000041b800000| PB 0x000000041b800000| Untracked |  0
|  18|0x000000041c000000, 0x000000041c800000, 0x000000041c800000|100%| O|  |TAMS 0x000000041c000000| PB 0x000000041c000000| Untracked |  0
|  19|0x000000041c800000, 0x000000041d000000, 0x000000041d000000|100%| O|  |TAMS 0x000000041c800000| PB 0x000000041c800000| Untracked |  0
|  20|0x000000041d000000, 0x000000041d800000, 0x000000041d800000|100%|HS|  |TAMS 0x000000041d000000| PB 0x000000041d000000| Complete |  0
|  21|0x000000041d800000, 0x000000041e000000, 0x000000041e000000|100%|HC|  |TAMS 0x000000041d800000| PB 0x000000041d800000| Complete |  0
|  22|0x000000041e000000, 0x000000041e800000, 0x000000041e800000|100%| O|  |TAMS 0x000000041e000000| PB 0x000000041e000000| Untracked |  0
|  23|0x000000041e800000, 0x000000041f000000, 0x000000041f000000|100%| O|  |TAMS 0x000000041e800000| PB 0x000000041e800000| Untracked |  0
|  24|0x000000041f000000, 0x000000041f800000, 0x000000041f800000|100%| O|  |TAMS 0x000000041f000000| PB 0x000000041f000000| Untracked |  0
|  25|0x000000041f800000, 0x0000000420000000, 0x0000000420000000|100%| O|  |TAMS 0x000000041f800000| PB 0x000000041f800000| Untracked |  0
|  26|0x0000000420000000, 0x0000000420800000, 0x0000000420800000|100%| O|  |TAMS 0x0000000420000000| PB 0x0000000420000000| Untracked |  0
|  27|0x0000000420800000, 0x0000000421000000, 0x0000000421000000|100%| O|  |TAMS 0x0000000420800000| PB 0x0000000420800000| Untracked |  0
|  28|0x0000000421000000, 0x0000000421800000, 0x0000000421800000|100%| O|  |TAMS 0x0000000421000000| PB 0x0000000421000000| Untracked |  0
|  29|0x0000000421800000, 0x0000000422000000, 0x0000000422000000|100%| O|  |TAMS 0x0000000421800000| PB 0x0000000421800000| Untracked |  0
|  30|0x0000000422000000, 0x0000000422800000, 0x0000000422800000|100%| O|  |TAMS 0x0000000422000000| PB 0x0000000422000000| Untracked |  0
|  31|0x0000000422800000, 0x0000000423000000, 0x0000000423000000|100%| O|  |TAMS 0x0000000422800000| PB 0x0000000422800000| Untracked |  0
|  32|0x0000000423000000, 0x0000000423800000, 0x0000000423800000|100%| O|  |TAMS 0x0000000423000000| PB 0x0000000423000000| Untracked |  0
|  33|0x0000000423800000, 0x0000000424000000, 0x0000000424000000|100%| O|  |TAMS 0x0000000423800000| PB 0x0000000423800000| Untracked |  0
|  34|0x0000000424000000, 0x0000000424800000, 0x0000000424800000|100%| O|  |TAMS 0x0000000424000000| PB 0x0000000424000000| Untracked |  0
|  35|0x0000000424800000, 0x0000000425000000, 0x0000000425000000|100%| O|  |TAMS 0x0000000424800000| PB 0x0000000424800000| Untracked |  0
|  36|0x0000000425000000, 0x0000000425800000, 0x0000000425800000|100%| O|  |TAMS 0x0000000425000000| PB 0x0000000425000000| Untracked |  0
|  37|0x0000000425800000, 0x0000000426000000, 0x0000000426000000|100%| O|  |TAMS 0x0000000425800000| PB 0x0000000425800000| Untracked |  0
|  38|0x0000000426000000, 0x0000000426800000, 0x0000000426800000|100%| O|  |TAMS 0x0000000426000000| PB 0x0000000426000000| Untracked |  0
|  39|0x0000000426800000, 0x0000000427000000, 0x0000000427000000|100%| O|  |TAMS 0x0000000426800000| PB 0x0000000426800000| Untracked |  0
|  40|0x0000000427000000, 0x0000000427800000, 0x0000000427800000|100%| O|  |TAMS 0x0000000427000000| PB 0x0000000427000000| Untracked |  0
|  41|0x0000000427800000, 0x0000000428000000, 0x0000000428000000|100%| O|  |TAMS 0x0000000427800000| PB 0x0000000427800000| Untracked |  0
|  42|0x0000000428000000, 0x0000000428800000, 0x0000000428800000|100%| O|  |TAMS 0x0000000428000000| PB 0x0000000428000000| Untracked |  0
|  43|0x0000000428800000, 0x0000000429000000, 0x0000000429000000|100%| O|  |TAMS 0x0000000428800000| PB 0x0000000428800000| Untracked |  0
|  44|0x0000000429000000, 0x0000000429800000, 0x0000000429800000|100%| O|  |TAMS 0x0000000429000000| PB 0x0000000429000000| Untracked |  0
|  45|0x0000000429800000, 0x000000042a000000, 0x000000042a000000|100%| O|  |TAMS 0x0000000429800000| PB 0x0000000429800000| Untracked |  0
|  46|0x000000042a000000, 0x000000042a800000, 0x000000042a800000|100%| O|  |TAMS 0x000000042a000000| PB 0x000000042a000000| Untracked |  0
|  47|0x000000042a800000, 0x000000042b000000, 0x000000042b000000|100%| O|  |TAMS 0x000000042a800000| PB 0x000000042a800000| Untracked |  0
|  48|0x000000042b000000, 0x000000042b800000, 0x000000042b800000|100%| O|  |TAMS 0x000000042b000000| PB 0x000000042b000000| Untracked |  0
|  49|0x000000042b800000, 0x000000042c000000, 0x000000042c000000|100%| O|  |TAMS 0x000000042b800000| PB 0x000000042b800000| Untracked |  0
|  50|0x000000042c000000, 0x000000042c800000, 0x000000042c800000|100%| O|  |TAMS 0x000000042c000000| PB 0x000000042c000000| Untracked |  0
|  51|0x000000042c800000, 0x000000042d000000, 0x000000042d000000|100%| O|  |TAMS 0x000000042c800000| PB 0x000000042c800000| Untracked |  0
|  52|0x000000042d000000, 0x000000042d800000, 0x000000042d800000|100%| O|  |TAMS 0x000000042d000000| PB 0x000000042d000000| Untracked |  0
|  53|0x000000042d800000, 0x000000042df6d7c0, 0x000000042e000000| 92%| O|  |TAMS 0x000000042d800000| PB 0x000000042d800000| Untracked |  0
|  54|0x000000042e000000, 0x000000042e800000, 0x000000042e800000|100%| O|  |TAMS 0x000000042e000000| PB 0x000000042e000000| Untracked |  0
|  55|0x000000042e800000, 0x000000042f000000, 0x000000042f000000|100%| O|  |TAMS 0x000000042e800000| PB 0x000000042e800000| Untracked |  0
|  56|0x000000042f000000, 0x000000042f800000, 0x000000042f800000|100%| O|  |TAMS 0x000000042f000000| PB 0x000000042f000000| Untracked |  0
|  57|0x000000042f800000, 0x0000000430000000, 0x0000000430000000|100%| O|  |TAMS 0x000000042f800000| PB 0x000000042f800000| Untracked |  0
|  58|0x0000000430000000, 0x0000000430800000, 0x0000000430800000|100%| O|  |TAMS 0x0000000430000000| PB 0x0000000430000000| Untracked |  0
|  59|0x0000000430800000, 0x0000000431000000, 0x0000000431000000|100%| O|  |TAMS 0x0000000430800000| PB 0x0000000430800000| Untracked |  0
|  60|0x0000000431000000, 0x0000000431800000, 0x0000000431800000|100%| O|  |TAMS 0x0000000431000000| PB 0x0000000431000000| Untracked |  0
|  61|0x0000000431800000, 0x0000000432000000, 0x0000000432000000|100%| O|  |TAMS 0x0000000431800000| PB 0x0000000431800000| Untracked |  0
|  62|0x0000000432000000, 0x0000000432800000, 0x0000000432800000|100%| O|  |TAMS 0x0000000432000000| PB 0x0000000432000000| Untracked |  0
|  63|0x0000000432800000, 0x0000000433000000, 0x0000000433000000|100%| O|  |TAMS 0x0000000432800000| PB 0x0000000432800000| Untracked |  0
|  64|0x0000000433000000, 0x0000000433800000, 0x0000000433800000|100%| O|  |TAMS 0x0000000433000000| PB 0x0000000433000000| Untracked |  0
|  65|0x0000000433800000, 0x0000000434000000, 0x0000000434000000|100%| O|  |TAMS 0x0000000433800000| PB 0x0000000433800000| Untracked |  0
|  66|0x0000000434000000, 0x0000000434800000, 0x0000000434800000|100%| O|  |TAMS 0x0000000434000000| PB 0x0000000434000000| Untracked |  0
|  67|0x0000000434800000, 0x0000000435000000, 0x0000000435000000|100%| O|  |TAMS 0x0000000434800000| PB 0x0000000434800000| Untracked |  0
|  68|0x0000000435000000, 0x0000000435800000, 0x0000000435800000|100%| O|  |TAMS 0x0000000435000000| PB 0x0000000435000000| Untracked |  0
|  69|0x0000000435800000, 0x0000000436000000, 0x0000000436000000|100%| O|  |TAMS 0x0000000435800000| PB 0x0000000435800000| Untracked |  0
|  70|0x0000000436000000, 0x0000000436800000, 0x0000000436800000|100%| O|  |TAMS 0x0000000436000000| PB 0x0000000436000000| Untracked |  0
|  71|0x0000000436800000, 0x0000000437000000, 0x0000000437000000|100%| O|  |TAMS 0x0000000436800000| PB 0x0000000436800000| Untracked |  0
|  72|0x0000000437000000, 0x0000000437800000, 0x0000000437800000|100%| O|  |TAMS 0x0000000437000000| PB 0x0000000437000000| Untracked |  0
|  73|0x0000000437800000, 0x0000000438000000, 0x0000000438000000|100%| O|  |TAMS 0x0000000437800000| PB 0x0000000437800000| Untracked |  0
|  74|0x0000000438000000, 0x0000000438800000, 0x0000000438800000|100%| O|  |TAMS 0x0000000438000000| PB 0x0000000438000000| Untracked |  0
|  75|0x0000000438800000, 0x0000000439000000, 0x0000000439000000|100%| O|  |TAMS 0x0000000438800000| PB 0x0000000438800000| Untracked |  0
|  76|0x0000000439000000, 0x0000000439800000, 0x0000000439800000|100%| O|  |TAMS 0x0000000439000000| PB 0x0000000439000000| Untracked |  0
|  77|0x0000000439800000, 0x000000043a000000, 0x000000043a000000|100%| O|  |TAMS 0x0000000439800000| PB 0x0000000439800000| Untracked |  0
|  78|0x000000043a000000, 0x000000043a800000, 0x000000043a800000|100%| O|  |TAMS 0x000000043a000000| PB 0x000000043a000000| Untracked |  0
|  79|0x000000043a800000, 0x000000043b000000, 0x000000043b000000|100%| O|  |TAMS 0x000000043a800000| PB 0x000000043a800000| Untracked |  0
|  80|0x000000043b000000, 0x000000043b800000, 0x000000043b800000|100%| O|  |TAMS 0x000000043b000000| PB 0x000000043b000000| Untracked |  0
|  81|0x000000043b800000, 0x000000043c000000, 0x000000043c000000|100%| O|  |TAMS 0x000000043b800000| PB 0x000000043b800000| Untracked |  0
|  82|0x000000043c000000, 0x000000043c800000, 0x000000043c800000|100%| O|  |TAMS 0x000000043c000000| PB 0x000000043c000000| Untracked |  0
|  83|0x000000043c800000, 0x000000043d000000, 0x000000043d000000|100%| O|  |TAMS 0x000000043c800000| PB 0x000000043c800000| Untracked |  0
|  84|0x000000043d000000, 0x000000043d800000, 0x000000043d800000|100%| O|  |TAMS 0x000000043d000000| PB 0x000000043d000000| Untracked |  0
|  85|0x000000043d800000, 0x000000043e000000, 0x000000043e000000|100%| O|  |TAMS 0x000000043d800000| PB 0x000000043d800000| Untracked |  0
|  86|0x000000043e000000, 0x000000043e800000, 0x000000043e800000|100%| O|  |TAMS 0x000000043e000000| PB 0x000000043e000000| Untracked |  0
|  87|0x000000043e800000, 0x000000043f000000, 0x000000043f000000|100%| O|  |TAMS 0x000000043e800000| PB 0x000000043e800000| Untracked |  0
|  88|0x000000043f000000, 0x000000043f800000, 0x000000043f800000|100%| O|  |TAMS 0x000000043f000000| PB 0x000000043f000000| Untracked |  0
|  89|0x000000043f800000, 0x0000000440000000, 0x0000000440000000|100%| O|  |TAMS 0x000000043f800000| PB 0x000000043f800000| Untracked |  0
|  90|0x0000000440000000, 0x0000000440800000, 0x0000000440800000|100%| O|  |TAMS 0x0000000440000000| PB 0x0000000440000000| Untracked |  0
|  91|0x0000000440800000, 0x0000000441000000, 0x0000000441000000|100%| O|  |TAMS 0x0000000440800000| PB 0x0000000440800000| Untracked |  0
|  92|0x0000000441000000, 0x0000000441800000, 0x0000000441800000|100%| O|  |TAMS 0x0000000441000000| PB 0x0000000441000000| Untracked |  0
|  93|0x0000000441800000, 0x0000000442000000, 0x0000000442000000|100%| O|  |TAMS 0x0000000441800000| PB 0x0000000441800000| Untracked |  0
|  94|0x0000000442000000, 0x0000000442800000, 0x0000000442800000|100%| O|  |TAMS 0x0000000442000000| PB 0x0000000442000000| Untracked |  0
|  95|0x0000000442800000, 0x0000000443000000, 0x0000000443000000|100%| O|  |TAMS 0x0000000442800000| PB 0x0000000442800000| Untracked |  0
|  96|0x0000000443000000, 0x0000000443800000, 0x0000000443800000|100%| O|  |TAMS 0x0000000443000000| PB 0x0000000443000000| Untracked |  0
|  97|0x0000000443800000, 0x0000000444000000, 0x0000000444000000|100%| O|  |TAMS 0x0000000443800000| PB 0x0000000443800000| Untracked |  0
|  98|0x0000000444000000, 0x0000000444800000, 0x0000000444800000|100%| O|  |TAMS 0x0000000444000000| PB 0x0000000444000000| Untracked |  0
|  99|0x0000000444800000, 0x0000000445000000, 0x0000000445000000|100%| O|  |TAMS 0x0000000444800000| PB 0x0000000444800000| Untracked |  0
| 100|0x0000000445000000, 0x0000000445800000, 0x0000000445800000|100%| O|  |TAMS 0x0000000445000000| PB 0x0000000445000000| Untracked |  0
| 101|0x0000000445800000, 0x0000000446000000, 0x0000000446000000|100%| O|  |TAMS 0x0000000445800000| PB 0x0000000445800000| Untracked |  0
| 102|0x0000000446000000, 0x0000000446800000, 0x0000000446800000|100%| O|  |TAMS 0x0000000446000000| PB 0x0000000446000000| Untracked |  0
| 103|0x0000000446800000, 0x0000000447000000, 0x0000000447000000|100%| O|  |TAMS 0x0000000446800000| PB 0x0000000446800000| Untracked |  0
| 104|0x0000000447000000, 0x0000000447800000, 0x0000000447800000|100%| O|  |TAMS 0x0000000447000000| PB 0x0000000447000000| Untracked |  0
| 105|0x0000000447800000, 0x0000000448000000, 0x0000000448000000|100%| O|  |TAMS 0x0000000447800000| PB 0x0000000447800000| Untracked |  0
| 106|0x0000000448000000, 0x0000000448800000, 0x0000000448800000|100%| O|  |TAMS 0x0000000448000000| PB 0x0000000448000000| Untracked |  0
| 107|0x0000000448800000, 0x0000000449000000, 0x0000000449000000|100%| O|  |TAMS 0x0000000448800000| PB 0x0000000448800000| Untracked |  0
| 108|0x0000000449000000, 0x0000000449800000, 0x0000000449800000|100%| O|  |TAMS 0x0000000449000000| PB 0x0000000449000000| Untracked |  0
| 109|0x0000000449800000, 0x000000044a000000, 0x000000044a000000|100%| O|  |TAMS 0x0000000449800000| PB 0x0000000449800000| Untracked |  0
| 110|0x000000044a000000, 0x000000044a800000, 0x000000044a800000|100%| O|  |TAMS 0x000000044a000000| PB 0x000000044a000000| Untracked |  0
| 111|0x000000044a800000, 0x000000044b000000, 0x000000044b000000|100%| O|  |TAMS 0x000000044a800000| PB 0x000000044a800000| Untracked |  0
| 112|0x000000044b000000, 0x000000044b800000, 0x000000044b800000|100%| O|  |TAMS 0x000000044b000000| PB 0x000000044b000000| Untracked |  0
| 113|0x000000044b800000, 0x000000044c000000, 0x000000044c000000|100%| O|  |TAMS 0x000000044b800000| PB 0x000000044b800000| Untracked |  0
| 114|0x000000044c000000, 0x000000044c800000, 0x000000044c800000|100%| O|  |TAMS 0x000000044c000000| PB 0x000000044c000000| Untracked |  0
| 115|0x000000044c800000, 0x000000044d000000, 0x000000044d000000|100%| O|  |TAMS 0x000000044c800000| PB 0x000000044c800000| Untracked |  0
| 116|0x000000044d000000, 0x000000044d800000, 0x000000044d800000|100%| O|  |TAMS 0x000000044d000000| PB 0x000000044d000000| Untracked |  0
| 117|0x000000044d800000, 0x000000044e000000, 0x000000044e000000|100%| O|  |TAMS 0x000000044d800000| PB 0x000000044d800000| Untracked |  0
| 118|0x000000044e000000, 0x000000044e800000, 0x000000044e800000|100%| O|  |TAMS 0x000000044e000000| PB 0x000000044e000000| Untracked |  0
| 119|0x000000044e800000, 0x000000044f000000, 0x000000044f000000|100%| O|  |TAMS 0x000000044e800000| PB 0x000000044e800000| Untracked |  0
| 120|0x000000044f000000, 0x000000044f800000, 0x000000044f800000|100%| O|  |TAMS 0x000000044f000000| PB 0x000000044f000000| Untracked |  0
| 121|0x000000044f800000, 0x0000000450000000, 0x0000000450000000|100%| O|  |TAMS 0x000000044f800000| PB 0x000000044f800000| Untracked |  0
| 122|0x0000000450000000, 0x0000000450800000, 0x0000000450800000|100%| O|  |TAMS 0x0000000450000000| PB 0x0000000450000000| Untracked |  0
| 123|0x0000000450800000, 0x0000000451000000, 0x0000000451000000|100%| O|  |TAMS 0x0000000450800000| PB 0x0000000450800000| Untracked |  0
| 124|0x0000000451000000, 0x0000000451800000, 0x0000000451800000|100%| O|  |TAMS 0x0000000451000000| PB 0x0000000451000000| Untracked |  0
| 125|0x0000000451800000, 0x0000000452000000, 0x0000000452000000|100%| O|  |TAMS 0x0000000451800000| PB 0x0000000451800000| Untracked |  0
| 126|0x0000000452000000, 0x0000000452800000, 0x0000000452800000|100%| O|  |TAMS 0x0000000452000000| PB 0x0000000452000000| Untracked |  0
| 127|0x0000000452800000, 0x0000000453000000, 0x0000000453000000|100%| O|  |TAMS 0x0000000452800000| PB 0x0000000452800000| Untracked |  0
| 128|0x0000000453000000, 0x0000000453800000, 0x0000000453800000|100%| O|  |TAMS 0x0000000453000000| PB 0x0000000453000000| Untracked |  0
| 129|0x0000000453800000, 0x0000000454000000, 0x0000000454000000|100%| O|  |TAMS 0x0000000453800000| PB 0x0000000453800000| Untracked |  0
| 130|0x0000000454000000, 0x0000000454800000, 0x0000000454800000|100%| O|  |TAMS 0x0000000454000000| PB 0x0000000454000000| Untracked |  0
| 131|0x0000000454800000, 0x0000000455000000, 0x0000000455000000|100%| O|  |TAMS 0x0000000454800000| PB 0x0000000454800000| Untracked |  0
| 132|0x0000000455000000, 0x0000000455800000, 0x0000000455800000|100%| O|  |TAMS 0x0000000455000000| PB 0x0000000455000000| Untracked |  0
| 133|0x0000000455800000, 0x0000000456000000, 0x0000000456000000|100%| O|  |TAMS 0x0000000455800000| PB 0x0000000455800000| Untracked |  0
| 134|0x0000000456000000, 0x0000000456800000, 0x0000000456800000|100%| O|  |TAMS 0x0000000456000000| PB 0x0000000456000000| Untracked |  0
| 135|0x0000000456800000, 0x0000000457000000, 0x0000000457000000|100%| O|  |TAMS 0x0000000456800000| PB 0x0000000456800000| Untracked |  0
| 136|0x0000000457000000, 0x0000000457800000, 0x0000000457800000|100%| O|  |TAMS 0x0000000457000000| PB 0x0000000457000000| Untracked |  0
| 137|0x0000000457800000, 0x0000000458000000, 0x0000000458000000|100%| O|  |TAMS 0x0000000457800000| PB 0x0000000457800000| Untracked |  0
| 138|0x0000000458000000, 0x0000000458800000, 0x0000000458800000|100%| O|  |TAMS 0x0000000458000000| PB 0x0000000458000000| Untracked |  0
| 139|0x0000000458800000, 0x0000000459000000, 0x0000000459000000|100%| O|  |TAMS 0x0000000458800000| PB 0x0000000458800000| Untracked |  0
| 140|0x0000000459000000, 0x0000000459800000, 0x0000000459800000|100%| O|  |TAMS 0x0000000459000000| PB 0x0000000459000000| Untracked |  0
| 141|0x0000000459800000, 0x000000045a000000, 0x000000045a000000|100%| O|  |TAMS 0x0000000459800000| PB 0x0000000459800000| Untracked |  0
| 142|0x000000045a000000, 0x000000045a800000, 0x000000045a800000|100%| O|  |TAMS 0x000000045a000000| PB 0x000000045a000000| Untracked |  0
| 143|0x000000045a800000, 0x000000045b000000, 0x000000045b000000|100%| O|  |TAMS 0x000000045a800000| PB 0x000000045a800000| Untracked |  0
| 144|0x000000045b000000, 0x000000045b800000, 0x000000045b800000|100%| O|  |TAMS 0x000000045b000000| PB 0x000000045b000000| Untracked |  0
| 145|0x000000045b800000, 0x000000045c000000, 0x000000045c000000|100%| O|  |TAMS 0x000000045b800000| PB 0x000000045b800000| Untracked |  0
| 146|0x000000045c000000, 0x000000045c800000, 0x000000045c800000|100%| O|  |TAMS 0x000000045c000000| PB 0x000000045c000000| Untracked |  0
| 147|0x000000045c800000, 0x000000045d000000, 0x000000045d000000|100%| O|  |TAMS 0x000000045c800000| PB 0x000000045c800000| Untracked |  0
| 148|0x000000045d000000, 0x000000045d800000, 0x000000045d800000|100%| O|  |TAMS 0x000000045d000000| PB 0x000000045d000000| Untracked |  0
| 149|0x000000045d800000, 0x000000045e000000, 0x000000045e000000|100%| O|  |TAMS 0x000000045d800000| PB 0x000000045d800000| Untracked |  0
| 150|0x000000045e000000, 0x000000045e800000, 0x000000045e800000|100%| O|  |TAMS 0x000000045e000000| PB 0x000000045e000000| Untracked |  0
| 151|0x000000045e800000, 0x000000045f000000, 0x000000045f000000|100%| O|  |TAMS 0x000000045e800000| PB 0x000000045e800000| Untracked |  0
| 152|0x000000045f000000, 0x000000045f800000, 0x000000045f800000|100%| O|  |TAMS 0x000000045f000000| PB 0x000000045f000000| Untracked |  0
| 153|0x000000045f800000, 0x0000000460000000, 0x0000000460000000|100%| O|  |TAMS 0x000000045f800000| PB 0x000000045f800000| Untracked |  0
| 154|0x0000000460000000, 0x0000000460800000, 0x0000000460800000|100%| O|  |TAMS 0x0000000460000000| PB 0x0000000460000000| Untracked |  0
| 155|0x0000000460800000, 0x0000000461000000, 0x0000000461000000|100%| O|  |TAMS 0x0000000460800000| PB 0x0000000460800000| Untracked |  0
| 156|0x0000000461000000, 0x0000000461800000, 0x0000000461800000|100%| O|  |TAMS 0x0000000461000000| PB 0x0000000461000000| Untracked |  0
| 157|0x0000000461800000, 0x0000000462000000, 0x0000000462000000|100%| O|  |TAMS 0x0000000461800000| PB 0x0000000461800000| Untracked |  0
| 158|0x0000000462000000, 0x0000000462800000, 0x0000000462800000|100%| O|  |TAMS 0x0000000462000000| PB 0x0000000462000000| Untracked |  0
| 159|0x0000000462800000, 0x0000000463000000, 0x0000000463000000|100%| O|  |TAMS 0x0000000462800000| PB 0x0000000462800000| Untracked |  0
| 160|0x0000000463000000, 0x0000000463800000, 0x0000000463800000|100%| O|  |TAMS 0x0000000463000000| PB 0x0000000463000000| Untracked |  0
| 161|0x0000000463800000, 0x0000000464000000, 0x0000000464000000|100%| O|  |TAMS 0x0000000463800000| PB 0x0000000463800000| Untracked |  0
| 162|0x0000000464000000, 0x0000000464800000, 0x0000000464800000|100%| O|  |TAMS 0x0000000464000000| PB 0x0000000464000000| Untracked |  0
| 163|0x0000000464800000, 0x0000000465000000, 0x0000000465000000|100%| O|  |TAMS 0x0000000464800000| PB 0x0000000464800000| Untracked |  0
| 164|0x0000000465000000, 0x0000000465800000, 0x0000000465800000|100%| O|  |TAMS 0x0000000465000000| PB 0x0000000465000000| Untracked |  0
| 165|0x0000000465800000, 0x0000000466000000, 0x0000000466000000|100%| O|  |TAMS 0x0000000465800000| PB 0x0000000465800000| Untracked |  0
| 166|0x0000000466000000, 0x0000000466800000, 0x0000000466800000|100%| O|  |TAMS 0x0000000466000000| PB 0x0000000466000000| Untracked |  0
| 167|0x0000000466800000, 0x0000000467000000, 0x0000000467000000|100%| O|  |TAMS 0x0000000466800000| PB 0x0000000466800000| Untracked |  0
| 168|0x0000000467000000, 0x0000000467800000, 0x0000000467800000|100%| O|  |TAMS 0x0000000467000000| PB 0x0000000467000000| Untracked |  0
| 169|0x0000000467800000, 0x0000000468000000, 0x0000000468000000|100%| O|  |TAMS 0x0000000467800000| PB 0x0000000467800000| Untracked |  0
| 170|0x0000000468000000, 0x0000000468800000, 0x0000000468800000|100%| O|  |TAMS 0x0000000468000000| PB 0x0000000468000000| Untracked |  0
| 171|0x0000000468800000, 0x0000000469000000, 0x0000000469000000|100%| O|  |TAMS 0x0000000468800000| PB 0x0000000468800000| Untracked |  0
| 172|0x0000000469000000, 0x0000000469800000, 0x0000000469800000|100%| O|  |TAMS 0x0000000469000000| PB 0x0000000469000000| Untracked |  0
| 173|0x0000000469800000, 0x000000046a000000, 0x000000046a000000|100%| O|  |TAMS 0x0000000469800000| PB 0x0000000469800000| Untracked |  0
| 174|0x000000046a000000, 0x000000046a800000, 0x000000046a800000|100%| O|  |TAMS 0x000000046a000000| PB 0x000000046a000000| Untracked |  0
| 175|0x000000046a800000, 0x000000046b000000, 0x000000046b000000|100%| O|  |TAMS 0x000000046a800000| PB 0x000000046a800000| Untracked |  0
| 176|0x000000046b000000, 0x000000046b800000, 0x000000046b800000|100%| O|  |TAMS 0x000000046b000000| PB 0x000000046b000000| Untracked |  0
| 177|0x000000046b800000, 0x000000046c000000, 0x000000046c000000|100%| O|  |TAMS 0x000000046b800000| PB 0x000000046b800000| Untracked |  0
| 178|0x000000046c000000, 0x000000046c800000, 0x000000046c800000|100%| O|  |TAMS 0x000000046c000000| PB 0x000000046c000000| Untracked |  0
| 179|0x000000046c800000, 0x000000046d000000, 0x000000046d000000|100%| O|  |TAMS 0x000000046c800000| PB 0x000000046c800000| Untracked |  0
| 180|0x000000046d000000, 0x000000046d800000, 0x000000046d800000|100%| O|  |TAMS 0x000000046d000000| PB 0x000000046d000000| Untracked |  0
| 181|0x000000046d800000, 0x000000046e000000, 0x000000046e000000|100%| O|  |TAMS 0x000000046d800000| PB 0x000000046d800000| Untracked |  0
| 182|0x000000046e000000, 0x000000046e800000, 0x000000046e800000|100%| O|  |TAMS 0x000000046e000000| PB 0x000000046e000000| Untracked |  0
| 183|0x000000046e800000, 0x000000046f000000, 0x000000046f000000|100%| O|  |TAMS 0x000000046e800000| PB 0x000000046e800000| Untracked |  0
| 184|0x000000046f000000, 0x000000046f800000, 0x000000046f800000|100%| O|  |TAMS 0x000000046f000000| PB 0x000000046f000000| Untracked |  0
| 185|0x000000046f800000, 0x0000000470000000, 0x0000000470000000|100%| O|  |TAMS 0x000000046f800000| PB 0x000000046f800000| Untracked |  0
| 186|0x0000000470000000, 0x0000000470800000, 0x0000000470800000|100%| O|  |TAMS 0x0000000470000000| PB 0x0000000470000000| Untracked |  0
| 187|0x0000000470800000, 0x0000000471000000, 0x0000000471000000|100%| O|  |TAMS 0x0000000470800000| PB 0x0000000470800000| Untracked |  0
| 188|0x0000000471000000, 0x0000000471800000, 0x0000000471800000|100%| O|  |TAMS 0x0000000471000000| PB 0x0000000471000000| Untracked |  0
| 189|0x0000000471800000, 0x0000000472000000, 0x0000000472000000|100%| O|  |TAMS 0x0000000471800000| PB 0x0000000471800000| Untracked |  0
| 190|0x0000000472000000, 0x0000000472800000, 0x0000000472800000|100%| O|  |TAMS 0x0000000472000000| PB 0x0000000472000000| Untracked |  0
| 191|0x0000000472800000, 0x0000000473000000, 0x0000000473000000|100%| O|  |TAMS 0x0000000472800000| PB 0x0000000472800000| Untracked |  0
| 192|0x0000000473000000, 0x0000000473800000, 0x0000000473800000|100%| O|  |TAMS 0x0000000473000000| PB 0x0000000473000000| Untracked |  0
| 193|0x0000000473800000, 0x0000000474000000, 0x0000000474000000|100%| O|  |TAMS 0x0000000473800000| PB 0x0000000473800000| Untracked |  0
| 194|0x0000000474000000, 0x0000000474800000, 0x0000000474800000|100%| O|  |TAMS 0x0000000474000000| PB 0x0000000474000000| Untracked |  0
| 195|0x0000000474800000, 0x0000000475000000, 0x0000000475000000|100%| O|  |TAMS 0x0000000474800000| PB 0x0000000474800000| Untracked |  0
| 196|0x0000000475000000, 0x0000000475800000, 0x0000000475800000|100%| O|  |TAMS 0x0000000475000000| PB 0x0000000475000000| Untracked |  0
| 197|0x0000000475800000, 0x0000000476000000, 0x0000000476000000|100%| O|  |TAMS 0x0000000475800000| PB 0x0000000475800000| Untracked |  0
| 198|0x0000000476000000, 0x0000000476800000, 0x0000000476800000|100%| O|  |TAMS 0x0000000476000000| PB 0x0000000476000000| Untracked |  0
| 199|0x0000000476800000, 0x0000000477000000, 0x0000000477000000|100%| O|  |TAMS 0x0000000476800000| PB 0x0000000476800000| Untracked |  0
| 200|0x0000000477000000, 0x0000000477800000, 0x0000000477800000|100%| O|  |TAMS 0x0000000477000000| PB 0x0000000477000000| Untracked |  0
| 201|0x0000000477800000, 0x0000000478000000, 0x0000000478000000|100%| O|  |TAMS 0x0000000477800000| PB 0x0000000477800000| Untracked |  0
| 202|0x0000000478000000, 0x0000000478800000, 0x0000000478800000|100%| O|  |TAMS 0x0000000478000000| PB 0x0000000478000000| Untracked |  0
| 203|0x0000000478800000, 0x0000000479000000, 0x0000000479000000|100%| O|  |TAMS 0x0000000478800000| PB 0x0000000478800000| Untracked |  0
| 204|0x0000000479000000, 0x0000000479800000, 0x0000000479800000|100%| O|  |TAMS 0x0000000479000000| PB 0x0000000479000000| Untracked |  0
| 205|0x0000000479800000, 0x000000047a000000, 0x000000047a000000|100%| O|  |TAMS 0x0000000479800000| PB 0x0000000479800000| Untracked |  0
| 206|0x000000047a000000, 0x000000047a800000, 0x000000047a800000|100%| O|  |TAMS 0x000000047a000000| PB 0x000000047a000000| Untracked |  0
| 207|0x000000047a800000, 0x000000047b000000, 0x000000047b000000|100%| O|  |TAMS 0x000000047a800000| PB 0x000000047a800000| Untracked |  0
| 208|0x000000047b000000, 0x000000047b800000, 0x000000047b800000|100%| O|  |TAMS 0x000000047b000000| PB 0x000000047b000000| Untracked |  0
| 209|0x000000047b800000, 0x000000047c000000, 0x000000047c000000|100%| O|  |TAMS 0x000000047b800000| PB 0x000000047b800000| Untracked |  0
| 210|0x000000047c000000, 0x000000047c800000, 0x000000047c800000|100%| O|  |TAMS 0x000000047c000000| PB 0x000000047c000000| Untracked |  0
| 211|0x000000047c800000, 0x000000047d000000, 0x000000047d000000|100%| O|  |TAMS 0x000000047c800000| PB 0x000000047c800000| Untracked |  0
| 212|0x000000047d000000, 0x000000047d800000, 0x000000047d800000|100%| O|  |TAMS 0x000000047d000000| PB 0x000000047d000000| Untracked |  0
| 213|0x000000047d800000, 0x000000047e000000, 0x000000047e000000|100%| O|  |TAMS 0x000000047d800000| PB 0x000000047d800000| Untracked |  0
| 214|0x000000047e000000, 0x000000047e800000, 0x000000047e800000|100%| O|  |TAMS 0x000000047e000000| PB 0x000000047e000000| Untracked |  0
| 215|0x000000047e800000, 0x000000047f000000, 0x000000047f000000|100%| O|  |TAMS 0x000000047e800000| PB 0x000000047e800000| Untracked |  0
| 216|0x000000047f000000, 0x000000047f800000, 0x000000047f800000|100%| O|  |TAMS 0x000000047f000000| PB 0x000000047f000000| Untracked |  0
| 217|0x000000047f800000, 0x0000000480000000, 0x0000000480000000|100%| O|  |TAMS 0x000000047f800000| PB 0x000000047f800000| Untracked |  0
| 218|0x0000000480000000, 0x0000000480800000, 0x0000000480800000|100%| O|  |TAMS 0x0000000480000000| PB 0x0000000480000000| Untracked |  0
| 219|0x0000000480800000, 0x0000000481000000, 0x0000000481000000|100%| O|  |TAMS 0x0000000480800000| PB 0x0000000480800000| Untracked |  0
| 220|0x0000000481000000, 0x0000000481800000, 0x0000000481800000|100%| O|  |TAMS 0x0000000481000000| PB 0x0000000481000000| Untracked |  0
| 221|0x0000000481800000, 0x0000000482000000, 0x0000000482000000|100%| O|  |TAMS 0x0000000481800000| PB 0x0000000481800000| Untracked |  0
| 222|0x0000000482000000, 0x0000000482800000, 0x0000000482800000|100%| O|  |TAMS 0x0000000482000000| PB 0x0000000482000000| Untracked |  0
| 223|0x0000000482800000, 0x0000000483000000, 0x0000000483000000|100%| O|  |TAMS 0x0000000482800000| PB 0x0000000482800000| Untracked |  0
| 224|0x0000000483000000, 0x0000000483800000, 0x0000000483800000|100%| O|  |TAMS 0x0000000483000000| PB 0x0000000483000000| Untracked |  0
| 225|0x0000000483800000, 0x0000000484000000, 0x0000000484000000|100%| O|  |TAMS 0x0000000483800000| PB 0x0000000483800000| Untracked |  0
| 226|0x0000000484000000, 0x0000000484800000, 0x0000000484800000|100%| O|  |TAMS 0x0000000484000000| PB 0x0000000484000000| Untracked |  0
| 227|0x0000000484800000, 0x0000000485000000, 0x0000000485000000|100%| O|  |TAMS 0x0000000484800000| PB 0x0000000484800000| Untracked |  0
| 228|0x0000000485000000, 0x0000000485800000, 0x0000000485800000|100%| O|  |TAMS 0x0000000485000000| PB 0x0000000485000000| Untracked |  0
| 229|0x0000000485800000, 0x0000000486000000, 0x0000000486000000|100%| O|  |TAMS 0x0000000485800000| PB 0x0000000485800000| Untracked |  0
| 230|0x0000000486000000, 0x0000000486800000, 0x0000000486800000|100%| O|  |TAMS 0x0000000486000000| PB 0x0000000486000000| Untracked |  0
| 231|0x0000000486800000, 0x0000000487000000, 0x0000000487000000|100%| O|  |TAMS 0x0000000486800000| PB 0x0000000486800000| Untracked |  0
| 232|0x0000000487000000, 0x0000000487800000, 0x0000000487800000|100%| O|  |TAMS 0x0000000487000000| PB 0x0000000487000000| Untracked |  0
| 233|0x0000000487800000, 0x0000000488000000, 0x0000000488000000|100%| O|  |TAMS 0x0000000487800000| PB 0x0000000487800000| Untracked |  0
| 234|0x0000000488000000, 0x0000000488800000, 0x0000000488800000|100%| O|  |TAMS 0x0000000488000000| PB 0x0000000488000000| Untracked |  0
| 235|0x0000000488800000, 0x0000000489000000, 0x0000000489000000|100%| O|  |TAMS 0x0000000488800000| PB 0x0000000488800000| Untracked |  0
| 236|0x0000000489000000, 0x0000000489800000, 0x0000000489800000|100%| O|  |TAMS 0x0000000489000000| PB 0x0000000489000000| Untracked |  0
| 237|0x0000000489800000, 0x000000048a000000, 0x000000048a000000|100%| O|  |TAMS 0x0000000489800000| PB 0x0000000489800000| Untracked |  0
| 238|0x000000048a000000, 0x000000048a800000, 0x000000048a800000|100%| O|  |TAMS 0x000000048a000000| PB 0x000000048a000000| Untracked |  0
| 239|0x000000048a800000, 0x000000048b000000, 0x000000048b000000|100%| O|  |TAMS 0x000000048a800000| PB 0x000000048a800000| Untracked |  0
| 240|0x000000048b000000, 0x000000048b800000, 0x000000048b800000|100%| O|  |TAMS 0x000000048b000000| PB 0x000000048b000000| Untracked |  0
| 241|0x000000048b800000, 0x000000048c000000, 0x000000048c000000|100%| O|  |TAMS 0x000000048b800000| PB 0x000000048b800000| Untracked |  0
| 242|0x000000048c000000, 0x000000048c800000, 0x000000048c800000|100%| O|  |TAMS 0x000000048c000000| PB 0x000000048c000000| Untracked |  0
| 243|0x000000048c800000, 0x000000048d000000, 0x000000048d000000|100%| O|  |TAMS 0x000000048c800000| PB 0x000000048c800000| Untracked |  0
| 244|0x000000048d000000, 0x000000048d800000, 0x000000048d800000|100%| O|  |TAMS 0x000000048d000000| PB 0x000000048d000000| Untracked |  0
| 245|0x000000048d800000, 0x000000048e000000, 0x000000048e000000|100%| O|  |TAMS 0x000000048d800000| PB 0x000000048d800000| Untracked |  0
| 246|0x000000048e000000, 0x000000048e800000, 0x000000048e800000|100%| O|  |TAMS 0x000000048e000000| PB 0x000000048e000000| Untracked |  0
| 247|0x000000048e800000, 0x000000048f000000, 0x000000048f000000|100%| O|  |TAMS 0x000000048e800000| PB 0x000000048e800000| Untracked |  0
| 248|0x000000048f000000, 0x000000048f800000, 0x000000048f800000|100%| O|  |TAMS 0x000000048f000000| PB 0x000000048f000000| Untracked |  0
| 249|0x000000048f800000, 0x0000000490000000, 0x0000000490000000|100%|HS|  |TAMS 0x000000048f800000| PB 0x000000048f800000| Complete |  0
| 250|0x0000000490000000, 0x0000000490800000, 0x0000000490800000|100%| O|  |TAMS 0x0000000490000000| PB 0x0000000490000000| Untracked |  0
| 251|0x0000000490800000, 0x0000000491000000, 0x0000000491000000|100%| O|  |TAMS 0x0000000490800000| PB 0x0000000490800000| Untracked |  0
| 252|0x0000000491000000, 0x0000000491800000, 0x0000000491800000|100%| O|  |TAMS 0x0000000491000000| PB 0x0000000491000000| Untracked |  0
| 253|0x0000000491800000, 0x0000000492000000, 0x0000000492000000|100%| O|  |TAMS 0x0000000491800000| PB 0x0000000491800000| Untracked |  0
| 254|0x0000000492000000, 0x0000000492800000, 0x0000000492800000|100%| O|  |TAMS 0x0000000492000000| PB 0x0000000492000000| Untracked |  0
| 255|0x0000000492800000, 0x0000000493000000, 0x0000000493000000|100%| O|  |TAMS 0x0000000492800000| PB 0x0000000492800000| Untracked |  0
| 256|0x0000000493000000, 0x0000000493800000, 0x0000000493800000|100%| O|  |TAMS 0x0000000493000000| PB 0x0000000493000000| Untracked |  0
| 257|0x0000000493800000, 0x0000000494000000, 0x0000000494000000|100%| O|  |TAMS 0x0000000493800000| PB 0x0000000493800000| Untracked |  0
| 258|0x0000000494000000, 0x0000000494800000, 0x0000000494800000|100%| O|  |TAMS 0x0000000494000000| PB 0x0000000494000000| Untracked |  0
| 259|0x0000000494800000, 0x0000000495000000, 0x0000000495000000|100%| O|  |TAMS 0x0000000494800000| PB 0x0000000494800000| Untracked |  0
| 260|0x0000000495000000, 0x0000000495800000, 0x0000000495800000|100%| O|  |TAMS 0x0000000495000000| PB 0x0000000495000000| Untracked |  0
| 261|0x0000000495800000, 0x0000000496000000, 0x0000000496000000|100%| O|  |TAMS 0x0000000495800000| PB 0x0000000495800000| Untracked |  0
| 262|0x0000000496000000, 0x0000000496800000, 0x0000000496800000|100%| O|  |TAMS 0x0000000496000000| PB 0x0000000496000000| Untracked |  0
| 263|0x0000000496800000, 0x0000000497000000, 0x0000000497000000|100%| O|  |TAMS 0x0000000496800000| PB 0x0000000496800000| Untracked |  0
| 264|0x0000000497000000, 0x0000000497800000, 0x0000000497800000|100%| O|  |TAMS 0x0000000497000000| PB 0x0000000497000000| Untracked |  0
| 265|0x0000000497800000, 0x0000000498000000, 0x0000000498000000|100%| O|  |TAMS 0x0000000497800000| PB 0x0000000497800000| Untracked |  0
| 266|0x0000000498000000, 0x0000000498800000, 0x0000000498800000|100%| O|  |TAMS 0x0000000498000000| PB 0x0000000498000000| Untracked |  0
| 267|0x0000000498800000, 0x0000000499000000, 0x0000000499000000|100%| O|  |TAMS 0x0000000498800000| PB 0x0000000498800000| Untracked |  0
| 268|0x0000000499000000, 0x0000000499800000, 0x0000000499800000|100%| O|  |TAMS 0x0000000499000000| PB 0x0000000499000000| Untracked |  0
| 269|0x0000000499800000, 0x000000049a000000, 0x000000049a000000|100%| O|  |TAMS 0x0000000499800000| PB 0x0000000499800000| Untracked |  0
| 270|0x000000049a000000, 0x000000049a800000, 0x000000049a800000|100%| O|  |TAMS 0x000000049a000000| PB 0x000000049a000000| Untracked |  0
| 271|0x000000049a800000, 0x000000049b000000, 0x000000049b000000|100%| O|  |TAMS 0x000000049a800000| PB 0x000000049a800000| Untracked |  0
| 272|0x000000049b000000, 0x000000049b800000, 0x000000049b800000|100%| O|  |TAMS 0x000000049b000000| PB 0x000000049b000000| Untracked |  0
| 273|0x000000049b800000, 0x000000049c000000, 0x000000049c000000|100%| O|  |TAMS 0x000000049b800000| PB 0x000000049b800000| Untracked |  0
| 274|0x000000049c000000, 0x000000049c800000, 0x000000049c800000|100%| O|  |TAMS 0x000000049c000000| PB 0x000000049c000000| Untracked |  0
| 275|0x000000049c800000, 0x000000049d000000, 0x000000049d000000|100%| O|  |TAMS 0x000000049c800000| PB 0x000000049c800000| Untracked |  0
| 276|0x000000049d000000, 0x000000049d800000, 0x000000049d800000|100%| O|  |TAMS 0x000000049d000000| PB 0x000000049d000000| Untracked |  0
| 277|0x000000049d800000, 0x000000049e000000, 0x000000049e000000|100%| O|  |TAMS 0x000000049d800000| PB 0x000000049d800000| Untracked |  0
| 278|0x000000049e000000, 0x000000049e800000, 0x000000049e800000|100%| O|  |TAMS 0x000000049e000000| PB 0x000000049e000000| Untracked |  0
| 279|0x000000049e800000, 0x000000049f000000, 0x000000049f000000|100%| O|  |TAMS 0x000000049e800000| PB 0x000000049e800000| Untracked |  0
| 280|0x000000049f000000, 0x000000049f800000, 0x000000049f800000|100%| O|  |TAMS 0x000000049f000000| PB 0x000000049f000000| Untracked |  0
| 281|0x000000049f800000, 0x00000004a0000000, 0x00000004a0000000|100%| O|  |TAMS 0x000000049f800000| PB 0x000000049f800000| Untracked |  0
| 282|0x00000004a0000000, 0x00000004a0800000, 0x00000004a0800000|100%| O|  |TAMS 0x00000004a0000000| PB 0x00000004a0000000| Untracked |  0
| 283|0x00000004a0800000, 0x00000004a1000000, 0x00000004a1000000|100%| O|  |TAMS 0x00000004a0800000| PB 0x00000004a0800000| Untracked |  0
| 284|0x00000004a1000000, 0x00000004a1800000, 0x00000004a1800000|100%| O|  |TAMS 0x00000004a1000000| PB 0x00000004a1000000| Untracked |  0
| 285|0x00000004a1800000, 0x00000004a2000000, 0x00000004a2000000|100%| O|  |TAMS 0x00000004a1800000| PB 0x00000004a1800000| Untracked |  0
| 286|0x00000004a2000000, 0x00000004a2800000, 0x00000004a2800000|100%| O|  |TAMS 0x00000004a2000000| PB 0x00000004a2000000| Untracked |  0
| 287|0x00000004a2800000, 0x00000004a3000000, 0x00000004a3000000|100%| O|  |TAMS 0x00000004a2800000| PB 0x00000004a2800000| Untracked |  0
| 288|0x00000004a3000000, 0x00000004a3800000, 0x00000004a3800000|100%| O|  |TAMS 0x00000004a3000000| PB 0x00000004a3000000| Untracked |  0
| 289|0x00000004a3800000, 0x00000004a4000000, 0x00000004a4000000|100%| O|  |TAMS 0x00000004a3800000| PB 0x00000004a3800000| Untracked |  0
| 290|0x00000004a4000000, 0x00000004a4800000, 0x00000004a4800000|100%| O|  |TAMS 0x00000004a4000000| PB 0x00000004a4000000| Untracked |  0
| 291|0x00000004a4800000, 0x00000004a5000000, 0x00000004a5000000|100%| O|  |TAMS 0x00000004a4800000| PB 0x00000004a4800000| Untracked |  0
| 292|0x00000004a5000000, 0x00000004a5800000, 0x00000004a5800000|100%| O|  |TAMS 0x00000004a5000000| PB 0x00000004a5000000| Untracked |  0
| 293|0x00000004a5800000, 0x00000004a6000000, 0x00000004a6000000|100%| O|  |TAMS 0x00000004a5800000| PB 0x00000004a5800000| Untracked |  0
| 294|0x00000004a6000000, 0x00000004a6800000, 0x00000004a6800000|100%| O|  |TAMS 0x00000004a6000000| PB 0x00000004a6000000| Untracked |  0
| 295|0x00000004a6800000, 0x00000004a7000000, 0x00000004a7000000|100%| O|  |TAMS 0x00000004a6800000| PB 0x00000004a6800000| Untracked |  0
| 296|0x00000004a7000000, 0x00000004a7800000, 0x00000004a7800000|100%| O|  |TAMS 0x00000004a7000000| PB 0x00000004a7000000| Untracked |  0
| 297|0x00000004a7800000, 0x00000004a8000000, 0x00000004a8000000|100%| O|  |TAMS 0x00000004a7800000| PB 0x00000004a7800000| Untracked |  0
| 298|0x00000004a8000000, 0x00000004a8800000, 0x00000004a8800000|100%| O|  |TAMS 0x00000004a8000000| PB 0x00000004a8000000| Untracked |  0
| 299|0x00000004a8800000, 0x00000004a9000000, 0x00000004a9000000|100%| O|  |TAMS 0x00000004a8800000| PB 0x00000004a8800000| Untracked |  0
| 300|0x00000004a9000000, 0x00000004a9800000, 0x00000004a9800000|100%| O|  |TAMS 0x00000004a9000000| PB 0x00000004a9000000| Untracked |  0
| 301|0x00000004a9800000, 0x00000004aa000000, 0x00000004aa000000|100%| O|  |TAMS 0x00000004a9800000| PB 0x00000004a9800000| Untracked |  0
| 302|0x00000004aa000000, 0x00000004aa800000, 0x00000004aa800000|100%| O|  |TAMS 0x00000004aa000000| PB 0x00000004aa000000| Untracked |  0
| 303|0x00000004aa800000, 0x00000004ab000000, 0x00000004ab000000|100%| O|  |TAMS 0x00000004aa800000| PB 0x00000004aa800000| Untracked |  0
| 304|0x00000004ab000000, 0x00000004ab800000, 0x00000004ab800000|100%| O|  |TAMS 0x00000004ab000000| PB 0x00000004ab000000| Untracked |  0
| 305|0x00000004ab800000, 0x00000004ac000000, 0x00000004ac000000|100%| O|  |TAMS 0x00000004ab800000| PB 0x00000004ab800000| Untracked |  0
| 306|0x00000004ac000000, 0x00000004ac800000, 0x00000004ac800000|100%| O|  |TAMS 0x00000004ac000000| PB 0x00000004ac000000| Untracked |  0
| 307|0x00000004ac800000, 0x00000004ad000000, 0x00000004ad000000|100%| O|  |TAMS 0x00000004ac800000| PB 0x00000004ac800000| Untracked |  0
| 308|0x00000004ad000000, 0x00000004ad800000, 0x00000004ad800000|100%| O|  |TAMS 0x00000004ad000000| PB 0x00000004ad000000| Untracked |  0
| 309|0x00000004ad800000, 0x00000004ae000000, 0x00000004ae000000|100%| O|  |TAMS 0x00000004ad800000| PB 0x00000004ad800000| Untracked |  0
| 310|0x00000004ae000000, 0x00000004ae800000, 0x00000004ae800000|100%| O|  |TAMS 0x00000004ae000000| PB 0x00000004ae000000| Untracked |  0
| 311|0x00000004ae800000, 0x00000004af000000, 0x00000004af000000|100%| O|  |TAMS 0x00000004ae800000| PB 0x00000004ae800000| Untracked |  0
| 312|0x00000004af000000, 0x00000004af800000, 0x00000004af800000|100%| O|  |TAMS 0x00000004af000000| PB 0x00000004af000000| Untracked |  0
| 313|0x00000004af800000, 0x00000004b0000000, 0x00000004b0000000|100%| O|  |TAMS 0x00000004af800000| PB 0x00000004af800000| Untracked |  0
| 314|0x00000004b0000000, 0x00000004b0800000, 0x00000004b0800000|100%| O|  |TAMS 0x00000004b0000000| PB 0x00000004b0000000| Untracked |  0
| 315|0x00000004b0800000, 0x00000004b1000000, 0x00000004b1000000|100%| O|  |TAMS 0x00000004b0800000| PB 0x00000004b0800000| Untracked |  0
| 316|0x00000004b1000000, 0x00000004b1800000, 0x00000004b1800000|100%| O|  |TAMS 0x00000004b1000000| PB 0x00000004b1000000| Untracked |  0
| 317|0x00000004b1800000, 0x00000004b2000000, 0x00000004b2000000|100%| O|  |TAMS 0x00000004b1800000| PB 0x00000004b1800000| Untracked |  0
| 318|0x00000004b2000000, 0x00000004b2800000, 0x00000004b2800000|100%| O|  |TAMS 0x00000004b2000000| PB 0x00000004b2000000| Untracked |  0
| 319|0x00000004b2800000, 0x00000004b3000000, 0x00000004b3000000|100%| O|  |TAMS 0x00000004b2800000| PB 0x00000004b2800000| Untracked |  0
| 320|0x00000004b3000000, 0x00000004b3800000, 0x00000004b3800000|100%| O|  |TAMS 0x00000004b3000000| PB 0x00000004b3000000| Untracked |  0
| 321|0x00000004b3800000, 0x00000004b4000000, 0x00000004b4000000|100%| O|  |TAMS 0x00000004b3800000| PB 0x00000004b3800000| Untracked |  0
| 322|0x00000004b4000000, 0x00000004b4800000, 0x00000004b4800000|100%| O|  |TAMS 0x00000004b4000000| PB 0x00000004b4000000| Untracked |  0
| 323|0x00000004b4800000, 0x00000004b5000000, 0x00000004b5000000|100%| O|  |TAMS 0x00000004b4800000| PB 0x00000004b4800000| Untracked |  0
| 324|0x00000004b5000000, 0x00000004b5800000, 0x00000004b5800000|100%| O|  |TAMS 0x00000004b5000000| PB 0x00000004b5000000| Untracked |  0
| 325|0x00000004b5800000, 0x00000004b6000000, 0x00000004b6000000|100%| O|  |TAMS 0x00000004b5800000| PB 0x00000004b5800000| Untracked |  0
| 326|0x00000004b6000000, 0x00000004b6800000, 0x00000004b6800000|100%| O|  |TAMS 0x00000004b6000000| PB 0x00000004b6000000| Untracked |  0
| 327|0x00000004b6800000, 0x00000004b7000000, 0x00000004b7000000|100%| O|  |TAMS 0x00000004b6800000| PB 0x00000004b6800000| Untracked |  0
| 328|0x00000004b7000000, 0x00000004b7800000, 0x00000004b7800000|100%| O|  |TAMS 0x00000004b7000000| PB 0x00000004b7000000| Untracked |  0
| 329|0x00000004b7800000, 0x00000004b8000000, 0x00000004b8000000|100%| O|  |TAMS 0x00000004b7800000| PB 0x00000004b7800000| Untracked |  0
| 330|0x00000004b8000000, 0x00000004b8800000, 0x00000004b8800000|100%| O|  |TAMS 0x00000004b8000000| PB 0x00000004b8000000| Untracked |  0
| 331|0x00000004b8800000, 0x00000004b9000000, 0x00000004b9000000|100%| O|  |TAMS 0x00000004b8800000| PB 0x00000004b8800000| Untracked |  0
| 332|0x00000004b9000000, 0x00000004b9800000, 0x00000004b9800000|100%| O|  |TAMS 0x00000004b9000000| PB 0x00000004b9000000| Untracked |  0
| 333|0x00000004b9800000, 0x00000004ba000000, 0x00000004ba000000|100%| O|  |TAMS 0x00000004b9800000| PB 0x00000004b9800000| Untracked |  0
| 334|0x00000004ba000000, 0x00000004ba800000, 0x00000004ba800000|100%| O|  |TAMS 0x00000004ba000000| PB 0x00000004ba000000| Untracked |  0
| 335|0x00000004ba800000, 0x00000004bb000000, 0x00000004bb000000|100%| O|  |TAMS 0x00000004ba800000| PB 0x00000004ba800000| Untracked |  0
| 336|0x00000004bb000000, 0x00000004bb800000, 0x00000004bb800000|100%| O|  |TAMS 0x00000004bb000000| PB 0x00000004bb000000| Untracked |  0
| 337|0x00000004bb800000, 0x00000004bc000000, 0x00000004bc000000|100%| O|  |TAMS 0x00000004bb800000| PB 0x00000004bb800000| Untracked |  0
| 338|0x00000004bc000000, 0x00000004bc800000, 0x00000004bc800000|100%| O|  |TAMS 0x00000004bc000000| PB 0x00000004bc000000| Untracked |  0
| 339|0x00000004bc800000, 0x00000004bd000000, 0x00000004bd000000|100%| O|  |TAMS 0x00000004bc800000| PB 0x00000004bc800000| Untracked |  0
| 340|0x00000004bd000000, 0x00000004bd800000, 0x00000004bd800000|100%| O|  |TAMS 0x00000004bd000000| PB 0x00000004bd000000| Untracked |  0
| 341|0x00000004bd800000, 0x00000004be000000, 0x00000004be000000|100%| O|  |TAMS 0x00000004bd800000| PB 0x00000004bd800000| Untracked |  0
| 342|0x00000004be000000, 0x00000004be800000, 0x00000004be800000|100%| O|  |TAMS 0x00000004be000000| PB 0x00000004be000000| Untracked |  0
| 343|0x00000004be800000, 0x00000004bf000000, 0x00000004bf000000|100%| O|  |TAMS 0x00000004be800000| PB 0x00000004be800000| Untracked |  0
| 344|0x00000004bf000000, 0x00000004bf800000, 0x00000004bf800000|100%| O|  |TAMS 0x00000004bf000000| PB 0x00000004bf000000| Untracked |  0
| 345|0x00000004bf800000, 0x00000004c0000000, 0x00000004c0000000|100%| O|  |TAMS 0x00000004bf800000| PB 0x00000004bf800000| Untracked |  0
| 346|0x00000004c0000000, 0x00000004c0800000, 0x00000004c0800000|100%| O|  |TAMS 0x00000004c0000000| PB 0x00000004c0000000| Untracked |  0
| 347|0x00000004c0800000, 0x00000004c1000000, 0x00000004c1000000|100%| O|  |TAMS 0x00000004c0800000| PB 0x00000004c0800000| Untracked |  0
| 348|0x00000004c1000000, 0x00000004c1800000, 0x00000004c1800000|100%| O|  |TAMS 0x00000004c1000000| PB 0x00000004c1000000| Untracked |  0
| 349|0x00000004c1800000, 0x00000004c2000000, 0x00000004c2000000|100%| O|  |TAMS 0x00000004c1800000| PB 0x00000004c1800000| Untracked |  0
| 350|0x00000004c2000000, 0x00000004c2800000, 0x00000004c2800000|100%| O|  |TAMS 0x00000004c2000000| PB 0x00000004c2000000| Untracked |  0
| 351|0x00000004c2800000, 0x00000004c3000000, 0x00000004c3000000|100%| O|  |TAMS 0x00000004c2800000| PB 0x00000004c2800000| Untracked |  0
| 352|0x00000004c3000000, 0x00000004c3800000, 0x00000004c3800000|100%| O|  |TAMS 0x00000004c3000000| PB 0x00000004c3000000| Untracked |  0
| 353|0x00000004c3800000, 0x00000004c4000000, 0x00000004c4000000|100%| O|  |TAMS 0x00000004c3800000| PB 0x00000004c3800000| Untracked |  0
| 354|0x00000004c4000000, 0x00000004c4800000, 0x00000004c4800000|100%| O|  |TAMS 0x00000004c4000000| PB 0x00000004c4000000| Untracked |  0
| 355|0x00000004c4800000, 0x00000004c5000000, 0x00000004c5000000|100%| O|  |TAMS 0x00000004c4800000| PB 0x00000004c4800000| Untracked |  0
| 356|0x00000004c5000000, 0x00000004c5800000, 0x00000004c5800000|100%| O|  |TAMS 0x00000004c5000000| PB 0x00000004c5000000| Untracked |  0
| 357|0x00000004c5800000, 0x00000004c6000000, 0x00000004c6000000|100%| O|  |TAMS 0x00000004c5800000| PB 0x00000004c5800000| Untracked |  0
| 358|0x00000004c6000000, 0x00000004c6800000, 0x00000004c6800000|100%| O|  |TAMS 0x00000004c6000000| PB 0x00000004c6000000| Untracked |  0
| 359|0x00000004c6800000, 0x00000004c7000000, 0x00000004c7000000|100%| O|  |TAMS 0x00000004c6800000| PB 0x00000004c6800000| Untracked |  0
| 360|0x00000004c7000000, 0x00000004c7800000, 0x00000004c7800000|100%| O|  |TAMS 0x00000004c7000000| PB 0x00000004c7000000| Untracked |  0
| 361|0x00000004c7800000, 0x00000004c8000000, 0x00000004c8000000|100%| O|  |TAMS 0x00000004c7800000| PB 0x00000004c7800000| Untracked |  0
| 362|0x00000004c8000000, 0x00000004c8800000, 0x00000004c8800000|100%| O|  |TAMS 0x00000004c8000000| PB 0x00000004c8000000| Untracked |  0
| 363|0x00000004c8800000, 0x00000004c9000000, 0x00000004c9000000|100%| O|  |TAMS 0x00000004c8800000| PB 0x00000004c8800000| Untracked |  0
| 364|0x00000004c9000000, 0x00000004c9800000, 0x00000004c9800000|100%| O|  |TAMS 0x00000004c9000000| PB 0x00000004c9000000| Untracked |  0
| 365|0x00000004c9800000, 0x00000004ca000000, 0x00000004ca000000|100%| O|  |TAMS 0x00000004c9800000| PB 0x00000004c9800000| Untracked |  0
| 366|0x00000004ca000000, 0x00000004ca800000, 0x00000004ca800000|100%| O|  |TAMS 0x00000004ca000000| PB 0x00000004ca000000| Untracked |  0
| 367|0x00000004ca800000, 0x00000004cb000000, 0x00000004cb000000|100%| O|  |TAMS 0x00000004ca800000| PB 0x00000004ca800000| Untracked |  0
| 368|0x00000004cb000000, 0x00000004cb800000, 0x00000004cb800000|100%| O|  |TAMS 0x00000004cb000000| PB 0x00000004cb000000| Untracked |  0
| 369|0x00000004cb800000, 0x00000004cc000000, 0x00000004cc000000|100%| O|  |TAMS 0x00000004cb800000| PB 0x00000004cb800000| Untracked |  0
| 370|0x00000004cc000000, 0x00000004cc800000, 0x00000004cc800000|100%| O|  |TAMS 0x00000004cc000000| PB 0x00000004cc000000| Untracked |  0
| 371|0x00000004cc800000, 0x00000004cd000000, 0x00000004cd000000|100%| O|  |TAMS 0x00000004cc800000| PB 0x00000004cc800000| Untracked |  0
| 372|0x00000004cd000000, 0x00000004cd800000, 0x00000004cd800000|100%| O|  |TAMS 0x00000004cd000000| PB 0x00000004cd000000| Untracked |  0
| 373|0x00000004cd800000, 0x00000004ce000000, 0x00000004ce000000|100%| O|  |TAMS 0x00000004cd800000| PB 0x00000004cd800000| Untracked |  0
| 374|0x00000004ce000000, 0x00000004ce800000, 0x00000004ce800000|100%| O|  |TAMS 0x00000004ce000000| PB 0x00000004ce000000| Untracked |  0
| 375|0x00000004ce800000, 0x00000004cf000000, 0x00000004cf000000|100%| O|  |TAMS 0x00000004ce800000| PB 0x00000004ce800000| Untracked |  0
| 376|0x00000004cf000000, 0x00000004cf800000, 0x00000004cf800000|100%| O|  |TAMS 0x00000004cf000000| PB 0x00000004cf000000| Untracked |  0
| 377|0x00000004cf800000, 0x00000004d0000000, 0x00000004d0000000|100%| O|  |TAMS 0x00000004cf800000| PB 0x00000004cf800000| Untracked |  0
| 378|0x00000004d0000000, 0x00000004d0800000, 0x00000004d0800000|100%| O|  |TAMS 0x00000004d0000000| PB 0x00000004d0000000| Untracked |  0
| 379|0x00000004d0800000, 0x00000004d1000000, 0x00000004d1000000|100%| O|  |TAMS 0x00000004d0800000| PB 0x00000004d0800000| Untracked |  0
| 380|0x00000004d1000000, 0x00000004d1800000, 0x00000004d1800000|100%| O|  |TAMS 0x00000004d1000000| PB 0x00000004d1000000| Untracked |  0
| 381|0x00000004d1800000, 0x00000004d2000000, 0x00000004d2000000|100%| O|  |TAMS 0x00000004d1800000| PB 0x00000004d1800000| Untracked |  0
| 382|0x00000004d2000000, 0x00000004d2800000, 0x00000004d2800000|100%| O|  |TAMS 0x00000004d2000000| PB 0x00000004d2000000| Untracked |  0
| 383|0x00000004d2800000, 0x00000004d3000000, 0x00000004d3000000|100%| O|  |TAMS 0x00000004d2800000| PB 0x00000004d2800000| Untracked |  0
| 384|0x00000004d3000000, 0x00000004d3800000, 0x00000004d3800000|100%| O|  |TAMS 0x00000004d3000000| PB 0x00000004d3000000| Untracked |  0
| 385|0x00000004d3800000, 0x00000004d4000000, 0x00000004d4000000|100%| O|  |TAMS 0x00000004d3800000| PB 0x00000004d3800000| Untracked |  0
| 386|0x00000004d4000000, 0x00000004d4800000, 0x00000004d4800000|100%| O|  |TAMS 0x00000004d4000000| PB 0x00000004d4000000| Untracked |  0
| 387|0x00000004d4800000, 0x00000004d5000000, 0x00000004d5000000|100%| O|  |TAMS 0x00000004d4800000| PB 0x00000004d4800000| Untracked |  0
| 388|0x00000004d5000000, 0x00000004d5800000, 0x00000004d5800000|100%| O|  |TAMS 0x00000004d5000000| PB 0x00000004d5000000| Untracked |  0
| 389|0x00000004d5800000, 0x00000004d6000000, 0x00000004d6000000|100%| O|  |TAMS 0x00000004d5800000| PB 0x00000004d5800000| Untracked |  0
| 390|0x00000004d6000000, 0x00000004d6800000, 0x00000004d6800000|100%| O|  |TAMS 0x00000004d6000000| PB 0x00000004d6000000| Untracked |  0
| 391|0x00000004d6800000, 0x00000004d7000000, 0x00000004d7000000|100%| O|  |TAMS 0x00000004d6800000| PB 0x00000004d6800000| Untracked |  0
| 392|0x00000004d7000000, 0x00000004d7800000, 0x00000004d7800000|100%| O|  |TAMS 0x00000004d7000000| PB 0x00000004d7000000| Untracked |  0
| 393|0x00000004d7800000, 0x00000004d8000000, 0x00000004d8000000|100%| O|  |TAMS 0x00000004d7800000| PB 0x00000004d7800000| Untracked |  0
| 394|0x00000004d8000000, 0x00000004d8800000, 0x00000004d8800000|100%| O|  |TAMS 0x00000004d8000000| PB 0x00000004d8000000| Untracked |  0
| 395|0x00000004d8800000, 0x00000004d9000000, 0x00000004d9000000|100%| O|  |TAMS 0x00000004d8800000| PB 0x00000004d8800000| Untracked |  0
| 396|0x00000004d9000000, 0x00000004d9800000, 0x00000004d9800000|100%| O|  |TAMS 0x00000004d9000000| PB 0x00000004d9000000| Untracked |  0
| 397|0x00000004d9800000, 0x00000004da000000, 0x00000004da000000|100%| O|  |TAMS 0x00000004d9800000| PB 0x00000004d9800000| Untracked |  0
| 398|0x00000004da000000, 0x00000004da800000, 0x00000004da800000|100%| O|  |TAMS 0x00000004da000000| PB 0x00000004da000000| Untracked |  0
| 399|0x00000004da800000, 0x00000004db000000, 0x00000004db000000|100%| O|  |TAMS 0x00000004da800000| PB 0x00000004da800000| Untracked |  0
| 400|0x00000004db000000, 0x00000004db800000, 0x00000004db800000|100%| O|  |TAMS 0x00000004db000000| PB 0x00000004db000000| Untracked |  0
| 401|0x00000004db800000, 0x00000004dbc948a8, 0x00000004dc000000| 57%| O|  |TAMS 0x00000004db800000| PB 0x00000004db800000| Untracked |  0
| 402|0x00000004dc000000, 0x00000004dc000000, 0x00000004dc800000|  0%| F|  |TAMS 0x00000004dc000000| PB 0x00000004dc000000| Untracked |  0
| 403|0x00000004dc800000, 0x00000004dc800000, 0x00000004dd000000|  0%| F|  |TAMS 0x00000004dc800000| PB 0x00000004dc800000| Untracked |  0
| 404|0x00000004dd000000, 0x00000004dd000000, 0x00000004dd800000|  0%| F|  |TAMS 0x00000004dd000000| PB 0x00000004dd000000| Untracked |  0
| 405|0x00000004dd800000, 0x00000004dd800000, 0x00000004de000000|  0%| F|  |TAMS 0x00000004dd800000| PB 0x00000004dd800000| Untracked |  0
| 406|0x00000004de000000, 0x00000004de000000, 0x00000004de800000|  0%| F|  |TAMS 0x00000004de000000| PB 0x00000004de000000| Untracked |  0
| 407|0x00000004de800000, 0x00000004de800000, 0x00000004df000000|  0%| F|  |TAMS 0x00000004de800000| PB 0x00000004de800000| Untracked |  0
| 408|0x00000004df000000, 0x00000004df000000, 0x00000004df800000|  0%| F|  |TAMS 0x00000004df000000| PB 0x00000004df000000| Untracked |  0
| 409|0x00000004df800000, 0x00000004df800000, 0x00000004e0000000|  0%| F|  |TAMS 0x00000004df800000| PB 0x00000004df800000| Untracked |  0
| 410|0x00000004e0000000, 0x00000004e0000000, 0x00000004e0800000|  0%| F|  |TAMS 0x00000004e0000000| PB 0x00000004e0000000| Untracked |  0
| 411|0x00000004e0800000, 0x00000004e0800000, 0x00000004e1000000|  0%| F|  |TAMS 0x00000004e0800000| PB 0x00000004e0800000| Untracked |  0
| 412|0x00000004e1000000, 0x00000004e1000000, 0x00000004e1800000|  0%| F|  |TAMS 0x00000004e1000000| PB 0x00000004e1000000| Untracked |  0
| 413|0x00000004e1800000, 0x00000004e1800000, 0x00000004e2000000|  0%| F|  |TAMS 0x00000004e1800000| PB 0x00000004e1800000| Untracked |  0
| 414|0x00000004e2000000, 0x00000004e2000000, 0x00000004e2800000|  0%| F|  |TAMS 0x00000004e2000000| PB 0x00000004e2000000| Untracked |  0
| 415|0x00000004e2800000, 0x00000004e2800000, 0x00000004e3000000|  0%| F|  |TAMS 0x00000004e2800000| PB 0x00000004e2800000| Untracked |  0
| 416|0x00000004e3000000, 0x00000004e3000000, 0x00000004e3800000|  0%| F|  |TAMS 0x00000004e3000000| PB 0x00000004e3000000| Untracked |  0
| 417|0x00000004e3800000, 0x00000004e3800000, 0x00000004e4000000|  0%| F|  |TAMS 0x00000004e3800000| PB 0x00000004e3800000| Untracked |  0
| 418|0x00000004e4000000, 0x00000004e4000000, 0x00000004e4800000|  0%| F|  |TAMS 0x00000004e4000000| PB 0x00000004e4000000| Untracked |  0
| 419|0x00000004e4800000, 0x00000004e4800000, 0x00000004e5000000|  0%| F|  |TAMS 0x00000004e4800000| PB 0x00000004e4800000| Untracked |  0
| 420|0x00000004e5000000, 0x00000004e5000000, 0x00000004e5800000|  0%| F|  |TAMS 0x00000004e5000000| PB 0x00000004e5000000| Untracked |  0
| 421|0x00000004e5800000, 0x00000004e5800000, 0x00000004e6000000|  0%| F|  |TAMS 0x00000004e5800000| PB 0x00000004e5800000| Untracked |  0
| 422|0x00000004e6000000, 0x00000004e6000000, 0x00000004e6800000|  0%| F|  |TAMS 0x00000004e6000000| PB 0x00000004e6000000| Untracked |  0
| 423|0x00000004e6800000, 0x00000004e6800000, 0x00000004e7000000|  0%| F|  |TAMS 0x00000004e6800000| PB 0x00000004e6800000| Untracked |  0
| 424|0x00000004e7000000, 0x00000004e7000000, 0x00000004e7800000|  0%| F|  |TAMS 0x00000004e7000000| PB 0x00000004e7000000| Untracked |  0
| 425|0x00000004e7800000, 0x00000004e7800000, 0x00000004e8000000|  0%| F|  |TAMS 0x00000004e7800000| PB 0x00000004e7800000| Untracked |  0
| 426|0x00000004e8000000, 0x00000004e8000000, 0x00000004e8800000|  0%| F|  |TAMS 0x00000004e8000000| PB 0x00000004e8000000| Untracked |  0
| 427|0x00000004e8800000, 0x00000004e8800000, 0x00000004e9000000|  0%| F|  |TAMS 0x00000004e8800000| PB 0x00000004e8800000| Untracked |  0
| 428|0x00000004e9000000, 0x00000004e9000000, 0x00000004e9800000|  0%| F|  |TAMS 0x00000004e9000000| PB 0x00000004e9000000| Untracked |  0
| 429|0x00000004e9800000, 0x00000004e9800000, 0x00000004ea000000|  0%| F|  |TAMS 0x00000004e9800000| PB 0x00000004e9800000| Untracked |  0
| 430|0x00000004ea000000, 0x00000004ea000000, 0x00000004ea800000|  0%| F|  |TAMS 0x00000004ea000000| PB 0x00000004ea000000| Untracked |  0
| 431|0x00000004ea800000, 0x00000004ea800000, 0x00000004eb000000|  0%| F|  |TAMS 0x00000004ea800000| PB 0x00000004ea800000| Untracked |  0
| 432|0x00000004eb000000, 0x00000004eb000000, 0x00000004eb800000|  0%| F|  |TAMS 0x00000004eb000000| PB 0x00000004eb000000| Untracked |  0
| 433|0x00000004eb800000, 0x00000004eb800000, 0x00000004ec000000|  0%| F|  |TAMS 0x00000004eb800000| PB 0x00000004eb800000| Untracked |  0
| 434|0x00000004ec000000, 0x00000004ec000000, 0x00000004ec800000|  0%| F|  |TAMS 0x00000004ec000000| PB 0x00000004ec000000| Untracked |  0
| 435|0x00000004ec800000, 0x00000004ec800000, 0x00000004ed000000|  0%| F|  |TAMS 0x00000004ec800000| PB 0x00000004ec800000| Untracked |  0
| 436|0x00000004ed000000, 0x00000004ed000000, 0x00000004ed800000|  0%| F|  |TAMS 0x00000004ed000000| PB 0x00000004ed000000| Untracked |  0
| 437|0x00000004ed800000, 0x00000004ed800000, 0x00000004ee000000|  0%| F|  |TAMS 0x00000004ed800000| PB 0x00000004ed800000| Untracked |  0
| 438|0x00000004ee000000, 0x00000004ee000000, 0x00000004ee800000|  0%| F|  |TAMS 0x00000004ee000000| PB 0x00000004ee000000| Untracked |  0
| 439|0x00000004ee800000, 0x00000004ee800000, 0x00000004ef000000|  0%| F|  |TAMS 0x00000004ee800000| PB 0x00000004ee800000| Untracked |  0
| 440|0x00000004ef000000, 0x00000004ef000000, 0x00000004ef800000|  0%| F|  |TAMS 0x00000004ef000000| PB 0x00000004ef000000| Untracked |  0
| 441|0x00000004ef800000, 0x00000004ef800000, 0x00000004f0000000|  0%| F|  |TAMS 0x00000004ef800000| PB 0x00000004ef800000| Untracked |  0
| 442|0x00000004f0000000, 0x00000004f0000000, 0x00000004f0800000|  0%| F|  |TAMS 0x00000004f0000000| PB 0x00000004f0000000| Untracked |  0
| 443|0x00000004f0800000, 0x00000004f0800000, 0x00000004f1000000|  0%| F|  |TAMS 0x00000004f0800000| PB 0x00000004f0800000| Untracked |  0
| 444|0x00000004f1000000, 0x00000004f1000000, 0x00000004f1800000|  0%| F|  |TAMS 0x00000004f1000000| PB 0x00000004f1000000| Untracked |  0
| 445|0x00000004f1800000, 0x00000004f1800000, 0x00000004f2000000|  0%| F|  |TAMS 0x00000004f1800000| PB 0x00000004f1800000| Untracked |  0
| 446|0x00000004f2000000, 0x00000004f2000000, 0x00000004f2800000|  0%| F|  |TAMS 0x00000004f2000000| PB 0x00000004f2000000| Untracked |  0
| 447|0x00000004f2800000, 0x00000004f2800000, 0x00000004f3000000|  0%| F|  |TAMS 0x00000004f2800000| PB 0x00000004f2800000| Untracked |  0
| 448|0x00000004f3000000, 0x00000004f3000000, 0x00000004f3800000|  0%| F|  |TAMS 0x00000004f3000000| PB 0x00000004f3000000| Untracked |  0
| 449|0x00000004f3800000, 0x00000004f3800000, 0x00000004f4000000|  0%| F|  |TAMS 0x00000004f3800000| PB 0x00000004f3800000| Untracked |  0
| 450|0x00000004f4000000, 0x00000004f4000000, 0x00000004f4800000|  0%| F|  |TAMS 0x00000004f4000000| PB 0x00000004f4000000| Untracked |  0
| 451|0x00000004f4800000, 0x00000004f4800000, 0x00000004f5000000|  0%| F|  |TAMS 0x00000004f4800000| PB 0x00000004f4800000| Untracked |  0
| 452|0x00000004f5000000, 0x00000004f5000000, 0x00000004f5800000|  0%| F|  |TAMS 0x00000004f5000000| PB 0x00000004f5000000| Untracked |  0
| 453|0x00000004f5800000, 0x00000004f5800000, 0x00000004f6000000|  0%| F|  |TAMS 0x00000004f5800000| PB 0x00000004f5800000| Untracked |  0
| 454|0x00000004f6000000, 0x00000004f6000000, 0x00000004f6800000|  0%| F|  |TAMS 0x00000004f6000000| PB 0x00000004f6000000| Untracked |  0
| 455|0x00000004f6800000, 0x00000004f6800000, 0x00000004f7000000|  0%| F|  |TAMS 0x00000004f6800000| PB 0x00000004f6800000| Untracked |  0
| 456|0x00000004f7000000, 0x00000004f7000000, 0x00000004f7800000|  0%| F|  |TAMS 0x00000004f7000000| PB 0x00000004f7000000| Untracked |  0
| 457|0x00000004f7800000, 0x00000004f7800000, 0x00000004f8000000|  0%| F|  |TAMS 0x00000004f7800000| PB 0x00000004f7800000| Untracked |  0
| 458|0x00000004f8000000, 0x00000004f8000000, 0x00000004f8800000|  0%| F|  |TAMS 0x00000004f8000000| PB 0x00000004f8000000| Untracked |  0
| 459|0x00000004f8800000, 0x00000004f8800000, 0x00000004f9000000|  0%| F|  |TAMS 0x00000004f8800000| PB 0x00000004f8800000| Untracked |  0
| 460|0x00000004f9000000, 0x00000004f9000000, 0x00000004f9800000|  0%| F|  |TAMS 0x00000004f9000000| PB 0x00000004f9000000| Untracked |  0
| 461|0x00000004f9800000, 0x00000004f9800000, 0x00000004fa000000|  0%| F|  |TAMS 0x00000004f9800000| PB 0x00000004f9800000| Untracked |  0
| 462|0x00000004fa000000, 0x00000004fa000000, 0x00000004fa800000|  0%| F|  |TAMS 0x00000004fa000000| PB 0x00000004fa000000| Untracked |  0
| 463|0x00000004fa800000, 0x00000004fa800000, 0x00000004fb000000|  0%| F|  |TAMS 0x00000004fa800000| PB 0x00000004fa800000| Untracked |  0
| 464|0x00000004fb000000, 0x00000004fb000000, 0x00000004fb800000|  0%| F|  |TAMS 0x00000004fb000000| PB 0x00000004fb000000| Untracked |  0
| 465|0x00000004fb800000, 0x00000004fb800000, 0x00000004fc000000|  0%| F|  |TAMS 0x00000004fb800000| PB 0x00000004fb800000| Untracked |  0
| 466|0x00000004fc000000, 0x00000004fc000000, 0x00000004fc800000|  0%| F|  |TAMS 0x00000004fc000000| PB 0x00000004fc000000| Untracked |  0
| 467|0x00000004fc800000, 0x00000004fc800000, 0x00000004fd000000|  0%| F|  |TAMS 0x00000004fc800000| PB 0x00000004fc800000| Untracked |  0
| 468|0x00000004fd000000, 0x00000004fd000000, 0x00000004fd800000|  0%| F|  |TAMS 0x00000004fd000000| PB 0x00000004fd000000| Untracked |  0
| 469|0x00000004fd800000, 0x00000004fd800000, 0x00000004fe000000|  0%| F|  |TAMS 0x00000004fd800000| PB 0x00000004fd800000| Untracked |  0
| 470|0x00000004fe000000, 0x00000004fe000000, 0x00000004fe800000|  0%| F|  |TAMS 0x00000004fe000000| PB 0x00000004fe000000| Untracked |  0
| 471|0x00000004fe800000, 0x00000004fe800000, 0x00000004ff000000|  0%| F|  |TAMS 0x00000004fe800000| PB 0x00000004fe800000| Untracked |  0
| 472|0x00000004ff000000, 0x00000004ff000000, 0x00000004ff800000|  0%| F|  |TAMS 0x00000004ff000000| PB 0x00000004ff000000| Untracked |  0
| 473|0x00000004ff800000, 0x00000004ff800000, 0x0000000500000000|  0%| F|  |TAMS 0x00000004ff800000| PB 0x00000004ff800000| Untracked |  0
| 474|0x0000000500000000, 0x0000000500000000, 0x0000000500800000|  0%| F|  |TAMS 0x0000000500000000| PB 0x0000000500000000| Untracked |  0
| 475|0x0000000500800000, 0x0000000500800000, 0x0000000501000000|  0%| F|  |TAMS 0x0000000500800000| PB 0x0000000500800000| Untracked |  0
| 476|0x0000000501000000, 0x0000000501000000, 0x0000000501800000|  0%| F|  |TAMS 0x0000000501000000| PB 0x0000000501000000| Untracked |  0
| 477|0x0000000501800000, 0x0000000501800000, 0x0000000502000000|  0%| F|  |TAMS 0x0000000501800000| PB 0x0000000501800000| Untracked |  0
| 478|0x0000000502000000, 0x0000000502000000, 0x0000000502800000|  0%| F|  |TAMS 0x0000000502000000| PB 0x0000000502000000| Untracked |  0
| 479|0x0000000502800000, 0x0000000502800000, 0x0000000503000000|  0%| F|  |TAMS 0x0000000502800000| PB 0x0000000502800000| Untracked |  0
| 480|0x0000000503000000, 0x0000000503000000, 0x0000000503800000|  0%| F|  |TAMS 0x0000000503000000| PB 0x0000000503000000| Untracked |  0
| 481|0x0000000503800000, 0x0000000503800000, 0x0000000504000000|  0%| F|  |TAMS 0x0000000503800000| PB 0x0000000503800000| Untracked |  0
| 482|0x0000000504000000, 0x0000000504000000, 0x0000000504800000|  0%| F|  |TAMS 0x0000000504000000| PB 0x0000000504000000| Untracked |  0
| 483|0x0000000504800000, 0x0000000504800000, 0x0000000505000000|  0%| F|  |TAMS 0x0000000504800000| PB 0x0000000504800000| Untracked |  0
| 484|0x0000000505000000, 0x0000000505000000, 0x0000000505800000|  0%| F|  |TAMS 0x0000000505000000| PB 0x0000000505000000| Untracked |  0
| 485|0x0000000505800000, 0x0000000505800000, 0x0000000506000000|  0%| F|  |TAMS 0x0000000505800000| PB 0x0000000505800000| Untracked |  0
| 486|0x0000000506000000, 0x0000000506000000, 0x0000000506800000|  0%| F|  |TAMS 0x0000000506000000| PB 0x0000000506000000| Untracked |  0
| 487|0x0000000506800000, 0x0000000506800000, 0x0000000507000000|  0%| F|  |TAMS 0x0000000506800000| PB 0x0000000506800000| Untracked |  0
| 488|0x0000000507000000, 0x0000000507000000, 0x0000000507800000|  0%| F|  |TAMS 0x0000000507000000| PB 0x0000000507000000| Untracked |  0
| 489|0x0000000507800000, 0x0000000507800000, 0x0000000508000000|  0%| F|  |TAMS 0x0000000507800000| PB 0x0000000507800000| Untracked |  0
| 490|0x0000000508000000, 0x0000000508000000, 0x0000000508800000|  0%| F|  |TAMS 0x0000000508000000| PB 0x0000000508000000| Untracked |  0
| 491|0x0000000508800000, 0x0000000508800000, 0x0000000509000000|  0%| F|  |TAMS 0x0000000508800000| PB 0x0000000508800000| Untracked |  0
| 492|0x0000000509000000, 0x0000000509000000, 0x0000000509800000|  0%| F|  |TAMS 0x0000000509000000| PB 0x0000000509000000| Untracked |  0
| 493|0x0000000509800000, 0x0000000509800000, 0x000000050a000000|  0%| F|  |TAMS 0x0000000509800000| PB 0x0000000509800000| Untracked |  0
| 494|0x000000050a000000, 0x000000050a000000, 0x000000050a800000|  0%| F|  |TAMS 0x000000050a000000| PB 0x000000050a000000| Untracked |  0
| 495|0x000000050a800000, 0x000000050a800000, 0x000000050b000000|  0%| F|  |TAMS 0x000000050a800000| PB 0x000000050a800000| Untracked |  0
| 496|0x000000050b000000, 0x000000050b000000, 0x000000050b800000|  0%| F|  |TAMS 0x000000050b000000| PB 0x000000050b000000| Untracked |  0
| 497|0x000000050b800000, 0x000000050b800000, 0x000000050c000000|  0%| F|  |TAMS 0x000000050b800000| PB 0x000000050b800000| Untracked |  0
| 498|0x000000050c000000, 0x000000050c000000, 0x000000050c800000|  0%| F|  |TAMS 0x000000050c000000| PB 0x000000050c000000| Untracked |  0
| 499|0x000000050c800000, 0x000000050c800000, 0x000000050d000000|  0%| F|  |TAMS 0x000000050c800000| PB 0x000000050c800000| Untracked |  0
| 500|0x000000050d000000, 0x000000050d000000, 0x000000050d800000|  0%| F|  |TAMS 0x000000050d000000| PB 0x000000050d000000| Untracked |  0
| 501|0x000000050d800000, 0x000000050d800000, 0x000000050e000000|  0%| F|  |TAMS 0x000000050d800000| PB 0x000000050d800000| Untracked |  0
| 502|0x000000050e000000, 0x000000050e000000, 0x000000050e800000|  0%| F|  |TAMS 0x000000050e000000| PB 0x000000050e000000| Untracked |  0
| 503|0x000000050e800000, 0x000000050e800000, 0x000000050f000000|  0%| F|  |TAMS 0x000000050e800000| PB 0x000000050e800000| Untracked |  0
| 504|0x000000050f000000, 0x000000050f000000, 0x000000050f800000|  0%| F|  |TAMS 0x000000050f000000| PB 0x000000050f000000| Untracked |  0
| 505|0x000000050f800000, 0x000000050f800000, 0x0000000510000000|  0%| F|  |TAMS 0x000000050f800000| PB 0x000000050f800000| Untracked |  0
| 506|0x0000000510000000, 0x0000000510000000, 0x0000000510800000|  0%| F|  |TAMS 0x0000000510000000| PB 0x0000000510000000| Untracked |  0
| 507|0x0000000510800000, 0x0000000510800000, 0x0000000511000000|  0%| F|  |TAMS 0x0000000510800000| PB 0x0000000510800000| Untracked |  0
| 508|0x0000000511000000, 0x0000000511000000, 0x0000000511800000|  0%| F|  |TAMS 0x0000000511000000| PB 0x0000000511000000| Untracked |  0
| 509|0x0000000511800000, 0x0000000511800000, 0x0000000512000000|  0%| F|  |TAMS 0x0000000511800000| PB 0x0000000511800000| Untracked |  0
| 510|0x0000000512000000, 0x0000000512000000, 0x0000000512800000|  0%| F|  |TAMS 0x0000000512000000| PB 0x0000000512000000| Untracked |  0
| 511|0x0000000512800000, 0x0000000512800000, 0x0000000513000000|  0%| F|  |TAMS 0x0000000512800000| PB 0x0000000512800000| Untracked |  0
| 512|0x0000000513000000, 0x0000000513000000, 0x0000000513800000|  0%| F|  |TAMS 0x0000000513000000| PB 0x0000000513000000| Untracked |  0
| 513|0x0000000513800000, 0x0000000513800000, 0x0000000514000000|  0%| F|  |TAMS 0x0000000513800000| PB 0x0000000513800000| Untracked |  0
| 514|0x0000000514000000, 0x0000000514000000, 0x0000000514800000|  0%| F|  |TAMS 0x0000000514000000| PB 0x0000000514000000| Untracked |  0
| 515|0x0000000514800000, 0x0000000514800000, 0x0000000515000000|  0%| F|  |TAMS 0x0000000514800000| PB 0x0000000514800000| Untracked |  0
| 516|0x0000000515000000, 0x0000000515000000, 0x0000000515800000|  0%| F|  |TAMS 0x0000000515000000| PB 0x0000000515000000| Untracked |  0
| 517|0x0000000515800000, 0x0000000515800000, 0x0000000516000000|  0%| F|  |TAMS 0x0000000515800000| PB 0x0000000515800000| Untracked |  0
| 518|0x0000000516000000, 0x0000000516000000, 0x0000000516800000|  0%| F|  |TAMS 0x0000000516000000| PB 0x0000000516000000| Untracked |  0
| 519|0x0000000516800000, 0x0000000516800000, 0x0000000517000000|  0%| F|  |TAMS 0x0000000516800000| PB 0x0000000516800000| Untracked |  0
| 520|0x0000000517000000, 0x0000000517000000, 0x0000000517800000|  0%| F|  |TAMS 0x0000000517000000| PB 0x0000000517000000| Untracked |  0
| 521|0x0000000517800000, 0x0000000517800000, 0x0000000518000000|  0%| F|  |TAMS 0x0000000517800000| PB 0x0000000517800000| Untracked |  0
| 522|0x0000000518000000, 0x0000000518000000, 0x0000000518800000|  0%| F|  |TAMS 0x0000000518000000| PB 0x0000000518000000| Untracked |  0
| 523|0x0000000518800000, 0x0000000518800000, 0x0000000519000000|  0%| F|  |TAMS 0x0000000518800000| PB 0x0000000518800000| Untracked |  0
| 524|0x0000000519000000, 0x0000000519000000, 0x0000000519800000|  0%| F|  |TAMS 0x0000000519000000| PB 0x0000000519000000| Untracked |  0
| 525|0x0000000519800000, 0x0000000519800000, 0x000000051a000000|  0%| F|  |TAMS 0x0000000519800000| PB 0x0000000519800000| Untracked |  0
| 526|0x000000051a000000, 0x000000051a000000, 0x000000051a800000|  0%| F|  |TAMS 0x000000051a000000| PB 0x000000051a000000| Untracked |  0
| 527|0x000000051a800000, 0x000000051a800000, 0x000000051b000000|  0%| F|  |TAMS 0x000000051a800000| PB 0x000000051a800000| Untracked |  0
| 528|0x000000051b000000, 0x000000051b000000, 0x000000051b800000|  0%| F|  |TAMS 0x000000051b000000| PB 0x000000051b000000| Untracked |  0
| 529|0x000000051b800000, 0x000000051b800000, 0x000000051c000000|  0%| F|  |TAMS 0x000000051b800000| PB 0x000000051b800000| Untracked |  0
| 530|0x000000051c000000, 0x000000051c000000, 0x000000051c800000|  0%| F|  |TAMS 0x000000051c000000| PB 0x000000051c000000| Untracked |  0
| 531|0x000000051c800000, 0x000000051c800000, 0x000000051d000000|  0%| F|  |TAMS 0x000000051c800000| PB 0x000000051c800000| Untracked |  0
| 532|0x000000051d000000, 0x000000051d000000, 0x000000051d800000|  0%| F|  |TAMS 0x000000051d000000| PB 0x000000051d000000| Untracked |  0
| 533|0x000000051d800000, 0x000000051d800000, 0x000000051e000000|  0%| F|  |TAMS 0x000000051d800000| PB 0x000000051d800000| Untracked |  0
| 534|0x000000051e000000, 0x000000051e000000, 0x000000051e800000|  0%| F|  |TAMS 0x000000051e000000| PB 0x000000051e000000| Untracked |  0
| 535|0x000000051e800000, 0x000000051e800000, 0x000000051f000000|  0%| F|  |TAMS 0x000000051e800000| PB 0x000000051e800000| Untracked |  0
| 536|0x000000051f000000, 0x000000051f000000, 0x000000051f800000|  0%| F|  |TAMS 0x000000051f000000| PB 0x000000051f000000| Untracked |  0
| 537|0x000000051f800000, 0x000000051f800000, 0x0000000520000000|  0%| F|  |TAMS 0x000000051f800000| PB 0x000000051f800000| Untracked |  0
| 538|0x0000000520000000, 0x0000000520000000, 0x0000000520800000|  0%| F|  |TAMS 0x0000000520000000| PB 0x0000000520000000| Untracked |  0
| 539|0x0000000520800000, 0x0000000520800000, 0x0000000521000000|  0%| F|  |TAMS 0x0000000520800000| PB 0x0000000520800000| Untracked |  0
| 540|0x0000000521000000, 0x0000000521000000, 0x0000000521800000|  0%| F|  |TAMS 0x0000000521000000| PB 0x0000000521000000| Untracked |  0
| 541|0x0000000521800000, 0x0000000521800000, 0x0000000522000000|  0%| F|  |TAMS 0x0000000521800000| PB 0x0000000521800000| Untracked |  0
| 542|0x0000000522000000, 0x0000000522000000, 0x0000000522800000|  0%| F|  |TAMS 0x0000000522000000| PB 0x0000000522000000| Untracked |  0
| 543|0x0000000522800000, 0x0000000522800000, 0x0000000523000000|  0%| F|  |TAMS 0x0000000522800000| PB 0x0000000522800000| Untracked |  0
| 544|0x0000000523000000, 0x0000000523000000, 0x0000000523800000|  0%| F|  |TAMS 0x0000000523000000| PB 0x0000000523000000| Untracked |  0
| 545|0x0000000523800000, 0x0000000523800000, 0x0000000524000000|  0%| F|  |TAMS 0x0000000523800000| PB 0x0000000523800000| Untracked |  0
| 546|0x0000000524000000, 0x0000000524000000, 0x0000000524800000|  0%| F|  |TAMS 0x0000000524000000| PB 0x0000000524000000| Untracked |  0
| 547|0x0000000524800000, 0x0000000524800000, 0x0000000525000000|  0%| F|  |TAMS 0x0000000524800000| PB 0x0000000524800000| Untracked |  0
| 548|0x0000000525000000, 0x0000000525000000, 0x0000000525800000|  0%| F|  |TAMS 0x0000000525000000| PB 0x0000000525000000| Untracked |  0
| 549|0x0000000525800000, 0x0000000525800000, 0x0000000526000000|  0%| F|  |TAMS 0x0000000525800000| PB 0x0000000525800000| Untracked |  0
| 550|0x0000000526000000, 0x0000000526000000, 0x0000000526800000|  0%| F|  |TAMS 0x0000000526000000| PB 0x0000000526000000| Untracked |  0
| 551|0x0000000526800000, 0x0000000526800000, 0x0000000527000000|  0%| F|  |TAMS 0x0000000526800000| PB 0x0000000526800000| Untracked |  0
| 552|0x0000000527000000, 0x0000000527000000, 0x0000000527800000|  0%| F|  |TAMS 0x0000000527000000| PB 0x0000000527000000| Untracked |  0
| 553|0x0000000527800000, 0x0000000527800000, 0x0000000528000000|  0%| F|  |TAMS 0x0000000527800000| PB 0x0000000527800000| Untracked |  0
| 554|0x0000000528000000, 0x0000000528000000, 0x0000000528800000|  0%| F|  |TAMS 0x0000000528000000| PB 0x0000000528000000| Untracked |  0
| 555|0x0000000528800000, 0x0000000528a422c8, 0x0000000529000000| 28%| S|CS|TAMS 0x0000000528800000| PB 0x0000000528800000| Complete |  0
| 556|0x0000000529000000, 0x0000000529800000, 0x0000000529800000|100%| S|CS|TAMS 0x0000000529000000| PB 0x0000000529000000| Complete |  0
| 557|0x0000000529800000, 0x0000000529800000, 0x000000052a000000|  0%| F|  |TAMS 0x0000000529800000| PB 0x0000000529800000| Untracked |  0
| 558|0x000000052a000000, 0x000000052a000000, 0x000000052a800000|  0%| F|  |TAMS 0x000000052a000000| PB 0x000000052a000000| Untracked |  0
| 559|0x000000052a800000, 0x000000052a800000, 0x000000052b000000|  0%| F|  |TAMS 0x000000052a800000| PB 0x000000052a800000| Untracked |  0
| 560|0x000000052b000000, 0x000000052b800000, 0x000000052b800000|100%| S|CS|TAMS 0x000000052b000000| PB 0x000000052b000000| Complete |  0
| 561|0x000000052b800000, 0x000000052c000000, 0x000000052c000000|100%| S|CS|TAMS 0x000000052b800000| PB 0x000000052b800000| Complete |  0
| 562|0x000000052c000000, 0x000000052c800000, 0x000000052c800000|100%| S|CS|TAMS 0x000000052c000000| PB 0x000000052c000000| Complete |  0
| 563|0x000000052c800000, 0x000000052d000000, 0x000000052d000000|100%| S|CS|TAMS 0x000000052c800000| PB 0x000000052c800000| Complete |  0
| 564|0x000000052d000000, 0x000000052d000000, 0x000000052d800000|  0%| F|  |TAMS 0x000000052d000000| PB 0x000000052d000000| Untracked |  0
| 565|0x000000052d800000, 0x000000052d800000, 0x000000052e000000|  0%| F|  |TAMS 0x000000052d800000| PB 0x000000052d800000| Untracked |  0
| 566|0x000000052e000000, 0x000000052e000000, 0x000000052e800000|  0%| F|  |TAMS 0x000000052e000000| PB 0x000000052e000000| Untracked |  0
| 567|0x000000052e800000, 0x000000052e800000, 0x000000052f000000|  0%| F|  |TAMS 0x000000052e800000| PB 0x000000052e800000| Untracked |  0
| 568|0x000000052f000000, 0x000000052f000000, 0x000000052f800000|  0%| F|  |TAMS 0x000000052f000000| PB 0x000000052f000000| Untracked |  0
| 569|0x000000052f800000, 0x000000052f800000, 0x0000000530000000|  0%| F|  |TAMS 0x000000052f800000| PB 0x000000052f800000| Untracked |  0
| 570|0x0000000530000000, 0x0000000530000000, 0x0000000530800000|  0%| F|  |TAMS 0x0000000530000000| PB 0x0000000530000000| Untracked |  0
| 571|0x0000000530800000, 0x0000000530800000, 0x0000000531000000|  0%| F|  |TAMS 0x0000000530800000| PB 0x0000000530800000| Untracked |  0
| 572|0x0000000531000000, 0x0000000531000000, 0x0000000531800000|  0%| F|  |TAMS 0x0000000531000000| PB 0x0000000531000000| Untracked |  0
| 573|0x0000000531800000, 0x0000000531800000, 0x0000000532000000|  0%| F|  |TAMS 0x0000000531800000| PB 0x0000000531800000| Untracked |  0
| 574|0x0000000532000000, 0x0000000532000000, 0x0000000532800000|  0%| F|  |TAMS 0x0000000532000000| PB 0x0000000532000000| Untracked |  0
| 575|0x0000000532800000, 0x0000000532800000, 0x0000000533000000|  0%| F|  |TAMS 0x0000000532800000| PB 0x0000000532800000| Untracked |  0
| 576|0x0000000533000000, 0x0000000533000000, 0x0000000533800000|  0%| F|  |TAMS 0x0000000533000000| PB 0x0000000533000000| Untracked |  0
| 577|0x0000000533800000, 0x0000000533800000, 0x0000000534000000|  0%| F|  |TAMS 0x0000000533800000| PB 0x0000000533800000| Untracked |  0
| 578|0x0000000534000000, 0x0000000534000000, 0x0000000534800000|  0%| F|  |TAMS 0x0000000534000000| PB 0x0000000534000000| Untracked |  0
| 579|0x0000000534800000, 0x0000000534800000, 0x0000000535000000|  0%| F|  |TAMS 0x0000000534800000| PB 0x0000000534800000| Untracked |  0
| 580|0x0000000535000000, 0x0000000535000000, 0x0000000535800000|  0%| F|  |TAMS 0x0000000535000000| PB 0x0000000535000000| Untracked |  0
| 581|0x0000000535800000, 0x0000000535800000, 0x0000000536000000|  0%| F|  |TAMS 0x0000000535800000| PB 0x0000000535800000| Untracked |  0
| 582|0x0000000536000000, 0x0000000536000000, 0x0000000536800000|  0%| F|  |TAMS 0x0000000536000000| PB 0x0000000536000000| Untracked |  0
| 583|0x0000000536800000, 0x0000000536800000, 0x0000000537000000|  0%| F|  |TAMS 0x0000000536800000| PB 0x0000000536800000| Untracked |  0
| 584|0x0000000537000000, 0x0000000537000000, 0x0000000537800000|  0%| F|  |TAMS 0x0000000537000000| PB 0x0000000537000000| Untracked |  0
| 585|0x0000000537800000, 0x0000000537800000, 0x0000000538000000|  0%| F|  |TAMS 0x0000000537800000| PB 0x0000000537800000| Untracked |  0
| 586|0x0000000538000000, 0x0000000538000000, 0x0000000538800000|  0%| F|  |TAMS 0x0000000538000000| PB 0x0000000538000000| Untracked |  0
| 587|0x0000000538800000, 0x0000000538800000, 0x0000000539000000|  0%| F|  |TAMS 0x0000000538800000| PB 0x0000000538800000| Untracked |  0
| 588|0x0000000539000000, 0x0000000539000000, 0x0000000539800000|  0%| F|  |TAMS 0x0000000539000000| PB 0x0000000539000000| Untracked |  0
| 589|0x0000000539800000, 0x0000000539800000, 0x000000053a000000|  0%| F|  |TAMS 0x0000000539800000| PB 0x0000000539800000| Untracked |  0
| 590|0x000000053a000000, 0x000000053a000000, 0x000000053a800000|  0%| F|  |TAMS 0x000000053a000000| PB 0x000000053a000000| Untracked |  0
| 591|0x000000053a800000, 0x000000053a800000, 0x000000053b000000|  0%| F|  |TAMS 0x000000053a800000| PB 0x000000053a800000| Untracked |  0
| 592|0x000000053b000000, 0x000000053b000000, 0x000000053b800000|  0%| F|  |TAMS 0x000000053b000000| PB 0x000000053b000000| Untracked |  0
| 593|0x000000053b800000, 0x000000053b800000, 0x000000053c000000|  0%| F|  |TAMS 0x000000053b800000| PB 0x000000053b800000| Untracked |  0
| 594|0x000000053c000000, 0x000000053c000000, 0x000000053c800000|  0%| F|  |TAMS 0x000000053c000000| PB 0x000000053c000000| Untracked |  0
| 595|0x000000053c800000, 0x000000053c800000, 0x000000053d000000|  0%| F|  |TAMS 0x000000053c800000| PB 0x000000053c800000| Untracked |  0
| 596|0x000000053d000000, 0x000000053d000000, 0x000000053d800000|  0%| F|  |TAMS 0x000000053d000000| PB 0x000000053d000000| Untracked |  0
| 597|0x000000053d800000, 0x000000053d800000, 0x000000053e000000|  0%| F|  |TAMS 0x000000053d800000| PB 0x000000053d800000| Untracked |  0
| 598|0x000000053e000000, 0x000000053e000000, 0x000000053e800000|  0%| F|  |TAMS 0x000000053e000000| PB 0x000000053e000000| Untracked |  0
| 599|0x000000053e800000, 0x000000053e800000, 0x000000053f000000|  0%| F|  |TAMS 0x000000053e800000| PB 0x000000053e800000| Untracked |  0
| 600|0x000000053f000000, 0x000000053f000000, 0x000000053f800000|  0%| F|  |TAMS 0x000000053f000000| PB 0x000000053f000000| Untracked |  0
| 601|0x000000053f800000, 0x000000053f800000, 0x0000000540000000|  0%| F|  |TAMS 0x000000053f800000| PB 0x000000053f800000| Untracked |  0
| 602|0x0000000540000000, 0x0000000540000000, 0x0000000540800000|  0%| F|  |TAMS 0x0000000540000000| PB 0x0000000540000000| Untracked |  0
| 603|0x0000000540800000, 0x0000000540800000, 0x0000000541000000|  0%| F|  |TAMS 0x0000000540800000| PB 0x0000000540800000| Untracked |  0
| 604|0x0000000541000000, 0x0000000541000000, 0x0000000541800000|  0%| F|  |TAMS 0x0000000541000000| PB 0x0000000541000000| Untracked |  0
| 605|0x0000000541800000, 0x0000000541800000, 0x0000000542000000|  0%| F|  |TAMS 0x0000000541800000| PB 0x0000000541800000| Untracked |  0
| 606|0x0000000542000000, 0x0000000542000000, 0x0000000542800000|  0%| F|  |TAMS 0x0000000542000000| PB 0x0000000542000000| Untracked |  0
| 607|0x0000000542800000, 0x0000000542800000, 0x0000000543000000|  0%| F|  |TAMS 0x0000000542800000| PB 0x0000000542800000| Untracked |  0
| 608|0x0000000543000000, 0x0000000543000000, 0x0000000543800000|  0%| F|  |TAMS 0x0000000543000000| PB 0x0000000543000000| Untracked |  0
| 609|0x0000000543800000, 0x0000000543800000, 0x0000000544000000|  0%| F|  |TAMS 0x0000000543800000| PB 0x0000000543800000| Untracked |  0
| 610|0x0000000544000000, 0x0000000544000000, 0x0000000544800000|  0%| F|  |TAMS 0x0000000544000000| PB 0x0000000544000000| Untracked |  0
| 611|0x0000000544800000, 0x0000000544800000, 0x0000000545000000|  0%| F|  |TAMS 0x0000000544800000| PB 0x0000000544800000| Untracked |  0
| 612|0x0000000545000000, 0x0000000545000000, 0x0000000545800000|  0%| F|  |TAMS 0x0000000545000000| PB 0x0000000545000000| Untracked |  0
| 613|0x0000000545800000, 0x0000000545800000, 0x0000000546000000|  0%| F|  |TAMS 0x0000000545800000| PB 0x0000000545800000| Untracked |  0
| 614|0x0000000546000000, 0x0000000546000000, 0x0000000546800000|  0%| F|  |TAMS 0x0000000546000000| PB 0x0000000546000000| Untracked |  0
| 615|0x0000000546800000, 0x0000000546800000, 0x0000000547000000|  0%| F|  |TAMS 0x0000000546800000| PB 0x0000000546800000| Untracked |  0
| 616|0x0000000547000000, 0x0000000547000000, 0x0000000547800000|  0%| F|  |TAMS 0x0000000547000000| PB 0x0000000547000000| Untracked |  0
| 617|0x0000000547800000, 0x0000000547800000, 0x0000000548000000|  0%| F|  |TAMS 0x0000000547800000| PB 0x0000000547800000| Untracked |  0
| 618|0x0000000548000000, 0x0000000548000000, 0x0000000548800000|  0%| F|  |TAMS 0x0000000548000000| PB 0x0000000548000000| Untracked |  0
| 619|0x0000000548800000, 0x0000000548800000, 0x0000000549000000|  0%| F|  |TAMS 0x0000000548800000| PB 0x0000000548800000| Untracked |  0
| 620|0x0000000549000000, 0x0000000549000000, 0x0000000549800000|  0%| F|  |TAMS 0x0000000549000000| PB 0x0000000549000000| Untracked |  0
| 621|0x0000000549800000, 0x0000000549800000, 0x000000054a000000|  0%| F|  |TAMS 0x0000000549800000| PB 0x0000000549800000| Untracked |  0
| 622|0x000000054a000000, 0x000000054a000000, 0x000000054a800000|  0%| F|  |TAMS 0x000000054a000000| PB 0x000000054a000000| Untracked |  0
| 623|0x000000054a800000, 0x000000054a800000, 0x000000054b000000|  0%| F|  |TAMS 0x000000054a800000| PB 0x000000054a800000| Untracked |  0
| 624|0x000000054b000000, 0x000000054b000000, 0x000000054b800000|  0%| F|  |TAMS 0x000000054b000000| PB 0x000000054b000000| Untracked |  0
| 625|0x000000054b800000, 0x000000054b800000, 0x000000054c000000|  0%| F|  |TAMS 0x000000054b800000| PB 0x000000054b800000| Untracked |  0
| 626|0x000000054c000000, 0x000000054c000000, 0x000000054c800000|  0%| F|  |TAMS 0x000000054c000000| PB 0x000000054c000000| Untracked |  0
| 627|0x000000054c800000, 0x000000054c800000, 0x000000054d000000|  0%| F|  |TAMS 0x000000054c800000| PB 0x000000054c800000| Untracked |  0
| 628|0x000000054d000000, 0x000000054d000000, 0x000000054d800000|  0%| F|  |TAMS 0x000000054d000000| PB 0x000000054d000000| Untracked |  0
| 629|0x000000054d800000, 0x000000054d800000, 0x000000054e000000|  0%| F|  |TAMS 0x000000054d800000| PB 0x000000054d800000| Untracked |  0
| 630|0x000000054e000000, 0x000000054e000000, 0x000000054e800000|  0%| F|  |TAMS 0x000000054e000000| PB 0x000000054e000000| Untracked |  0
| 631|0x000000054e800000, 0x000000054e800000, 0x000000054f000000|  0%| F|  |TAMS 0x000000054e800000| PB 0x000000054e800000| Untracked |  0
| 632|0x000000054f000000, 0x000000054f000000, 0x000000054f800000|  0%| F|  |TAMS 0x000000054f000000| PB 0x000000054f000000| Untracked |  0
| 633|0x000000054f800000, 0x000000054f800000, 0x0000000550000000|  0%| F|  |TAMS 0x000000054f800000| PB 0x000000054f800000| Untracked |  0
| 634|0x0000000550000000, 0x0000000550000000, 0x0000000550800000|  0%| F|  |TAMS 0x0000000550000000| PB 0x0000000550000000| Untracked |  0
| 635|0x0000000550800000, 0x0000000550800000, 0x0000000551000000|  0%| F|  |TAMS 0x0000000550800000| PB 0x0000000550800000| Untracked |  0
| 636|0x0000000551000000, 0x0000000551000000, 0x0000000551800000|  0%| F|  |TAMS 0x0000000551000000| PB 0x0000000551000000| Untracked |  0
| 637|0x0000000551800000, 0x0000000551800000, 0x0000000552000000|  0%| F|  |TAMS 0x0000000551800000| PB 0x0000000551800000| Untracked |  0
| 638|0x0000000552000000, 0x0000000552000000, 0x0000000552800000|  0%| F|  |TAMS 0x0000000552000000| PB 0x0000000552000000| Untracked |  0
| 639|0x0000000552800000, 0x0000000552800000, 0x0000000553000000|  0%| F|  |TAMS 0x0000000552800000| PB 0x0000000552800000| Untracked |  0
| 640|0x0000000553000000, 0x0000000553000000, 0x0000000553800000|  0%| F|  |TAMS 0x0000000553000000| PB 0x0000000553000000| Untracked |  0
| 641|0x0000000553800000, 0x0000000553800000, 0x0000000554000000|  0%| F|  |TAMS 0x0000000553800000| PB 0x0000000553800000| Untracked |  0
| 642|0x0000000554000000, 0x0000000554000000, 0x0000000554800000|  0%| F|  |TAMS 0x0000000554000000| PB 0x0000000554000000| Untracked |  0
| 643|0x0000000554800000, 0x0000000554800000, 0x0000000555000000|  0%| F|  |TAMS 0x0000000554800000| PB 0x0000000554800000| Untracked |  0
| 644|0x0000000555000000, 0x0000000555000000, 0x0000000555800000|  0%| F|  |TAMS 0x0000000555000000| PB 0x0000000555000000| Untracked |  0
| 645|0x0000000555800000, 0x0000000555800000, 0x0000000556000000|  0%| F|  |TAMS 0x0000000555800000| PB 0x0000000555800000| Untracked |  0
| 646|0x0000000556000000, 0x0000000556000000, 0x0000000556800000|  0%| F|  |TAMS 0x0000000556000000| PB 0x0000000556000000| Untracked |  0
| 647|0x0000000556800000, 0x0000000556800000, 0x0000000557000000|  0%| F|  |TAMS 0x0000000556800000| PB 0x0000000556800000| Untracked |  0
| 648|0x0000000557000000, 0x0000000557000000, 0x0000000557800000|  0%| F|  |TAMS 0x0000000557000000| PB 0x0000000557000000| Untracked |  0
| 649|0x0000000557800000, 0x0000000557800000, 0x0000000558000000|  0%| F|  |TAMS 0x0000000557800000| PB 0x0000000557800000| Untracked |  0
| 650|0x0000000558000000, 0x0000000558000000, 0x0000000558800000|  0%| F|  |TAMS 0x0000000558000000| PB 0x0000000558000000| Untracked |  0
| 651|0x0000000558800000, 0x0000000558800000, 0x0000000559000000|  0%| F|  |TAMS 0x0000000558800000| PB 0x0000000558800000| Untracked |  0
| 652|0x0000000559000000, 0x0000000559000000, 0x0000000559800000|  0%| F|  |TAMS 0x0000000559000000| PB 0x0000000559000000| Untracked |  0
| 653|0x0000000559800000, 0x0000000559800000, 0x000000055a000000|  0%| F|  |TAMS 0x0000000559800000| PB 0x0000000559800000| Untracked |  0
| 654|0x000000055a000000, 0x000000055a000000, 0x000000055a800000|  0%| F|  |TAMS 0x000000055a000000| PB 0x000000055a000000| Untracked |  0
| 655|0x000000055a800000, 0x000000055a800000, 0x000000055b000000|  0%| F|  |TAMS 0x000000055a800000| PB 0x000000055a800000| Untracked |  0
| 656|0x000000055b000000, 0x000000055b000000, 0x000000055b800000|  0%| F|  |TAMS 0x000000055b000000| PB 0x000000055b000000| Untracked |  0
| 657|0x000000055b800000, 0x000000055b800000, 0x000000055c000000|  0%| F|  |TAMS 0x000000055b800000| PB 0x000000055b800000| Untracked |  0
| 658|0x000000055c000000, 0x000000055c000000, 0x000000055c800000|  0%| F|  |TAMS 0x000000055c000000| PB 0x000000055c000000| Untracked |  0
| 659|0x000000055c800000, 0x000000055c800000, 0x000000055d000000|  0%| F|  |TAMS 0x000000055c800000| PB 0x000000055c800000| Untracked |  0
| 660|0x000000055d000000, 0x000000055d000000, 0x000000055d800000|  0%| F|  |TAMS 0x000000055d000000| PB 0x000000055d000000| Untracked |  0
| 661|0x000000055d800000, 0x000000055d800000, 0x000000055e000000|  0%| F|  |TAMS 0x000000055d800000| PB 0x000000055d800000| Untracked |  0
| 662|0x000000055e000000, 0x000000055e000000, 0x000000055e800000|  0%| F|  |TAMS 0x000000055e000000| PB 0x000000055e000000| Untracked |  0
| 663|0x000000055e800000, 0x000000055e800000, 0x000000055f000000|  0%| F|  |TAMS 0x000000055e800000| PB 0x000000055e800000| Untracked |  0
| 664|0x000000055f000000, 0x000000055f000000, 0x000000055f800000|  0%| F|  |TAMS 0x000000055f000000| PB 0x000000055f000000| Untracked |  0
| 665|0x000000055f800000, 0x000000055f800000, 0x0000000560000000|  0%| F|  |TAMS 0x000000055f800000| PB 0x000000055f800000| Untracked |  0
| 666|0x0000000560000000, 0x0000000560000000, 0x0000000560800000|  0%| F|  |TAMS 0x0000000560000000| PB 0x0000000560000000| Untracked |  0
| 667|0x0000000560800000, 0x0000000560800000, 0x0000000561000000|  0%| F|  |TAMS 0x0000000560800000| PB 0x0000000560800000| Untracked |  0
| 668|0x0000000561000000, 0x0000000561000000, 0x0000000561800000|  0%| F|  |TAMS 0x0000000561000000| PB 0x0000000561000000| Untracked |  0
| 669|0x0000000561800000, 0x0000000561800000, 0x0000000562000000|  0%| F|  |TAMS 0x0000000561800000| PB 0x0000000561800000| Untracked |  0
| 670|0x0000000562000000, 0x0000000562000000, 0x0000000562800000|  0%| F|  |TAMS 0x0000000562000000| PB 0x0000000562000000| Untracked |  0
| 671|0x0000000562800000, 0x0000000562800000, 0x0000000563000000|  0%| F|  |TAMS 0x0000000562800000| PB 0x0000000562800000| Untracked |  0
| 672|0x0000000563000000, 0x0000000563000000, 0x0000000563800000|  0%| F|  |TAMS 0x0000000563000000| PB 0x0000000563000000| Untracked |  0
| 673|0x0000000563800000, 0x0000000563800000, 0x0000000564000000|  0%| F|  |TAMS 0x0000000563800000| PB 0x0000000563800000| Untracked |  0
| 674|0x0000000564000000, 0x0000000564000000, 0x0000000564800000|  0%| F|  |TAMS 0x0000000564000000| PB 0x0000000564000000| Untracked |  0
| 675|0x0000000564800000, 0x0000000564800000, 0x0000000565000000|  0%| F|  |TAMS 0x0000000564800000| PB 0x0000000564800000| Untracked |  0
| 676|0x0000000565000000, 0x0000000565000000, 0x0000000565800000|  0%| F|  |TAMS 0x0000000565000000| PB 0x0000000565000000| Untracked |  0
| 677|0x0000000565800000, 0x0000000565800000, 0x0000000566000000|  0%| F|  |TAMS 0x0000000565800000| PB 0x0000000565800000| Untracked |  0
| 678|0x0000000566000000, 0x00000005663b69b8, 0x0000000566800000| 46%| E|  |TAMS 0x0000000566000000| PB 0x0000000566000000| Complete |  0
| 679|0x0000000566800000, 0x0000000567000000, 0x0000000567000000|100%| E|CS|TAMS 0x0000000566800000| PB 0x0000000566800000| Complete |  0
| 680|0x0000000567000000, 0x0000000567800000, 0x0000000567800000|100%| E|CS|TAMS 0x0000000567000000| PB 0x0000000567000000| Complete |  0
| 681|0x0000000567800000, 0x0000000568000000, 0x0000000568000000|100%| E|CS|TAMS 0x0000000567800000| PB 0x0000000567800000| Complete |  0
| 682|0x0000000568000000, 0x0000000568800000, 0x0000000568800000|100%| E|CS|TAMS 0x0000000568000000| PB 0x0000000568000000| Complete |  0
| 683|0x0000000568800000, 0x0000000569000000, 0x0000000569000000|100%| E|CS|TAMS 0x0000000568800000| PB 0x0000000568800000| Complete |  0
| 684|0x0000000569000000, 0x0000000569800000, 0x0000000569800000|100%| E|CS|TAMS 0x0000000569000000| PB 0x0000000569000000| Complete |  0
| 685|0x0000000569800000, 0x000000056a000000, 0x000000056a000000|100%| E|CS|TAMS 0x0000000569800000| PB 0x0000000569800000| Complete |  0
| 686|0x000000056a000000, 0x000000056a800000, 0x000000056a800000|100%| E|CS|TAMS 0x000000056a000000| PB 0x000000056a000000| Complete |  0
| 687|0x000000056a800000, 0x000000056b000000, 0x000000056b000000|100%| E|CS|TAMS 0x000000056a800000| PB 0x000000056a800000| Complete |  0
| 688|0x000000056b000000, 0x000000056b800000, 0x000000056b800000|100%| E|CS|TAMS 0x000000056b000000| PB 0x000000056b000000| Complete |  0
| 689|0x000000056b800000, 0x000000056c000000, 0x000000056c000000|100%| E|CS|TAMS 0x000000056b800000| PB 0x000000056b800000| Complete |  0
| 690|0x000000056c000000, 0x000000056c800000, 0x000000056c800000|100%| E|CS|TAMS 0x000000056c000000| PB 0x000000056c000000| Complete |  0
| 691|0x000000056c800000, 0x000000056d000000, 0x000000056d000000|100%| E|  |TAMS 0x000000056c800000| PB 0x000000056c800000| Complete |  0
| 692|0x000000056d000000, 0x000000056d800000, 0x000000056d800000|100%| E|CS|TAMS 0x000000056d000000| PB 0x000000056d000000| Complete |  0
| 693|0x000000056d800000, 0x000000056e000000, 0x000000056e000000|100%| E|CS|TAMS 0x000000056d800000| PB 0x000000056d800000| Complete |  0
| 694|0x000000056e000000, 0x000000056e800000, 0x000000056e800000|100%| E|CS|TAMS 0x000000056e000000| PB 0x000000056e000000| Complete |  0
| 695|0x000000056e800000, 0x000000056f000000, 0x000000056f000000|100%| E|CS|TAMS 0x000000056e800000| PB 0x000000056e800000| Complete |  0
| 696|0x000000056f000000, 0x000000056f800000, 0x000000056f800000|100%| E|CS|TAMS 0x000000056f000000| PB 0x000000056f000000| Complete |  0
| 697|0x000000056f800000, 0x0000000570000000, 0x0000000570000000|100%| E|CS|TAMS 0x000000056f800000| PB 0x000000056f800000| Complete |  0
| 698|0x0000000570000000, 0x0000000570800000, 0x0000000570800000|100%| E|CS|TAMS 0x0000000570000000| PB 0x0000000570000000| Complete |  0
| 699|0x0000000570800000, 0x0000000571000000, 0x0000000571000000|100%| E|CS|TAMS 0x0000000570800000| PB 0x0000000570800000| Complete |  0
|1023|0x0000000612800000, 0x0000000613000000, 0x0000000613000000|100%| E|CS|TAMS 0x0000000612800000| PB 0x0000000612800000| Complete |  0

Card table byte_map: [0x000000011fec8000,0x0000000120ec8000] _byte_map_base: 0x000000011de30000

Marking Bits: (CMBitMap*) 0x00000001035dcd80
 Bits: [0x0000000126e04000, 0x000000012ee04000)

Polling page: 0x0000000102dbc000

Metaspace:
Metaspace        used 359104K, committed 362304K, reserved 1376256K
 class space     used 58969K, committed 60288K, reserved 1048576K

Usage:
  Non-class:    293.10 MB used.
      Class:     57.59 MB used.
       Both:    350.69 MB used.

Virtual space:
  Non-class space:      320.00 MB reserved,     294.94 MB ( 92%) committed,  5 nodes.
      Class space:        1.00 GB reserved,      58.88 MB (  6%) committed,  1 nodes.
             Both:        1.31 GB reserved,     353.81 MB ( 26%) committed. 

Chunk freelists:
   Non-Class:  8.79 MB
       Class:  5.14 MB
        Both:  13.93 MB

MaxMetaspaceSize: unlimited
CompressedClassSpaceSize: 1.00 GB
Initial GC threshold: 21.00 MB
Current GC threshold: 584.06 MB
CDS: on
 - commit_granule_bytes: 65536.
 - commit_granule_words: 8192.
 - virtual_space_node_default_size: 8388608.
 - enlarge_chunks_in_place: 1.
UseCompressedClassPointers 1, UseCompactObjectHeaders 0
Narrow klass pointer bits 32, Max shift 3
Narrow klass base: 0x00007ff000000000, Narrow klass shift: 0
Encoding Range: [0x00007ff000000000 - 0x00007ff100000000), (4294967296 bytes)
Klass Range:    [0x00007ff000004000 - 0x00007ff041000000), (1090502656 bytes)
Klass ID Range:  [16384 - 1090519033) (1090502649)
Protection zone: [0x00007ff000000000 - 0x00007ff000004000), (16384 bytes)


Internal statistics:

num_allocs_failed_limit: 63.
num_arena_births: 4678.
num_arena_deaths: 24.
num_vsnodes_births: 6.
num_vsnodes_deaths: 0.
num_space_committed: 5654.
num_space_uncommitted: 0.
num_chunks_returned_to_freelist: 95.
num_chunks_taken_from_freelist: 19458.
num_chunk_merges: 65.
num_chunk_splits: 13503.
num_chunks_enlarged: 10700.
num_inconsistent_stats: 0.

CodeHeap 'non-profiled nmethods': size=120032Kb used=43507Kb max_used=43507Kb free=76524Kb
 bounds [0x0000000117990000, 0x000000011a430000, 0x000000011eec8000]
CodeHeap 'profiled nmethods': size=120032Kb used=55973Kb max_used=69514Kb free=64058Kb
 bounds [0x000000010fec4000, 0x00000001144c4000, 0x00000001173fc000]
CodeHeap 'non-nmethods': size=5712Kb used=4053Kb max_used=4282Kb free=1658Kb
 bounds [0x00000001173fc000, 0x000000011785c000, 0x0000000117990000]
CodeCache: size=245776Kb, used=103533Kb, max_used=117303Kb, free=142240Kb
 total_blobs=45927, nmethods=42286, adapters=3538, full_count=0
Compilation: enabled, stopped_count=0, restarted_count=0

Compilation events (20 events):
Event: 811.608 Thread 0x0000000a94d43200 nmethod 175157 0x0000000112bfddc8 code [0x0000000112bfdec0, 0x0000000112c017f0]
Event: 811.608 Thread 0x0000000a94d43200 175160       3       kroppeb.stareval.element.tree.AccessExpressionElement::toString (17 bytes)
Event: 811.609 Thread 0x0000000a94d43200 nmethod 175160 0x00000001115586c8 code [0x00000001115587c0, 0x000000011155a520]
Event: 811.609 Thread 0x0000000a94d43200 175161       3       net.irisshaders.iris.parsing.IrisFunctions$41::getParameters (19 bytes)
Event: 811.609 Thread 0x0000000a94d43200 nmethod 175161 0x0000000111a0f648 code [0x0000000111a0f740, 0x0000000111a0fc08]
Event: 811.609 Thread 0x0000000a94d43200 175163       3       kroppeb.stareval.expression.ConstantExpression::listVariables (1 bytes)
Event: 811.609 Thread 0x0000000a94d43200 nmethod 175163 0x00000001124166c8 code [0x00000001124167c0, 0x00000001124168e0]
Event: 811.609 Thread 0x0000000a94d43200 175158       3       it.unimi.dsi.fastutil.ints.Int2ObjectOpenHashMap$MapEntry::getKey (5 bytes)
Event: 811.609 Thread 0x0000000a94d43200 nmethod 175158 0x0000000112e7a808 code [0x0000000112e7a900, 0x0000000112e7ab98]
Event: 811.609 Thread 0x0000000a94d43200 175159       3       it.unimi.dsi.fastutil.ints.Int2ObjectOpenHashMap$MapEntry::getKey (16 bytes)
Event: 811.610 Thread 0x0000000a94d43200 nmethod 175159 0x0000000111bc8448 code [0x0000000111bc8540, 0x0000000111bc8910]
Event: 811.612 Thread 0x0000000a94d42800 nmethod 175155 0x0000000118bf1348 code [0x0000000118bf1440, 0x0000000118bf1a90]
Event: 811.612 Thread 0x0000000a94d42800 175162       4       kroppeb.stareval.function.TypedFunction$Parameter::<init> (15 bytes)
Event: 811.612 Thread 0x0000000a94d42800 nmethod 175162 0x0000000118bf10c8 code [0x0000000118bf11c0, 0x0000000118bf1328]
Event: 811.670 Thread 0x0000000a94d42800 175164       4       org.apache.commons.collections4.trie.PatriciaTrie::put (7 bytes)
Event: 811.670 Thread 0x0000000a94d43200 175165       3       io.github.douira.glsl_transformer.ast.query.Root::indexBuildSession (12 bytes)
Event: 811.670 Thread 0x0000000a94d43200 nmethod 175165 0x00000001121c2108 code [0x00000001121c2200, 0x00000001121c28b0]
Event: 811.670 Thread 0x0000000a94d43200 175166       3       io.github.douira.glsl_transformer.ast.query.Root$$Lambda/0x00007ff004a2df38::<init> (10 bytes)
Event: 811.671 Thread 0x0000000a94d43200 nmethod 175166 0x0000000112c28048 code [0x0000000112c28140, 0x0000000112c28310]
Event: 811.684 Thread 0x0000000a94d42800 nmethod 175164 0x0000000118ba6a08 code [0x0000000118ba6b00, 0x0000000118ba8ac0]

GC Heap Usage History (20 events):
Event: 796.681 {heap Before GC invocations=361 (full 0):
 garbage-first heap   total reserved 8388608K, committed 5742592K, used 4389794K [0x0000000413000000, 0x0000000613000000)
  region size 8192K, 140 young (1146880K), 6 survivors (49152K)
}
Event: 796.689 {heap After GC invocations=362 (full 0):
 garbage-first heap   total reserved 8388608K, committed 5742592K, used 3292053K [0x0000000413000000, 0x0000000613000000)
  region size 8192K, 6 young (49152K), 6 survivors (49152K)
}
Event: 798.376 {heap Before GC invocations=362 (full 0):
 garbage-first heap   total reserved 8388608K, committed 5742592K, used 4389781K [0x0000000413000000, 0x0000000613000000)
  region size 8192K, 140 young (1146880K), 6 survivors (49152K)
}
Event: 798.384 {heap After GC invocations=363 (full 0):
 garbage-first heap   total reserved 8388608K, committed 5742592K, used 3293138K [0x0000000413000000, 0x0000000613000000)
  region size 8192K, 6 young (49152K), 6 survivors (49152K)
}
Event: 800.050 {heap Before GC invocations=363 (full 0):
 garbage-first heap   total reserved 8388608K, committed 5742592K, used 4390866K [0x0000000413000000, 0x0000000613000000)
  region size 8192K, 140 young (1146880K), 6 survivors (49152K)
}
Event: 800.058 {heap After GC invocations=364 (full 0):
 garbage-first heap   total reserved 8388608K, committed 5742592K, used 3293210K [0x0000000413000000, 0x0000000613000000)
  region size 8192K, 6 young (49152K), 6 survivors (49152K)
}
Event: 801.779 {heap Before GC invocations=364 (full 0):
 garbage-first heap   total reserved 8388608K, committed 5742592K, used 4390938K [0x0000000413000000, 0x0000000613000000)
  region size 8192K, 140 young (1146880K), 6 survivors (49152K)
}
Event: 801.787 {heap After GC invocations=365 (full 0):
 garbage-first heap   total reserved 8388608K, committed 5742592K, used 3294397K [0x0000000413000000, 0x0000000613000000)
  region size 8192K, 6 young (49152K), 6 survivors (49152K)
}
Event: 804.524 {heap Before GC invocations=365 (full 0):
 garbage-first heap   total reserved 8388608K, committed 5742592K, used 4965565K [0x0000000413000000, 0x0000000613000000)
  region size 8192K, 210 young (1720320K), 6 survivors (49152K)
}
Event: 804.562 {heap After GC invocations=366 (full 0):
 garbage-first heap   total reserved 8388608K, committed 5742592K, used 3294577K [0x0000000413000000, 0x0000000613000000)
  region size 8192K, 6 young (49152K), 6 survivors (49152K)
}
Event: 806.310 {heap Before GC invocations=366 (full 0):
 garbage-first heap   total reserved 8388608K, committed 5742592K, used 4384113K [0x0000000413000000, 0x0000000613000000)
  region size 8192K, 140 young (1146880K), 6 survivors (49152K)
}
Event: 806.320 {heap After GC invocations=367 (full 0):
 garbage-first heap   total reserved 8388608K, committed 5742592K, used 3301600K [0x0000000413000000, 0x0000000613000000)
  region size 8192K, 7 young (57344K), 7 survivors (57344K)
}
Event: 808.045 {heap Before GC invocations=367 (full 0):
 garbage-first heap   total reserved 8388608K, committed 5742592K, used 4391136K [0x0000000413000000, 0x0000000613000000)
  region size 8192K, 140 young (1146880K), 7 survivors (57344K)
}
Event: 808.069 {heap After GC invocations=368 (full 0):
 garbage-first heap   total reserved 8388608K, committed 5742592K, used 3302299K [0x0000000413000000, 0x0000000613000000)
  region size 8192K, 7 young (57344K), 7 survivors (57344K)
}
Event: 809.703 {heap Before GC invocations=368 (full 0):
 garbage-first heap   total reserved 8388608K, committed 5742592K, used 4391835K [0x0000000413000000, 0x0000000613000000)
  region size 8192K, 140 young (1146880K), 7 survivors (57344K)
}
Event: 809.714 {heap After GC invocations=369 (full 0):
 garbage-first heap   total reserved 8388608K, committed 5742592K, used 3303257K [0x0000000413000000, 0x0000000613000000)
  region size 8192K, 7 young (57344K), 7 survivors (57344K)
}
Event: 811.176 {heap Before GC invocations=369 (full 0):
 garbage-first heap   total reserved 8388608K, committed 5742592K, used 4384601K [0x0000000413000000, 0x0000000613000000)
  region size 8192K, 140 young (1146880K), 7 survivors (57344K)
}
Event: 811.211 {heap After GC invocations=370 (full 0):
 garbage-first heap   total reserved 8388608K, committed 5742592K, used 3314573K [0x0000000413000000, 0x0000000613000000)
  region size 8192K, 4 young (32768K), 4 survivors (32768K)
}
Event: 811.510 {heap Before GC invocations=370 (full 0):
 garbage-first heap   total reserved 8388608K, committed 5742592K, used 4420493K [0x0000000413000000, 0x0000000613000000)
  region size 8192K, 140 young (1146880K), 4 survivors (32768K)
}
Event: 811.518 {heap After GC invocations=371 (full 0):
 garbage-first heap   total reserved 8388608K, committed 5742592K, used 3332368K [0x0000000413000000, 0x0000000613000000)
  region size 8192K, 6 young (49152K), 6 survivors (49152K)
}

Metaspace Usage History (20 events):
Event: 796.681 {metaspace Before GC invocations=361 (full 0):
 Metaspace       used 359045K, committed 362240K, reserved 1376256K
  class space    used 58967K, committed 60288K, reserved 1048576K
}
Event: 796.689 {metaspace After GC invocations=362 (full 0):
 Metaspace       used 359045K, committed 362240K, reserved 1376256K
  class space    used 58967K, committed 60288K, reserved 1048576K
}
Event: 798.376 {metaspace Before GC invocations=362 (full 0):
 Metaspace       used 359046K, committed 362240K, reserved 1376256K
  class space    used 58967K, committed 60288K, reserved 1048576K
}
Event: 798.384 {metaspace After GC invocations=363 (full 0):
 Metaspace       used 359046K, committed 362240K, reserved 1376256K
  class space    used 58967K, committed 60288K, reserved 1048576K
}
Event: 800.050 {metaspace Before GC invocations=363 (full 0):
 Metaspace       used 359052K, committed 362240K, reserved 1376256K
  class space    used 58968K, committed 60288K, reserved 1048576K
}
Event: 800.058 {metaspace After GC invocations=364 (full 0):
 Metaspace       used 359052K, committed 362240K, reserved 1376256K
  class space    used 58968K, committed 60288K, reserved 1048576K
}
Event: 801.779 {metaspace Before GC invocations=364 (full 0):
 Metaspace       used 359055K, committed 362240K, reserved 1376256K
  class space    used 58968K, committed 60288K, reserved 1048576K
}
Event: 801.787 {metaspace After GC invocations=365 (full 0):
 Metaspace       used 359055K, committed 362240K, reserved 1376256K
  class space    used 58968K, committed 60288K, reserved 1048576K
}
Event: 804.524 {metaspace Before GC invocations=365 (full 0):
 Metaspace       used 359059K, committed 362240K, reserved 1376256K
  class space    used 58968K, committed 60288K, reserved 1048576K
}
Event: 804.562 {metaspace After GC invocations=366 (full 0):
 Metaspace       used 359059K, committed 362240K, reserved 1376256K
  class space    used 58968K, committed 60288K, reserved 1048576K
}
Event: 806.310 {metaspace Before GC invocations=366 (full 0):
 Metaspace       used 359063K, committed 362240K, reserved 1376256K
  class space    used 58968K, committed 60288K, reserved 1048576K
}
Event: 806.320 {metaspace After GC invocations=367 (full 0):
 Metaspace       used 359063K, committed 362240K, reserved 1376256K
  class space    used 58968K, committed 60288K, reserved 1048576K
}
Event: 808.045 {metaspace Before GC invocations=367 (full 0):
 Metaspace       used 359070K, committed 362240K, reserved 1376256K
  class space    used 58968K, committed 60288K, reserved 1048576K
}
Event: 808.069 {metaspace After GC invocations=368 (full 0):
 Metaspace       used 359070K, committed 362240K, reserved 1376256K
  class space    used 58968K, committed 60288K, reserved 1048576K
}
Event: 809.703 {metaspace Before GC invocations=368 (full 0):
 Metaspace       used 359075K, committed 362240K, reserved 1376256K
  class space    used 58968K, committed 60288K, reserved 1048576K
}
Event: 809.714 {metaspace After GC invocations=369 (full 0):
 Metaspace       used 359075K, committed 362240K, reserved 1376256K
  class space    used 58968K, committed 60288K, reserved 1048576K
}
Event: 811.176 {metaspace Before GC invocations=369 (full 0):
 Metaspace       used 359085K, committed 362304K, reserved 1376256K
  class space    used 58968K, committed 60288K, reserved 1048576K
}
Event: 811.211 {metaspace After GC invocations=370 (full 0):
 Metaspace       used 359085K, committed 362304K, reserved 1376256K
  class space    used 58968K, committed 60288K, reserved 1048576K
}
Event: 811.510 {metaspace Before GC invocations=370 (full 0):
 Metaspace       used 359094K, committed 362304K, reserved 1376256K
  class space    used 58969K, committed 60288K, reserved 1048576K
}
Event: 811.518 {metaspace After GC invocations=371 (full 0):
 Metaspace       used 359094K, committed 362304K, reserved 1376256K
  class space    used 58969K, committed 60288K, reserved 1048576K
}

Dll operation events (20 events):
Event: 0.653 Loaded shared library /Users/charlieichikowitz/Library/Application Support/ModrinthApp/meta/java_versions/zulu25.34.17-ca-jre25.0.3-macosx_aarch64/Contents/Home/lib/libmanagement.dylib
Event: 0.656 Loaded shared library /Users/charlieichikowitz/Library/Application Support/ModrinthApp/meta/java_versions/zulu25.34.17-ca-jre25.0.3-macosx_aarch64/Contents/Home/lib/libmanagement_ext.dylib
Event: 0.712 Loaded shared library /Users/charlieichikowitz/Library/Application Support/ModrinthApp/meta/java_versions/zulu25.34.17-ca-jre25.0.3-macosx_aarch64/Contents/Home/lib/libverify.dylib
Event: 1.813 Loaded shared library /Users/charlieichikowitz/Library/Application Support/ModrinthApp/meta/natives/26.2-0.19.5/jna/jna18095385337880354325.tmp
Event: 5.274 Loaded shared library /Users/charlieichikowitz/Library/Application Support/ModrinthApp/meta/natives/26.2-0.19.5/lwjgl/3.4.1-snapshot/arm64/liblwjgl.dylib
Event: 5.368 Loaded shared library /Users/charlieichikowitz/Library/Application Support/ModrinthApp/meta/natives/26.2-0.19.5/lwjgl/3.4.1-snapshot/arm64/liblwjgl_tinyfd.dylib
Event: 5.375 Loaded shared library /Users/charlieichikowitz/Library/Application Support/ModrinthApp/meta/natives/26.2-0.19.5/lwjgl/3.4.1-snapshot/arm64/liblwjgl_stb.dylib
Event: 5.396 Loaded shared library /Users/charlieichikowitz/Library/Application Support/ModrinthApp/meta/natives/26.2-0.19.5/lwjgl/3.4.1-snapshot/arm64/liblwjgl_vma.dylib
Event: 5.451 Loaded shared library /Users/charlieichikowitz/Library/Application Support/ModrinthApp/meta/natives/26.2-0.19.5/lwjgl/3.4.1-snapshot/arm64/liblwjgl_opengl.dylib
Event: 17.920 Loaded shared library /private/var/folders/97/0x7l_2j54nz3607j4cfqcp300000gn/T/libopus4j-1eb5d9e3e7c729c7d3e18224b0a53fb6/libopus4j.dylib
Event: 17.928 Loaded shared library /private/var/folders/97/0x7l_2j54nz3607j4cfqcp300000gn/T/librnnoise4j-dd0bc92191c29275673e4f820630aa49/librnnoise4j.dylib
Event: 17.939 Loaded shared library /private/var/folders/97/0x7l_2j54nz3607j4cfqcp300000gn/T/libspeex4j-f75720920af514f7fd1a458b9748f906/libspeex4j.dylib
Event: 17.946 Loaded shared library /private/var/folders/97/0x7l_2j54nz3607j4cfqcp300000gn/T/liblame4j-616f7ca627be4f4f2d2039debf359014/liblame4j.dylib
Event: 24.735 Loaded shared library /private/var/folders/97/0x7l_2j54nz3607j4cfqcp300000gn/T/libjcocoa5543961450589793598.dylib
Event: 60.813 Loaded shared library /Users/charlieichikowitz/Library/Application Support/ModrinthApp/meta/java_versions/zulu25.34.17-ca-jre25.0.3-macosx_aarch64/Contents/Home/lib/libawt.dylib
Event: 60.826 Loaded shared library /Users/charlieichikowitz/Library/Application Support/ModrinthApp/meta/java_versions/zulu25.34.17-ca-jre25.0.3-macosx_aarch64/Contents/Home/lib/libawt_lwawt.dylib
Event: 60.838 Loaded shared library /Users/charlieichikowitz/Library/Application Support/ModrinthApp/meta/java_versions/zulu25.34.17-ca-jre25.0.3-macosx_aarch64/Contents/Home/lib/libfontmanager.dylib
Event: 258.969 Loaded shared library /Users/charlieichikowitz/Library/Application Support/ModrinthApp/profiles/Ramen simple mods 1.0.3.1 1.0.0/config/spark/tmp/spark-10a1599832f9b-libasyncProfiler.so.tmp
Event: 268.822 Loaded shared library /private/var/folders/97/0x7l_2j54nz3607j4cfqcp300000gn/T/sqlite-3.53.4.0-62904f44-e7fd-4be6-9b17-de354d5f7de3-libsqlitejdbc.dylib
Event: 269.229 Loaded shared library /Users/charlieichikowitz/Library/Application Support/ModrinthApp/meta/java_versions/zulu25.34.17-ca-jre25.0.3-macosx_aarch64/Contents/Home/lib/libjsound.dylib

Deoptimization events (20 events):
Event: 811.047 Thread 0x00000001035d32d0 DEOPT PACKING pc=0x0000000119fa02f8 sp=0x000000016d0618d0
Event: 811.047 Thread 0x00000001035d32d0 DEOPT UNPACKING pc=0x00000001175106dc sp=0x000000016d061840 mode 2
Event: 811.049 Thread 0x00000001035d32d0 Uncommon trap: trap_request=0xffffff4c fr.pc=0x0000000119f5f928 relative=0x0000000000000068
Event: 811.049 Thread 0x00000001035d32d0 Uncommon trap: reason=speculate_null_assert action=make_not_entrant pc=0x0000000119f5f928 method=java.util.Objects.isNull(Ljava/lang/Object;)Z @ 1 c2
Event: 811.049 Thread 0x00000001035d32d0 DEOPT PACKING pc=0x0000000119f5f928 sp=0x000000016d061b50
Event: 811.049 Thread 0x00000001035d32d0 DEOPT UNPACKING pc=0x00000001175106dc sp=0x000000016d061a70 mode 2
Event: 811.073 Thread 0x00000001035d32d0 Uncommon trap: trap_request=0xffffff45 fr.pc=0x00000001179f5b3c relative=0x00000000000001fc
Event: 811.073 Thread 0x00000001035d32d0 Uncommon trap: reason=unstable_if action=reinterpret pc=0x00000001179f5b3c method=java.lang.StringLatin1.lastIndexOf([BI[BII)I @ 111 c2
Event: 811.073 Thread 0x00000001035d32d0 DEOPT PACKING pc=0x00000001179f5b3c sp=0x000000016d0616a0
Event: 811.073 Thread 0x00000001035d32d0 DEOPT UNPACKING pc=0x00000001175106dc sp=0x000000016d061600 mode 2
Event: 811.117 Thread 0x00000001035d32d0 DEOPT PACKING pc=0x0000000111bbde48 sp=0x000000016d0616b0
Event: 811.117 Thread 0x00000001035d32d0 DEOPT UNPACKING pc=0x00000001174390bc sp=0x000000016d061310 mode 0
Event: 811.172 Thread 0x0000000a94dce800 Uncommon trap: trap_request=0xffffffde fr.pc=0x0000000119fe4e00 relative=0x00000000000000c0
Event: 811.172 Thread 0x0000000a94dce800 Uncommon trap: reason=class_check action=maybe_recompile pc=0x0000000119fe4e00 method=org.anarres.cpp.Source.isExpanding(Lorg/anarres/cpp/Macro;)Z @ 11 c2
Event: 811.172 Thread 0x0000000a94dce800 DEOPT PACKING pc=0x0000000119fe4e00 sp=0x0000000376bbe210
Event: 811.172 Thread 0x0000000a94dce800 DEOPT UNPACKING pc=0x00000001175106dc sp=0x0000000376bbe190 mode 2
Event: 811.465 Thread 0x0000000a54be8a00 Uncommon trap: trap_request=0xffffffde fr.pc=0x0000000119fe4e00 relative=0x00000000000000c0
Event: 811.465 Thread 0x0000000a54be8a00 Uncommon trap: reason=class_check action=maybe_recompile pc=0x0000000119fe4e00 method=org.anarres.cpp.Source.isExpanding(Lorg/anarres/cpp/Macro;)Z @ 11 c2
Event: 811.465 Thread 0x0000000a54be8a00 DEOPT PACKING pc=0x0000000119fe4e00 sp=0x000000034f84a210
Event: 811.465 Thread 0x0000000a54be8a00 DEOPT UNPACKING pc=0x00000001175106dc sp=0x000000034f84a190 mode 2

Classes loaded (20 events):
Event: 357.435 Loading class sun/awt/image/ShortComponentRaster
Event: 357.435 Loading class sun/awt/image/ShortComponentRaster done
Event: 363.272 Loading class java/util/stream/ReduceOps$9
Event: 363.273 Loading class java/util/stream/ReduceOps$9 done
Event: 426.195 Loading class java/nio/file/attribute/FileTime$1
Event: 426.195 Loading class java/nio/file/attribute/FileTime$1 done
Event: 575.385 Loading class sun/nio/cs/ISO_8859_1$Decoder
Event: 575.386 Loading class sun/nio/cs/ISO_8859_1$Decoder done
Event: 575.509 Loading class java/lang/CharacterDataUndefined
Event: 575.509 Loading class java/lang/CharacterDataUndefined done
Event: 584.022 Loading class com/sun/management/internal/Flag
Event: 584.023 Loading class com/sun/management/internal/Flag done
Event: 644.701 Loading class java/text/StringBufFactory$StringBufferImpl
Event: 644.702 Loading class java/text/StringBufFactory$StringBufferImpl done
Event: 644.722 Loading class java/text/AttributedString$AttributedStringIterator
Event: 644.722 Loading class java/text/AttributedString$AttributedStringIterator done
Event: 644.723 Loading class java/text/AttributedString$AttributeMap
Event: 644.723 Loading class java/text/AttributedString$AttributeMap done
Event: 644.723 Loading class java/text/AttributeEntry
Event: 644.723 Loading class java/text/AttributeEntry done

Classes unloaded (12 events):
Event: 13.843 Thread 0x0000000a94cd1900 Unloading class 0x00007ff00242c800 'java/lang/invoke/LambdaForm$DMH+0x00007ff00242c800'
Event: 61.099 Thread 0x0000000a94cd1900 Unloading class 0x00007ff003634000 'java/lang/invoke/LambdaForm$DMH+0x00007ff003634000'
Event: 261.243 Thread 0x0000000a94cd1900 Unloading class 0x00007ff003b22800 'traben/asm_generated/EMF_ASM_Parsed_166'
Event: 261.243 Thread 0x0000000a94cd1900 Unloading class 0x00007ff003b21800 'traben/asm_generated/EMF_ASM_Parsed_164'
Event: 261.243 Thread 0x0000000a94cd1900 Unloading class 0x00007ff003b20800 'traben/asm_generated/EMF_ASM_Parsed_162'
Event: 261.243 Thread 0x0000000a94cd1900 Unloading class 0x00007ff003b1c800 'traben/asm_generated/EMF_ASM_Parsed_160'
Event: 271.366 Thread 0x0000000a94cd1900 Unloading class 0x00007ff003eecc00 'java/lang/invoke/LambdaForm$DMH+0x00007ff003eecc00'
Event: 271.366 Thread 0x0000000a94cd1900 Unloading class 0x00007ff003eec800 'java/lang/invoke/LambdaForm$DMH+0x00007ff003eec800'
Event: 271.366 Thread 0x0000000a94cd1900 Unloading class 0x00007ff003eec400 'java/lang/invoke/LambdaForm$DMH+0x00007ff003eec400'
Event: 283.092 Thread 0x0000000a94cd1900 Unloading class 0x00007ff003b19000 'traben/asm_generated/EMF_ASM_Parsed_153'
Event: 283.092 Thread 0x0000000a94cd1900 Unloading class 0x00007ff003afa000 'traben/asm_generated/EMF_ASM_Parsed_105'
Event: 283.092 Thread 0x0000000a94cd1900 Unloading class 0x00007ff003ac7800 'traben/asm_generated/EMF_ASM_Parsed_44'

Classes redefined (0 events):
No events

Internal exceptions (20 events):
Event: 807.883 Thread 0x0000000a57315400 Exception <a 'sun/nio/fs/UnixException'{0x0000000535c24558}> (0x0000000535c24558) 
thrown [src/hotspot/share/prims/jni.cpp, line 516]
Event: 807.883 Thread 0x0000000a57315400 Exception <a 'sun/nio/fs/UnixException'{0x0000000535c247b0}> (0x0000000535c247b0) 
thrown [src/hotspot/share/prims/jni.cpp, line 516]
Event: 807.883 Thread 0x0000000a57315400 Exception <a 'sun/nio/fs/UnixException'{0x0000000535c24e18}> (0x0000000535c24e18) 
thrown [src/hotspot/share/prims/jni.cpp, line 516]
Event: 807.883 Thread 0x0000000a57315400 Exception <a 'sun/nio/fs/UnixException'{0x0000000535c25070}> (0x0000000535c25070) 
thrown [src/hotspot/share/prims/jni.cpp, line 516]
Event: 807.883 Thread 0x0000000a57315400 Exception <a 'sun/nio/fs/UnixException'{0x0000000535c252c8}> (0x0000000535c252c8) 
thrown [src/hotspot/share/prims/jni.cpp, line 516]
Event: 807.883 Thread 0x0000000a57315400 Exception <a 'sun/nio/fs/UnixException'{0x0000000535c25520}> (0x0000000535c25520) 
thrown [src/hotspot/share/prims/jni.cpp, line 516]
Event: 807.883 Thread 0x0000000a57315400 Exception <a 'sun/nio/fs/UnixException'{0x0000000535c257a8}> (0x0000000535c257a8) 
thrown [src/hotspot/share/prims/jni.cpp, line 516]
Event: 807.883 Thread 0x0000000a57315400 Exception <a 'sun/nio/fs/UnixException'{0x0000000535c25a00}> (0x0000000535c25a00) 
thrown [src/hotspot/share/prims/jni.cpp, line 516]
Event: 807.883 Thread 0x0000000a57315400 Exception <a 'sun/nio/fs/UnixException'{0x0000000535c26328}> (0x0000000535c26328) 
thrown [src/hotspot/share/prims/jni.cpp, line 516]
Event: 807.883 Thread 0x0000000a57315400 Exception <a 'sun/nio/fs/UnixException'{0x0000000535c265b0}> (0x0000000535c265b0) 
thrown [src/hotspot/share/prims/jni.cpp, line 516]
Event: 807.883 Thread 0x0000000a57315400 Exception <a 'sun/nio/fs/UnixException'{0x0000000535c26808}> (0x0000000535c26808) 
thrown [src/hotspot/share/prims/jni.cpp, line 516]
Event: 807.883 Thread 0x0000000a57315400 Exception <a 'sun/nio/fs/UnixException'{0x0000000535c26a90}> (0x0000000535c26a90) 
thrown [src/hotspot/share/prims/jni.cpp, line 516]
Event: 807.883 Thread 0x0000000a57315400 Exception <a 'sun/nio/fs/UnixException'{0x0000000535c26d18}> (0x0000000535c26d18) 
thrown [src/hotspot/share/prims/jni.cpp, line 516]
Event: 807.883 Thread 0x0000000a57315400 Exception <a 'sun/nio/fs/UnixException'{0x0000000535c26f70}> (0x0000000535c26f70) 
thrown [src/hotspot/share/prims/jni.cpp, line 516]
Event: 807.883 Thread 0x0000000a57315400 Exception <a 'sun/nio/fs/UnixException'{0x0000000535c275d8}> (0x0000000535c275d8) 
thrown [src/hotspot/share/prims/jni.cpp, line 516]
Event: 807.883 Thread 0x0000000a57315400 Exception <a 'sun/nio/fs/UnixException'{0x0000000535c27830}> (0x0000000535c27830) 
thrown [src/hotspot/share/prims/jni.cpp, line 516]
Event: 807.883 Thread 0x0000000a57315400 Exception <a 'sun/nio/fs/UnixException'{0x0000000535c27a88}> (0x0000000535c27a88) 
thrown [src/hotspot/share/prims/jni.cpp, line 516]
Event: 807.883 Thread 0x0000000a57315400 Exception <a 'sun/nio/fs/UnixException'{0x0000000535c27ce0}> (0x0000000535c27ce0) 
thrown [src/hotspot/share/prims/jni.cpp, line 516]
Event: 807.883 Thread 0x0000000a57315400 Exception <a 'sun/nio/fs/UnixException'{0x0000000535c27f38}> (0x0000000535c27f38) 
thrown [src/hotspot/share/prims/jni.cpp, line 516]
Event: 807.883 Thread 0x0000000a57315400 Exception <a 'sun/nio/fs/UnixException'{0x0000000535c281c0}> (0x0000000535c281c0) 
thrown [src/hotspot/share/prims/jni.cpp, line 516]

VM Operations (20 events):
Event: 796.681 Executing safepoint VM operation: G1CollectForAllocation (G1 Evacuation Pause)
Event: 796.689 Executing safepoint VM operation: G1CollectForAllocation (G1 Evacuation Pause) done
Event: 798.376 Executing safepoint VM operation: G1CollectForAllocation (G1 Evacuation Pause)
Event: 798.384 Executing safepoint VM operation: G1CollectForAllocation (G1 Evacuation Pause) done
Event: 800.050 Executing safepoint VM operation: G1CollectForAllocation (G1 Evacuation Pause)
Event: 800.058 Executing safepoint VM operation: G1CollectForAllocation (G1 Evacuation Pause) done
Event: 801.779 Executing safepoint VM operation: G1CollectForAllocation (G1 Evacuation Pause)
Event: 801.787 Executing safepoint VM operation: G1CollectForAllocation (G1 Evacuation Pause) done
Event: 804.524 Executing safepoint VM operation: G1CollectForAllocation (G1 Evacuation Pause)
Event: 804.562 Executing safepoint VM operation: G1CollectForAllocation (G1 Evacuation Pause) done
Event: 806.310 Executing safepoint VM operation: G1CollectForAllocation (G1 Evacuation Pause)
Event: 806.321 Executing safepoint VM operation: G1CollectForAllocation (G1 Evacuation Pause) done
Event: 808.045 Executing safepoint VM operation: G1CollectForAllocation (G1 Evacuation Pause)
Event: 808.069 Executing safepoint VM operation: G1CollectForAllocation (G1 Evacuation Pause) done
Event: 809.703 Executing safepoint VM operation: G1CollectForAllocation (G1 Evacuation Pause)
Event: 809.714 Executing safepoint VM operation: G1CollectForAllocation (G1 Evacuation Pause) done
Event: 811.176 Executing safepoint VM operation: G1CollectForAllocation (G1 Evacuation Pause)
Event: 811.211 Executing safepoint VM operation: G1CollectForAllocation (G1 Evacuation Pause) done
Event: 811.510 Executing safepoint VM operation: G1CollectForAllocation (G1 Evacuation Pause)
Event: 811.518 Executing safepoint VM operation: G1CollectForAllocation (G1 Evacuation Pause) done

Memory protections (20 events):
Event: 811.458 Protecting memory [0x000000034f648000,0x000000034f654000] with protection modes 0
Event: 811.458 Protecting memory [0x000000034f854000,0x000000034f860000] with protection modes 0
Event: 811.458 Protecting memory [0x00000003769bc000,0x00000003769c8000] with protection modes 0
Event: 811.458 Protecting memory [0x0000000376bc8000,0x0000000376bd4000] with protection modes 0
Event: 811.458 Protecting memory [0x0000000376dd4000,0x0000000376de0000] with protection modes 0
Event: 811.458 Protecting memory [0x0000000376fe0000,0x0000000376fec000] with protection modes 0
Event: 811.458 Protecting memory [0x0000000377dfc000,0x0000000377e08000] with protection modes 0
Event: 811.458 Protecting memory [0x00000003791bc000,0x00000003791c8000] with protection modes 0
Event: 811.458 Protecting memory [0x00000003793c8000,0x00000003793d4000] with protection modes 0
Event: 811.458 Protecting memory [0x00000003795d4000,0x00000003795e0000] with protection modes 0
Event: 811.578 Protecting memory [0x00000003793c8000,0x00000003793d4000] with protection modes 3
Event: 811.578 Protecting memory [0x00000003769bc000,0x00000003769c8000] with protection modes 3
Event: 811.578 Protecting memory [0x0000000376fe0000,0x0000000376fec000] with protection modes 3
Event: 811.578 Protecting memory [0x0000000377dfc000,0x0000000377e08000] with protection modes 3
Event: 811.578 Protecting memory [0x000000034f648000,0x000000034f654000] with protection modes 3
Event: 811.578 Protecting memory [0x0000000376dd4000,0x0000000376de0000] with protection modes 3
Event: 811.578 Protecting memory [0x00000003795d4000,0x00000003795e0000] with protection modes 3
Event: 811.578 Protecting memory [0x000000034f854000,0x000000034f860000] with protection modes 3
Event: 811.578 Protecting memory [0x00000003791bc000,0x00000003791c8000] with protection modes 3
Event: 811.578 Protecting memory [0x0000000376bc8000,0x0000000376bd4000] with protection modes 3

Nmethod flushes (20 events):
Event: 584.912 Thread 0x0000000a94cd1900 flushing  nmethod 0x00000001140c16c8
Event: 584.912 Thread 0x0000000a94cd1900 flushing  nmethod 0x00000001140c2048
Event: 584.912 Thread 0x0000000a94cd1900 flushing  nmethod 0x00000001140c6188
Event: 584.912 Thread 0x0000000a94cd1900 flushing  nmethod 0x0000000114131688
Event: 584.912 Thread 0x0000000a94cd1900 flushing  nmethod 0x0000000114131d88
Event: 584.912 Thread 0x0000000a94cd1900 flushing  nmethod 0x0000000114132388
Event: 584.912 Thread 0x0000000a94cd1900 flushing  nmethod 0x0000000114132888
Event: 584.912 Thread 0x0000000a94cd1900 flushing  nmethod 0x0000000114132b08
Event: 584.912 Thread 0x0000000a94cd1900 flushing  nmethod 0x00000001141332c8
Event: 584.912 Thread 0x0000000a94cd1900 flushing  nmethod 0x0000000114133948
Event: 584.912 Thread 0x0000000a94cd1900 flushing  nmethod 0x0000000114135748
Event: 584.912 Thread 0x0000000a94cd1900 flushing  nmethod 0x000000011418d388
Event: 584.912 Thread 0x0000000a94cd1900 flushing  nmethod 0x000000011418d7c8
Event: 584.912 Thread 0x0000000a94cd1900 flushing  nmethod 0x00000001141913c8
Event: 584.912 Thread 0x0000000a94cd1900 flushing  nmethod 0x00000001141cac88
Event: 584.912 Thread 0x0000000a94cd1900 flushing  nmethod 0x00000001141cb088
Event: 584.912 Thread 0x0000000a94cd1900 flushing  nmethod 0x00000001141d1d88
Event: 584.912 Thread 0x0000000a94cd1900 flushing  nmethod 0x000000011421eb88
Event: 584.912 Thread 0x0000000a94cd1900 flushing  nmethod 0x000000011422fe08
Event: 584.912 Thread 0x0000000a94cd1900 flushing  nmethod 0x0000000114230e48

Events (20 events):
Event: 811.458 Thread 0x00000001035d32d0 Thread added: 0x0000000a54be8a00
Event: 811.458 Thread 0x00000001035d32d0 Thread added: 0x0000000a54bea800
Event: 811.458 Thread 0x00000001035d32d0 Thread added: 0x0000000a93e5c000
Event: 811.458 Thread 0x00000001035d32d0 Thread added: 0x0000000a94dce800
Event: 811.458 Thread 0x00000001035d32d0 Thread added: 0x0000000a90697200
Event: 811.458 Thread 0x00000001035d32d0 Thread added: 0x0000000a90695e00
Event: 811.458 Thread 0x00000001035d32d0 Thread added: 0x0000000a92469400
Event: 811.458 Thread 0x00000001035d32d0 Thread added: 0x0000000a58d94000
Event: 811.458 Thread 0x00000001035d32d0 Thread added: 0x0000000a58d95e00
Event: 811.458 Thread 0x00000001035d32d0 Thread added: 0x0000000a58d97200
Event: 811.578 Thread 0x0000000a58d95e00 Thread exited: 0x0000000a58d95e00
Event: 811.578 Thread 0x0000000a93e5c000 Thread exited: 0x0000000a93e5c000
Event: 811.578 Thread 0x0000000a90697200 Thread exited: 0x0000000a90697200
Event: 811.578 Thread 0x0000000a54bea800 Thread exited: 0x0000000a54bea800
Event: 811.578 Thread 0x0000000a54be8a00 Thread exited: 0x0000000a54be8a00
Event: 811.578 Thread 0x0000000a58d97200 Thread exited: 0x0000000a58d97200
Event: 811.578 Thread 0x0000000a58d94000 Thread exited: 0x0000000a58d94000
Event: 811.578 Thread 0x0000000a90695e00 Thread exited: 0x0000000a90695e00
Event: 811.578 Thread 0x0000000a94dce800 Thread exited: 0x0000000a94dce800
Event: 811.578 Thread 0x0000000a92469400 Thread exited: 0x0000000a92469400


Dynamic libraries:
0x0000000102dd4000 	/Users/charlieichikowitz/Library/Application Support/ModrinthApp/meta/java_versions/zulu25.34.17-ca-jre25.0.3-macosx_aarch64/Contents/Home/lib/libjli.dylib
0x00000001aa5b8000 	/System/Library/Frameworks/ApplicationServices.framework/Versions/A/ApplicationServices
0x00000001946a8000 	/System/Library/Frameworks/CoreGraphics.framework/Versions/A/CoreGraphics
0x0000000190826000 	/System/Library/Frameworks/CoreText.framework/Versions/A/CoreText
0x000000019aa3f000 	/System/Library/Frameworks/ImageIO.framework/Versions/A/ImageIO
0x0000000194dfe000 	/System/Library/Frameworks/ColorSync.framework/Versions/A/ColorSync
0x00000001a199a000 	/System/Library/Frameworks/ApplicationServices.framework/Versions/A/Frameworks/ATS.framework/Versions/A/ATS
0x00000001a5ede000 	/System/Library/Frameworks/CoreServices.framework/Versions/A/CoreServices
0x0000000194fa6000 	/System/Library/Frameworks/ApplicationServices.framework/Versions/A/Frameworks/HIServices.framework/Versions/A/HIServices
0x00000001a0068000 	/System/Library/Frameworks/ApplicationServices.framework/Versions/A/Frameworks/PrintCore.framework/Versions/A/PrintCore
0x00000001a1d53000 	/System/Library/Frameworks/ApplicationServices.framework/Versions/A/Frameworks/QD.framework/Versions/A/QD
0x00000001a1d4e000 	/System/Library/Frameworks/ApplicationServices.framework/Versions/A/Frameworks/ColorSyncLegacy.framework/Versions/A/ColorSyncLegacy
0x00000001a196c000 	/System/Library/Frameworks/ApplicationServices.framework/Versions/A/Frameworks/SpeechSynthesis.framework/Versions/A/SpeechSynthesis
0x000000019d75a000 	/usr/lib/libSystem.B.dylib
0x00000001940f1000 	/System/Library/PrivateFrameworks/SkyLight.framework/Versions/A/SkyLight
0x00000001957e8000 	/System/Library/PrivateFrameworks/ProtocolBuffer.framework/Versions/A/ProtocolBuffer
0x000000019d75e000 	/System/Library/PrivateFrameworks/SoftLinking.framework/Versions/A/SoftLinking
0x0000000191606000 	/usr/lib/libicucore.A.dylib
0x0000000197495000 	/System/Library/PrivateFrameworks/CoreAnalytics.framework/Versions/A/CoreAnalytics
0x000000019a41a000 	/System/Library/PrivateFrameworks/FontServices.framework/libFontParser.dylib
0x00000001a615d000 	/System/Library/Frameworks/Accelerate.framework/Versions/A/Accelerate
0x0000000199f4c000 	/System/Library/Frameworks/IOSurface.framework/Versions/A/IOSurface
0x00000001981d8000 	/usr/lib/libxml2.2.dylib
0x0000000193c62000 	/System/Library/Frameworks/CFNetwork.framework/Versions/A/CFNetwork
0x000000018d93f000 	/System/Library/Frameworks/CoreFoundation.framework/Versions/A/CoreFoundation
0x000000018f1ae000 	/System/Library/Frameworks/Foundation.framework/Versions/C/Foundation
0x000000019d6a4000 	/usr/lib/libz.1.dylib
0x000000018d48c000 	/usr/lib/libobjc.A.dylib
0x000000018d80f000 	/usr/lib/libc++.1.dylib
0x00000001911e6000 	/System/Library/Frameworks/Security.framework/Versions/A/Security
0x0000000246a7f000 	/System/Library/PrivateFrameworks/CollectionsInternal.framework/Versions/A/CollectionsInternal
0x00000001a104f000 	/usr/lib/swift/libswiftCore.dylib
0x00000001bb318000 	/usr/lib/swift/libswiftCoreFoundation.dylib
0x00000001a7c55000 	/usr/lib/swift/libswiftDispatch.dylib
0x00000001bb379000 	/usr/lib/swift/libswiftIOKit.dylib
0x00000001aac2f000 	/usr/lib/swift/libswiftObjectiveC.dylib
0x00000001bb32b000 	/usr/lib/swift/libswiftXPC.dylib
0x000000029300e000 	/usr/lib/swift/libswift_Builtin_float.dylib
0x000000024373b000 	/System/Library/PrivateFrameworks/BiomeLibrary.framework/Versions/A/BiomeLibrary
0x0000000195a8a000 	/System/Library/PrivateFrameworks/BaseBoard.framework/Versions/A/BaseBoard
0x00000001a7fb6000 	/System/Library/PrivateFrameworks/BoardServices.framework/Versions/A/BoardServices
0x00000001a9e85000 	/System/Library/PrivateFrameworks/BackBoardServices.framework/Versions/A/BackBoardServices
0x0000000243640000 	/System/Library/PrivateFrameworks/BackBoardHIDEventFoundation.framework/Versions/A/BackBoardHIDEventFoundation
0x00000001982bf000 	/System/Library/Frameworks/CoreVideo.framework/Versions/A/CoreVideo
0x00000001974c5000 	/usr/lib/libDiagnosticMessagesClient.dylib
0x0000000190342000 	/System/Library/Frameworks/CoreDisplay.framework/Versions/A/CoreDisplay
0x000000019c9ad000 	/usr/lib/libbsm.0.dylib
0x000000019f9c1000 	/System/Library/Frameworks/VideoToolbox.framework/Versions/A/VideoToolbox
0x000000019d9fd000 	/System/Library/Frameworks/MetalPerformanceShaders.framework/Versions/A/MetalPerformanceShaders
0x000000019c65c000 	/System/Library/PrivateFrameworks/IOMobileFramebuffer.framework/Versions/A/IOMobileFramebuffer
0x00000002719cf000 	/System/Library/PrivateFrameworks/ProDisplayLibrary.framework/Versions/A/ProDisplayLibrary
0x00000001adcba000 	/System/Library/PrivateFrameworks/IOSurfaceAccelerator.framework/Versions/A/IOSurfaceAccelerator
0x0000000195b7c000 	/System/Library/PrivateFrameworks/RunningBoardServices.framework/Versions/A/RunningBoardServices
0x000000018ee1d000 	/System/Library/Frameworks/SystemConfiguration.framework/Versions/A/SystemConfiguration
0x0000000199f74000 	/System/Library/Frameworks/Metal.framework/Versions/A/Metal
0x0000000199f69000 	/System/Library/PrivateFrameworks/IOAccelerator.framework/Versions/A/IOAccelerator
0x000000019a278000 	/System/Library/Frameworks/CoreMedia.framework/Versions/A/CoreMedia
0x00000001940cd000 	/System/Library/PrivateFrameworks/TCC.framework/Versions/A/TCC
0x0000000194035000 	/usr/lib/libMobileGestalt.dylib
0x000000019f979000 	/System/Library/PrivateFrameworks/WatchdogClient.framework/Versions/A/WatchdogClient
0x00000001979ef000 	/System/Library/Frameworks/QuartzCore.framework/Versions/A/QuartzCore
0x0000000191c5e000 	/System/Library/Frameworks/IOKit.framework/Versions/A/IOKit
0x000000019da05000 	/usr/lib/libcompression.dylib
0x000000019f97b000 	/System/Library/PrivateFrameworks/MultitouchSupport.framework/Versions/A/MultitouchSupport
0x00000001d31bc000 	/usr/lib/swift/libswiftAccelerate.dylib
0x00000001bb2f8000 	/usr/lib/swift/libswiftCoreAudio.dylib
0x00000001d734d000 	/usr/lib/swift/libswiftCoreMedia.dylib
0x00000001c92ee000 	/usr/lib/swift/libswiftMetal.dylib
0x00000001d8b00000 	/usr/lib/swift/libswiftOSLog.dylib
0x00000001ce714000 	/usr/lib/swift/libswiftQuartzCore.dylib
0x00000001d31ac000 	/usr/lib/swift/libswiftUniformTypeIdentifiers.dylib
0x0000000292ff6000 	/usr/lib/swift/libswiftVideoToolbox.dylib
0x00000001aac33000 	/usr/lib/swift/libswiftos.dylib
0x00000001bee72000 	/usr/lib/swift/libswiftsimd.dylib
0x00000001ca361000 	/System/Library/PrivateFrameworks/BiomeStreams.framework/Versions/A/BiomeStreams
0x00000001d066f000 	/System/Library/PrivateFrameworks/BiomeStorage.framework/Versions/A/BiomeStorage
0x00000001c63b0000 	/System/Library/PrivateFrameworks/BiomeFoundation.framework/Versions/A/BiomeFoundation
0x000000025fe80000 	/System/Library/PrivateFrameworks/IntelligencePlatformLibrary.framework/Versions/A/IntelligencePlatformLibrary
0x0000000195804000 	/usr/lib/libsqlite3.dylib
0x0000000270793000 	/System/Library/PrivateFrameworks/PoirotSchematizer.framework/Versions/A/PoirotSchematizer
0x0000000243ff6000 	/System/Library/PrivateFrameworks/BiomeSync.framework/Versions/A/BiomeSync
0x0000000243721000 	/System/Library/PrivateFrameworks/BiomeDSL.framework/Versions/A/BiomeDSL
0x00000001d060e000 	/System/Library/PrivateFrameworks/BiomePubSub.framework/Versions/A/BiomePubSub
0x00000001bb1d8000 	/System/Library/PrivateFrameworks/LoggingSupport.framework/Versions/A/LoggingSupport
0x00000001abb9a000 	/System/Library/PrivateFrameworks/ProactiveSupport.framework/Versions/A/ProactiveSupport
0x00000001e97c9000 	/System/Library/PrivateFrameworks/FeatureFlags.framework/Versions/A/FeatureFlags
0x00000001e15be000 	/System/Library/PrivateFrameworks/InternalSwiftProtobuf.framework/Versions/A/InternalSwiftProtobuf
0x0000000270801000 	/System/Library/PrivateFrameworks/PoirotUDFs.framework/Versions/A/PoirotUDFs
0x000000029313f000 	/usr/lib/swift/libswift_StringProcessing.dylib
0x000000019d754000 	/usr/lib/system/libcache.dylib
0x000000019d70f000 	/usr/lib/system/libcommonCrypto.dylib
0x000000019d73a000 	/usr/lib/system/libcompiler_rt.dylib
0x000000019d72f000 	/usr/lib/system/libcopyfile.dylib
0x000000018d642000 	/usr/lib/system/libcorecrypto.dylib
0x000000018d742000 	/usr/lib/system/libdispatch.dylib
0x000000018d4df000 	/usr/lib/system/libdyld.dylib
0x000000019d74a000 	/usr/lib/system/libkeymgr.dylib
0x000000019d6f2000 	/usr/lib/system/libmacho.dylib
0x000000019c985000 	/usr/lib/system/libquarantine.dylib
0x000000019d747000 	/usr/lib/system/libremovefile.dylib
0x00000001940b5000 	/usr/lib/system/libsystem_asl.dylib
0x000000018d5c8000 	/usr/lib/system/libsystem_blocks.dylib
0x000000018d78d000 	/usr/lib/system/libsystem_c.dylib
0x000000019d73e000 	/usr/lib/system/libsystem_collections.dylib
0x000000019b325000 	/usr/lib/system/libsystem_configuration.dylib
0x0000000199f13000 	/usr/lib/system/libsystem_containermanager.dylib
0x000000019d124000 	/usr/lib/system/libsystem_coreservices.dylib
0x00000001918dc000 	/usr/lib/system/libsystem_darwin.dylib
0x0000000293330000 	/usr/lib/system/libsystem_darwindirectory.dylib
0x000000019d74b000 	/usr/lib/system/libsystem_dnssd.dylib
0x0000000293334000 	/usr/lib/system/libsystem_eligibility.dylib
0x000000018d78a000 	/usr/lib/system/libsystem_featureflags.dylib
0x000000018d90f000 	/usr/lib/system/libsystem_info.dylib
0x000000019d6b3000 	/usr/lib/system/libsystem_m.dylib
0x000000018d6f1000 	/usr/lib/system/libsystem_malloc.dylib
0x0000000194018000 	/usr/lib/system/libsystem_networkextension.dylib
0x0000000191d47000 	/usr/lib/system/libsystem_notify.dylib
0x000000019b32a000 	/usr/lib/system/libsystem_sandbox.dylib
0x000000029333f000 	/usr/lib/system/libsystem_sanitizers.dylib
0x000000019d743000 	/usr/lib/system/libsystem_secinit.dylib
0x000000018d8bb000 	/usr/lib/system/libsystem_kernel.dylib
0x000000018d906000 	/usr/lib/system/libsystem_platform.dylib
0x000000018d8f9000 	/usr/lib/system/libsystem_pthread.dylib
0x0000000195c6e000 	/usr/lib/system/libsystem_symptoms.dylib
0x000000018d621000 	/usr/lib/system/libsystem_trace.dylib
0x0000000293347000 	/usr/lib/system/libsystem_trial.dylib
0x000000019d71d000 	/usr/lib/system/libunwind.dylib
0x000000018d5cc000 	/usr/lib/system/libxpc.dylib
0x000000018d8a0000 	/usr/lib/libc++abi.dylib
0x000000029171d000 	/usr/lib/libRosetta.dylib
0x0000000292b99000 	/usr/lib/libswiftPrespecialized.dylib
0x000000019818f000 	/System/Library/PrivateFrameworks/CoreAutoLayout.framework/Versions/A/CoreAutoLayout
0x000000019d75c000 	/usr/lib/libfakelink.dylib
0x00000001975c0000 	/System/Library/Frameworks/DiskArbitration.framework/Versions/A/DiskArbitration
0x000000019d7af000 	/usr/lib/libarchive.2.dylib
0x000000019b338000 	/usr/lib/liblangid.dylib
0x00000001a3b50000 	/System/Library/Frameworks/Combine.framework/Versions/A/Combine
0x0000000272ac5000 	/System/Library/PrivateFrameworks/ReflectionInternal.framework/Versions/A/ReflectionInternal
0x0000000273a19000 	/System/Library/PrivateFrameworks/RuntimeInternal.framework/Versions/A/RuntimeInternal
0x00000001b80db000 	/usr/lib/swift/libswiftDarwin.dylib
0x0000000292fdc000 	/usr/lib/swift/libswiftSystem.dylib
0x000000029300f000 	/usr/lib/swift/libswift_Concurrency.dylib
0x000000029309b000 	/usr/lib/swift/libswift_DarwinFoundation1.dylib
0x0000000191bde000 	/System/Library/PrivateFrameworks/CoreServicesInternal.framework/Versions/A/CoreServicesInternal
0x000000019d727000 	/usr/lib/liboah.dylib
0x00000001aa063000 	/System/Library/PrivateFrameworks/DiskImages.framework/Versions/A/DiskImages
0x00000001b7b7f000 	/System/Library/Frameworks/NetFS.framework/Versions/A/NetFS
0x0000000198154000 	/System/Library/Frameworks/CoreServices.framework/Versions/A/Frameworks/FSEvents.framework/Versions/A/FSEvents
0x00000001918e6000 	/System/Library/Frameworks/CoreServices.framework/Versions/A/Frameworks/CarbonCore.framework/Versions/A/CarbonCore
0x0000000197534000 	/System/Library/Frameworks/CoreServices.framework/Versions/A/Frameworks/Metadata.framework/Versions/A/Metadata
0x000000019d12b000 	/System/Library/Frameworks/CoreServices.framework/Versions/A/Frameworks/OSServices.framework/Versions/A/OSServices
0x000000019d8a7000 	/System/Library/Frameworks/CoreServices.framework/Versions/A/Frameworks/SearchKit.framework/Versions/A/SearchKit
0x0000000195be8000 	/System/Library/Frameworks/CoreServices.framework/Versions/A/Frameworks/AE.framework/Versions/A/AE
0x000000018de9e000 	/System/Library/Frameworks/CoreServices.framework/Versions/A/Frameworks/LaunchServices.framework/Versions/A/LaunchServices
0x000000019ecb0000 	/System/Library/Frameworks/CoreServices.framework/Versions/A/Frameworks/DictionaryServices.framework/Versions/A/DictionaryServices
0x0000000198161000 	/System/Library/Frameworks/CoreServices.framework/Versions/A/Frameworks/SharedFileList.framework/Versions/A/SharedFileList
0x000000019d93a000 	/usr/lib/libapple_nghttp2.dylib
0x00000001959ed000 	/System/Library/Frameworks/Accounts.framework/Versions/A/Accounts
0x00000001aa2a5000 	/System/Library/PrivateFrameworks/AppSupport.framework/Versions/A/AppSupport
0x00000001ba0ca000 	/System/Library/Frameworks/AVFoundation.framework/Versions/A/AVFoundation
0x00000001a1d8a000 	/System/Library/Frameworks/GSS.framework/Versions/A/GSS
0x00000001a0172000 	/System/Library/PrivateFrameworks/InternationalSupport.framework/Versions/A/InternationalSupport
0x00000001aabb7000 	/System/Library/PrivateFrameworks/StreamingZip.framework/Versions/A/StreamingZip
0x0000000194033000 	/usr/lib/libenergytrace.dylib
0x0000000195c77000 	/System/Library/Frameworks/Network.framework/Versions/A/Network
0x000000019d6f6000 	/usr/lib/system/libkxld.dylib
0x0000000242051000 	/System/Library/PrivateFrameworks/AppleKeyStore.framework/Versions/A/AppleKeyStore
0x000000029141f000 	/usr/lib/libCoreEntitlements.dylib
0x0000000267191000 	/System/Library/PrivateFrameworks/MessageSecurity.framework/Versions/A/MessageSecurity
0x00000001a7064000 	/System/Library/PrivateFrameworks/SymptomDiagnosticReporter.framework/Versions/A/SymptomDiagnosticReporter
0x000000019eef5000 	/System/Library/PrivateFrameworks/CrashReporterSupport.framework/Versions/A/CrashReporterSupport
0x000000019d10b000 	/System/Library/PrivateFrameworks/AppleFSCompression.framework/Versions/A/AppleFSCompression
0x000000019c995000 	/usr/lib/libcoretls.dylib
0x000000019ed26000 	/usr/lib/libcoretls_cfhelpers.dylib
0x000000019d9ff000 	/usr/lib/libpam.2.dylib
0x000000019ed9c000 	/usr/lib/libxar.1.dylib
0x000000019ed28000 	/System/Library/PrivateFrameworks/APFS.framework/Versions/A/APFS
0x000000027f19f000 	/System/Library/PrivateFrameworks/SwiftASN1Internal.framework/Versions/A/SwiftASN1Internal
0x000000019edab000 	/usr/lib/libutil.dylib
0x000000019b333000 	/System/Library/PrivateFrameworks/AppleSystemInfo.framework/Versions/A/AppleSystemInfo
0x00000001a99c3000 	/System/Library/PrivateFrameworks/CoreWiFi.framework/Versions/A/CoreWiFi
0x00000001a1ded000 	/System/Library/PrivateFrameworks/MobileAsset.framework/Versions/A/MobileAsset
0x00000001a7074000 	/System/Library/PrivateFrameworks/PowerLog.framework/Versions/A/PowerLog
0x00000001a8536000 	/System/Library/PrivateFrameworks/Rapport.framework/Versions/A/Rapport
0x000000023abfa000 	/System/Library/Frameworks/SwiftData.framework/Versions/A/SwiftData
0x0000000193696000 	/System/Library/Frameworks/UniformTypeIdentifiers.framework/Versions/A/UniformTypeIdentifiers
0x0000000198381000 	/System/Library/PrivateFrameworks/UserManagement.framework/Versions/A/UserManagement
0x0000000193b89000 	/usr/lib/libboringssl.dylib
0x0000000195c5c000 	/usr/lib/libdns_services.dylib
0x00000001ba1fe000 	/usr/lib/libquic.dylib
0x00000001a0fe0000 	/usr/lib/libusrtcp.dylib
0x0000000242f0b000 	/System/Library/PrivateFrameworks/AtomicsInternal.framework/Versions/A/AtomicsInternal
0x0000000292e63000 	/usr/lib/swift/libswiftDistributed.dylib
0x0000000292e8c000 	/usr/lib/swift/libswiftObservation.dylib
0x0000000292fc8000 	/usr/lib/swift/libswiftSynchronization.dylib
0x000000019b331000 	/System/Library/PrivateFrameworks/AggregateDictionary.framework/Versions/A/AggregateDictionary
0x00000001953fa000 	/System/Library/Frameworks/CoreData.framework/Versions/A/CoreData
0x000000023cc58000 	/System/Library/Frameworks/_LocationEssentials.framework/Versions/A/_LocationEssentials
0x000000019ed07000 	/usr/lib/liblzma.5.dylib
0x000000019c88e000 	/System/Library/PrivateFrameworks/MobileKeyBag.framework/Versions/A/MobileKeyBag
0x00000001aa5b9000 	/System/Library/PrivateFrameworks/InternationalTextSearch.framework/Versions/A/InternationalTextSearch
0x00000001c2883000 	/System/Library/PrivateFrameworks/SoftwareUpdateCoreSupport.framework/Versions/A/SoftwareUpdateCoreSupport
0x00000001cae00000 	/System/Library/PrivateFrameworks/SoftwareUpdateCoreConnect.framework/Versions/A/SoftwareUpdateCoreConnect
0x00000001aa15d000 	/System/Library/PrivateFrameworks/RemoteServiceDiscovery.framework/Versions/A/RemoteServiceDiscovery
0x00000001c245a000 	/System/Library/PrivateFrameworks/MSUDataAccessor.framework/Versions/A/MSUDataAccessor
0x00000001bd3ab000 	/usr/lib/libbootpolicy.dylib
0x00000001aa174000 	/System/Library/PrivateFrameworks/RemoteXPC.framework/Versions/A/RemoteXPC
0x00000001ca235000 	/usr/lib/libFDR.dylib
0x00000001d0210000 	/usr/lib/libamsupport.dylib
0x0000000291715000 	/usr/lib/libReverseProxyDevice.dylib
0x00000002418bf000 	/System/Library/PrivateFrameworks/AppleDeviceQuerySupport.framework/Versions/A/AppleDeviceQuerySupport
0x00000001d33da000 	/usr/lib/libpartition2_dynamic.dylib
0x000000019d916000 	/System/Library/PrivateFrameworks/AppleSauce.framework/Versions/A/AppleSauce
0x00000002912ca000 	/usr/lib/libAppleArchive.dylib
0x000000019d117000 	/usr/lib/libbz2.1.0.dylib
0x00000001975ca000 	/System/Library/Frameworks/Accelerate.framework/Versions/A/Frameworks/vImage.framework/Versions/A/vImage
0x00000001a5eb9000 	/System/Library/Frameworks/Accelerate.framework/Versions/A/Frameworks/vecLib.framework/Versions/A/vecLib
0x000000019ede2000 	/System/Library/Frameworks/Accelerate.framework/Versions/A/Frameworks/vecLib.framework/Versions/A/libvMisc.dylib
0x000000018e3a2000 	/System/Library/Frameworks/Accelerate.framework/Versions/A/Frameworks/vecLib.framework/Versions/A/libBLAS.dylib
0x000000023364d000 	/System/Library/Frameworks/OpenGL.framework/Versions/A/OpenGL
0x0000000255ad0000 	/System/Library/PrivateFrameworks/GPUCompiler.framework/Versions/32023/Libraries/libllvm-flatbuffers.dylib
0x000000025052f000 	/System/Library/PrivateFrameworks/FramePacing.framework/Versions/A/FramePacing
0x000000023363f000 	/System/Library/Frameworks/OpenGL.framework/Versions/A/Libraries/libCoreFSCache.dylib
0x000000025165d000 	/System/Library/PrivateFrameworks/GPUCompiler.framework/Versions/32023/Libraries/libGPUCompilerUtils.dylib
0x000000023369e000 	/System/Library/Frameworks/OpenGL.framework/Versions/A/Libraries/libGLU.dylib
0x0000000233661000 	/System/Library/Frameworks/OpenGL.framework/Versions/A/Libraries/libGFXShared.dylib
0x000000023382e000 	/System/Library/Frameworks/OpenGL.framework/Versions/A/Libraries/libGL.dylib
0x000000023366a000 	/System/Library/Frameworks/OpenGL.framework/Versions/A/Libraries/libGLImage.dylib
0x000000023365e000 	/System/Library/Frameworks/OpenGL.framework/Versions/A/Libraries/libCVMSPluginSupport.dylib
0x0000000233647000 	/System/Library/Frameworks/OpenGL.framework/Versions/A/Libraries/libCoreVMClient.dylib
0x000000019c4ea000 	/System/Library/Frameworks/Accelerate.framework/Versions/A/Frameworks/vecLib.framework/Versions/A/libvDSP.dylib
0x000000019dadf000 	/System/Library/Frameworks/Accelerate.framework/Versions/A/Frameworks/vecLib.framework/Versions/A/libLAPACK.dylib
0x000000019ca21000 	/System/Library/Frameworks/Accelerate.framework/Versions/A/Frameworks/vecLib.framework/Versions/A/libLinearAlgebra.dylib
0x000000019d953000 	/System/Library/Frameworks/Accelerate.framework/Versions/A/Frameworks/vecLib.framework/Versions/A/libSparseBLAS.dylib
0x000000019dada000 	/System/Library/Frameworks/Accelerate.framework/Versions/A/Frameworks/vecLib.framework/Versions/A/libQuadrature.dylib
0x000000019b461000 	/System/Library/Frameworks/Accelerate.framework/Versions/A/Frameworks/vecLib.framework/Versions/A/libBNNS.dylib
0x000000018ecad000 	/System/Library/Frameworks/Accelerate.framework/Versions/A/Frameworks/vecLib.framework/Versions/A/libSparse.dylib
0x0000000261f30000 	/System/Library/PrivateFrameworks/MIL.framework/Versions/A/MIL
0x00000001cd258000 	/System/Library/PrivateFrameworks/OSAnalytics.framework/Versions/A/OSAnalytics
0x000000024e195000 	/System/Library/PrivateFrameworks/DeviceRecovery.framework/Versions/A/DeviceRecovery
0x00000001a83cf000 	/System/Library/PrivateFrameworks/CoreSymbolication.framework/Versions/A/CoreSymbolication
0x00000001dcc16000 	/System/Library/PrivateFrameworks/Symbolication.framework/Versions/A/Symbolication
0x00000001a83ad000 	/System/Library/PrivateFrameworks/DebugSymbols.framework/Versions/A/DebugSymbols
0x00000001bb267000 	/System/Library/PrivateFrameworks/MallocStackLogging.framework/Versions/A/MallocStackLogging
0x00000002930a0000 	/usr/lib/swift/libswift_RegexParser.dylib
0x00000001a3c44000 	/System/Library/PrivateFrameworks/GeoServices.framework/Versions/A/GeoServices
0x00000001a166b000 	/System/Library/PrivateFrameworks/LocationSupport.framework/Versions/A/LocationSupport
0x00000001a6f59000 	/System/Library/Frameworks/CoreBluetooth.framework/Versions/A/CoreBluetooth
0x000000025968a000 	/System/Library/PrivateFrameworks/GeoServicesCore.framework/Versions/A/GeoServicesCore
0x00000001b3e8e000 	/System/Library/PrivateFrameworks/PhoneNumbers.framework/Versions/A/PhoneNumbers
0x00000001a1f64000 	/System/Library/PrivateFrameworks/CorePhoneNumbers.framework/Versions/A/CorePhoneNumbers
0x000000019d794000 	/usr/lib/libiconv.2.dylib
0x000000019d6f1000 	/usr/lib/libcharset.1.dylib
0x00000002356ca000 	/System/Library/Frameworks/ExtensionFoundation.framework/Versions/A/ExtensionFoundation
0x000000019f3d0000 	/System/Library/PrivateFrameworks/AppServerSupport.framework/Versions/A/AppServerSupport
0x000000026c203000 	/System/Library/PrivateFrameworks/OSEligibility.framework/Versions/A/OSEligibility
0x000000019f1d2000 	/System/Library/PrivateFrameworks/IconServices.framework/Versions/A/IconServices
0x0000000236ab1000 	/System/Library/Frameworks/LightweightCodeRequirements.framework/Versions/A/LightweightCodeRequirements
0x000000019f04c000 	/System/Library/PrivateFrameworks/PlugInKit.framework/Versions/A/PlugInKit
0x000000019c8a6000 	/System/Library/PrivateFrameworks/AssertionServices.framework/Versions/A/AssertionServices
0x000000019f773000 	/System/Library/PrivateFrameworks/AppleJPEG.framework/Versions/A/AppleJPEG
0x000000019f14c000 	/usr/lib/libexpat.1.dylib
0x000000019ff3e000 	/System/Library/Frameworks/ImageIO.framework/Versions/A/Resources/libPng.dylib
0x000000019ff69000 	/System/Library/Frameworks/ImageIO.framework/Versions/A/Resources/libTIFF.dylib
0x00000001a0051000 	/System/Library/Frameworks/ImageIO.framework/Versions/A/Resources/libGIF.dylib
0x000000019f7b8000 	/System/Library/Frameworks/ImageIO.framework/Versions/A/Resources/libJP2.dylib
0x000000019ee5c000 	/usr/lib/libate.dylib
0x000000019fff8000 	/System/Library/Frameworks/ImageIO.framework/Versions/A/Resources/libJPEG.dylib
0x000000019ffef000 	/System/Library/Frameworks/ImageIO.framework/Versions/A/Resources/libRadiance.dylib
0x000000029309e000 	/usr/lib/swift/libswift_DarwinFoundation2.dylib
0x000000029309f000 	/usr/lib/swift/libswift_DarwinFoundation3.dylib
0x000000019f171000 	/System/Library/PrivateFrameworks/IconFoundation.framework/Versions/A/IconFoundation
0x000000025ca0c000 	/System/Library/PrivateFrameworks/IconRendering.framework/Versions/A/IconRendering
0x0000000197e56000 	/System/Library/PrivateFrameworks/CoreUI.framework/Versions/A/CoreUI
0x000000019ad80000 	/System/Library/Frameworks/CoreImage.framework/Versions/A/CoreImage
0x0000000273bfe000 	/System/Library/PrivateFrameworks/SFSymbols.framework/Versions/A/SFSymbols
0x0000000235580000 	/System/Library/Frameworks/DeveloperToolsSupport.framework/Versions/A/DeveloperToolsSupport
0x00000001b2256000 	/System/Library/PrivateFrameworks/RenderBox.framework/Versions/A/RenderBox
0x000000019aa01000 	/System/Library/PrivateFrameworks/CoreSVG.framework/Versions/A/CoreSVG
0x00000001a00db000 	/System/Library/PrivateFrameworks/TextureIO.framework/Versions/A/TextureIO
0x00000001bb378000 	/usr/lib/swift/libswiftCoreImage.dylib
0x000000019f380000 	/System/Library/PrivateFrameworks/GraphVisualizer.framework/Versions/A/GraphVisualizer
0x000000025043a000 	/System/Library/PrivateFrameworks/FontServices.framework/Versions/A/FontServices
0x000000019f390000 	/System/Library/PrivateFrameworks/OTSVG.framework/Versions/A/OTSVG
0x0000000197e05000 	/System/Library/Frameworks/ApplicationServices.framework/Versions/A/Frameworks/ATS.framework/Versions/A/Resources/libFontRegistry.dylib
0x00000002921ef000 	/usr/lib/libhvf.dylib
0x000000026ce90000 	/System/Library/PrivateFrameworks/ParsingInternal.framework/Versions/A/ParsingInternal
0x000000025043e000 	/System/Library/PrivateFrameworks/FontServices.framework/libXTFontStaticRegistryData.dylib
0x000000019b26b000 	/System/Library/Frameworks/MetalPerformanceShaders.framework/Versions/A/Frameworks/MPSCore.framework/Versions/A/MPSCore
0x000000019d076000 	/System/Library/Frameworks/MetalPerformanceShaders.framework/Versions/A/Frameworks/MPSImage.framework/Versions/A/MPSImage
0x000000019ca35000 	/System/Library/Frameworks/MetalPerformanceShaders.framework/Versions/A/Frameworks/MPSNeuralNetwork.framework/Versions/A/MPSNeuralNetwork
0x000000019ce74000 	/System/Library/Frameworks/MetalPerformanceShaders.framework/Versions/A/Frameworks/MPSMatrix.framework/Versions/A/MPSMatrix
0x000000019cc8c000 	/System/Library/Frameworks/MetalPerformanceShaders.framework/Versions/A/Frameworks/MPSRayIntersector.framework/Versions/A/MPSRayIntersector
0x000000019cea6000 	/System/Library/Frameworks/MetalPerformanceShaders.framework/Versions/A/Frameworks/MPSNDArray.framework/Versions/A/MPSNDArray
0x0000000237936000 	/System/Library/Frameworks/MetalPerformanceShaders.framework/Versions/A/Frameworks/MPSFunctions.framework/Versions/A/MPSFunctions
0x0000000237917000 	/System/Library/Frameworks/MetalPerformanceShaders.framework/Versions/A/Frameworks/MPSBenchmarkLoop.framework/Versions/A/MPSBenchmarkLoop
0x000000023794a000 	/System/Library/Frameworks/MetalPerformanceShaders.framework/Versions/A/Frameworks/MPSHost.framework/Versions/A/MPSHost
0x000000018e1b9000 	/System/Library/PrivateFrameworks/MetalTools.framework/Versions/A/MetalTools
0x00000001c0599000 	/System/Library/PrivateFrameworks/IOAccelMemoryInfo.framework/Versions/A/IOAccelMemoryInfo
0x00000001ceb07000 	/System/Library/PrivateFrameworks/kperf.framework/Versions/A/kperf
0x00000001bb2f4000 	/System/Library/PrivateFrameworks/GPURawCounter.framework/Versions/A/GPURawCounter
0x00000001abd25000 	/System/Library/PrivateFrameworks/ASEProcessing.framework/Versions/A/ASEProcessing
0x0000000270341000 	/System/Library/PrivateFrameworks/PhotosensitivityProcessing.framework/Versions/A/PhotosensitivityProcessing
0x0000000273c84000 	/System/Library/PrivateFrameworks/SILManager.framework/Versions/A/SILManager
0x00000002828dd000 	/System/Library/PrivateFrameworks/Tightbeam.framework/Versions/A/Tightbeam
0x00000001c92fc000 	/usr/lib/swift/libswiftCompression.dylib
0x00000001d3949000 	/System/Library/PrivateFrameworks/AFKUser.framework/Versions/A/AFKUser
0x00000001a0023000 	/System/Library/Frameworks/ApplicationServices.framework/Versions/A/Frameworks/ATSUI.framework/Versions/A/ATSUI
0x00000001a16fb000 	/System/Library/Frameworks/AudioToolbox.framework/Versions/A/AudioToolbox
0x000000019d4e8000 	/System/Library/Frameworks/UserNotifications.framework/Versions/A/UserNotifications
0x00000001c0d30000 	/System/Library/PrivateFrameworks/SiriInstrumentation.framework/Versions/A/SiriInstrumentation
0x0000000276114000 	/System/Library/PrivateFrameworks/SiriAnalytics.framework/Versions/A/SiriAnalytics
0x00000001be48f000 	/System/Library/PrivateFrameworks/FeedbackLogger.framework/Versions/A/FeedbackLogger
0x00000001d8d99000 	/usr/lib/swift/libswiftAVFoundation.dylib
0x0000000285106000 	/System/Library/PrivateFrameworks/UnifiedAssetFramework.framework/Versions/A/UnifiedAssetFramework
0x0000000190463000 	/System/Library/PrivateFrameworks/AudioToolboxCore.framework/Versions/A/AudioToolboxCore
0x00000001a18d1000 	/System/Library/PrivateFrameworks/AudioSession.framework/Versions/A/AudioSession
0x00000001acfa9000 	/System/Library/Frameworks/CoreMIDI.framework/Versions/A/CoreMIDI
0x00000001a1952000 	/usr/lib/libAudioStatistics.dylib
0x000000019a24e000 	/System/Library/PrivateFrameworks/caulk.framework/Versions/A/caulk
0x0000000190a50000 	/System/Library/Frameworks/CoreAudio.framework/Versions/A/CoreAudio
0x000000019ff18000 	/usr/lib/libAudioToolboxUtility.dylib
0x00000001c1c69000 	/usr/lib/swift/libswiftCoreMIDI.dylib
0x00000001a1d5c000 	/System/Library/PrivateFrameworks/perfdata.framework/Versions/A/perfdata
0x00000001ba2f3000 	/System/Library/PrivateFrameworks/SystemPolicy.framework/Versions/A/SystemPolicy
0x00000001a1c00000 	/usr/lib/libSMC.dylib
0x00000001a1d6a000 	/usr/lib/libperfcheck.dylib
0x0000000242fda000 	/System/Library/PrivateFrameworks/AudioAnalytics.framework/Versions/A/AudioAnalytics
0x00000001e12aa000 	/System/Library/Frameworks/OSLog.framework/Versions/A/OSLog
0x00000001bb299000 	/usr/lib/libmis.dylib
0x00000001a852b000 	/System/Library/PrivateFrameworks/CoreTime.framework/Versions/A/CoreTime
0x000000019f291000 	/System/Library/PrivateFrameworks/MediaExperience.framework/Versions/A/MediaExperience
0x00000001a16a5000 	/System/Library/PrivateFrameworks/AudioSession.framework/libSessionUtility.dylib
0x00000001a0057000 	/System/Library/PrivateFrameworks/CMCaptureCore.framework/Versions/A/CMCaptureCore
0x000000019f3dd000 	/usr/lib/libspindump.dylib
0x000000019c719000 	/System/Library/PrivateFrameworks/CoreUtils.framework/Versions/A/CoreUtils
0x00000001b2f8a000 	/System/Library/PrivateFrameworks/HID.framework/Versions/A/HID
0x000000024d086000 	/System/Library/PrivateFrameworks/CoreUtilsExtras.framework/Versions/A/CoreUtilsExtras
0x000000025c961000 	/System/Library/PrivateFrameworks/IO80211.framework/Versions/A/IO80211
0x00000001a389c000 	/System/Library/Frameworks/IOBluetooth.framework/Versions/A/IOBluetooth
0x0000000292eab000 	/usr/lib/swift/libswiftRegexBuilder.dylib
0x000000019eeec000 	/usr/lib/libIOReport.dylib
0x00000001e984e000 	/System/Library/PrivateFrameworks/WiFiPeerToPeer.framework/Versions/A/WiFiPeerToPeer
0x000000019c8b5000 	/System/Library/Frameworks/SecurityFoundation.framework/Versions/A/SecurityFoundation
0x00000002456e0000 	/System/Library/PrivateFrameworks/Centauri.framework/Versions/A/Centauri
0x000000018eb9d000 	/System/Library/PrivateFrameworks/Lexicon.framework/Versions/A/Lexicon
0x000000029263f000 	/usr/lib/libmrc.dylib
0x000000025c9cc000 	/System/Library/PrivateFrameworks/IPConfiguration.framework/Versions/A/IPConfiguration
0x00000001dd3ed000 	/System/Library/PrivateFrameworks/Netrb.framework/Versions/A/Netrb
0x00000001a7edc000 	/System/Library/PrivateFrameworks/FrontBoardServices.framework/Versions/A/FrontBoardServices
0x000000019ca1e000 	/usr/lib/libgermantok.dylib
0x000000019b45a000 	/System/Library/PrivateFrameworks/LinguisticData.framework/Versions/A/LinguisticData
0x00000001a8083000 	/System/Library/PrivateFrameworks/GraphicsServices.framework/Versions/A/GraphicsServices
0x00000001a7162000 	/System/Library/PrivateFrameworks/MediaKit.framework/Versions/A/MediaKit
0x00000001a70b0000 	/System/Library/Frameworks/DiscRecording.framework/Versions/A/DiscRecording
0x000000019f167000 	/usr/lib/libheimdal-asn1.dylib
0x00000001aab8d000 	/System/Library/Frameworks/AudioUnit.framework/Versions/A/AudioUnit
0x000000019811c000 	/System/Library/Frameworks/OpenDirectory.framework/Versions/A/OpenDirectory
0x000000019812a000 	/System/Library/Frameworks/OpenDirectory.framework/Versions/A/Frameworks/CFOpenDirectory.framework/Versions/A/CFOpenDirectory
0x0000000233bba000 	/System/Library/Frameworks/AVFAudio.framework/Versions/A/AVFAudio
0x0000000233cfe000 	/System/Library/Frameworks/AVRouting.framework/Versions/A/AVRouting
0x00000001b3fa6000 	/usr/lib/libAccessibility.dylib
0x00000002607fc000 	/System/Library/PrivateFrameworks/IsolatedCoreAudioClient.framework/Versions/A/IsolatedCoreAudioClient
0x0000000248e7a000 	/System/Library/PrivateFrameworks/CoreAudioOrchestration.framework/Versions/A/CoreAudioOrchestration
0x00000001a053f000 	/System/Library/Frameworks/MediaToolbox.framework/Versions/A/MediaToolbox
0x00000001a7288000 	/System/Library/PrivateFrameworks/CoreAVCHD.framework/Versions/A/CoreAVCHD
0x00000001a61ac000 	/System/Library/Frameworks/MediaAccessibility.framework/Versions/A/MediaAccessibility
0x00000001a7284000 	/System/Library/PrivateFrameworks/Mangrove.framework/Versions/A/Mangrove
0x0000000244d1c000 	/System/Library/PrivateFrameworks/CMPhoto.framework/Versions/A/CMPhoto
0x00000001a7a51000 	/System/Library/Frameworks/CoreTelephony.framework/Versions/A/CoreTelephony
0x00000001a7277000 	/System/Library/PrivateFrameworks/CoreAUC.framework/Versions/A/CoreAUC
0x0000000241e82000 	/System/Library/PrivateFrameworks/AppleJPEGXL.framework/Versions/A/AppleJPEGXL
0x0000000287055000 	/System/Library/PrivateFrameworks/VideoToolboxParavirtualizationSupport.framework/Versions/A/VideoToolboxParavirtualizationSupport
0x000000019f103000 	/System/Library/PrivateFrameworks/AppleVA.framework/Versions/A/AppleVA
0x00000001a1f74000 	/usr/lib/libTelephonyUtilDynamic.dylib
0x000000019ffea000 	/System/Library/PrivateFrameworks/GPUWrangler.framework/Versions/A/GPUWrangler
0x000000019ffca000 	/System/Library/PrivateFrameworks/IOPresentment.framework/Versions/A/IOPresentment
0x000000019fff2000 	/System/Library/PrivateFrameworks/DSExternalDisplay.framework/Versions/A/DSExternalDisplay
0x00000001e43cb000 	/System/Library/Frameworks/CryptoKit.framework/Versions/A/CryptoKit
0x00000001aab88000 	/System/Library/PrivateFrameworks/CryptoKitCBridging.framework/Versions/A/CryptoKitCBridging
0x00000001a8095000 	/System/Library/Frameworks/CryptoTokenKit.framework/Versions/A/CryptoTokenKit
0x000000024dc05000 	/System/Library/PrivateFrameworks/Dendrite.framework/Versions/A/Dendrite
0x00000001bae98000 	/System/Library/Frameworks/NaturalLanguage.framework/Versions/A/NaturalLanguage
0x000000025938d000 	/System/Library/PrivateFrameworks/GenerativeModels.framework/Versions/A/GenerativeModels
0x00000001e97d5000 	/usr/lib/swift/libswiftNaturalLanguage.dylib
0x00000002429f9000 	/System/Library/PrivateFrameworks/AppleMobileFileIntegrity.framework/Versions/A/AppleMobileFileIntegrity
0x000000029178d000 	/usr/lib/libTLE.dylib
0x00000001f2f1d000 	/System/Library/PrivateFrameworks/ConfigProfileHelper.framework/Versions/A/ConfigProfileHelper
0x00000001aad17000 	/System/Library/PrivateFrameworks/Espresso.framework/Versions/A/Espresso
0x00000001988ac000 	/System/Library/Frameworks/CoreML.framework/Versions/A/CoreML
0x00000001e7681000 	/usr/lib/libedit.3.dylib
0x00000002309c8000 	/System/Library/PrivateFrameworks/ANECompiler.framework/Versions/A/ANECompiler
0x00000001acded000 	/System/Library/PrivateFrameworks/AppleNeuralEngine.framework/Versions/A/AppleNeuralEngine
0x0000000237950000 	/System/Library/Frameworks/MetalPerformanceShadersGraph.framework/Versions/A/MetalPerformanceShadersGraph
0x000000026269f000 	/System/Library/PrivateFrameworks/MLCompilerServices.framework/Versions/A/MLCompilerServices
0x00000001abb69000 	/System/Library/PrivateFrameworks/ANEServices.framework/Versions/A/ANEServices
0x00000001c055c000 	/usr/lib/libncurses.5.4.dylib
0x0000000191d5a000 	/usr/lib/libsandbox.1.dylib
0x000000019f08d000 	/usr/lib/libMatch.1.dylib
0x000000026bf85000 	/System/Library/PrivateFrameworks/ODIE.framework/Versions/A/ODIE
0x000000026532c000 	/System/Library/PrivateFrameworks/MLModelAsset.framework/Versions/A/MLModelAsset
0x0000000262645000 	/System/Library/PrivateFrameworks/MLCompilerRuntime.framework/Versions/A/MLCompilerRuntime
0x000000019cce1000 	/System/Library/Frameworks/MLCompute.framework/Versions/A/MLCompute
0x00000002625c7000 	/System/Library/PrivateFrameworks/MLAssetIO.framework/Versions/A/MLAssetIO
0x0000000292e7d000 	/usr/lib/swift/libswiftMLCompute.dylib
0x00000001a7c6c000 	/System/Library/PrivateFrameworks/AVFCore.framework/Versions/A/AVFCore
0x00000001b18a7000 	/System/Library/PrivateFrameworks/AVFCapture.framework/Versions/A/AVFCapture
0x0000000244b13000 	/System/Library/PrivateFrameworks/CMImaging.framework/Versions/A/CMImaging
0x00000001b1ae9000 	/System/Library/PrivateFrameworks/Quagga.framework/Versions/A/Quagga
0x00000001b1c1a000 	/System/Library/PrivateFrameworks/CMCapture.framework/Versions/A/CMCapture
0x00000001a1afd000 	/System/Library/Frameworks/CoreMediaIO.framework/Versions/A/CoreMediaIO
0x0000000244a4e000 	/System/Library/PrivateFrameworks/CMCaptureDevice.framework/Versions/A/CMCaptureDevice
0x000000019f4c9000 	/System/Library/PrivateFrameworks/CoreBrightness.framework/Versions/A/CoreBrightness
0x0000000245bd7000 	/System/Library/PrivateFrameworks/CinematicFraming.framework/Versions/A/CinematicFraming
0x0000000268469000 	/System/Library/PrivateFrameworks/ModelManagerServices.framework/Versions/A/ModelManagerServices
0x00000001d5e01000 	/System/Library/PrivateFrameworks/CPMS.framework/Versions/A/CPMS
0x000000028000d000 	/System/Library/PrivateFrameworks/SystemStatus.framework/Versions/A/SystemStatus
0x00000001b9cc8000 	/System/Library/Frameworks/CoreMotion.framework/Versions/A/CoreMotion
0x00000001ca2e0000 	/System/Library/PrivateFrameworks/TimeSync.framework/Versions/A/TimeSync
0x000000024e5cd000 	/System/Library/PrivateFrameworks/DistributedSensing.framework/Versions/A/DistributedSensing
0x00000001c56bf000 	/System/Library/PrivateFrameworks/MobileBluetooth.framework/Versions/A/MobileBluetooth
0x00000001cbfa4000 	/System/Library/PrivateFrameworks/IOKitten.framework/Versions/A/IOKitten
0x0000000261e12000 	/System/Library/PrivateFrameworks/LocationLogEncryption.framework/Versions/A/LocationLogEncryption
0x0000000241cfc000 	/System/Library/PrivateFrameworks/AppleIntelligenceReporting.framework/Versions/A/AppleIntelligenceReporting
0x000000024562c000 	/System/Library/PrivateFrameworks/CascadeSets.framework/Versions/A/CascadeSets
0x000000019c628000 	/System/Library/PrivateFrameworks/CoreEmoji.framework/Versions/A/CoreEmoji
0x000000018eeb1000 	/usr/lib/libCRFSuite.dylib
0x0000000190192000 	/System/Library/PrivateFrameworks/LanguageModeling.framework/Versions/A/LanguageModeling
0x000000019b33a000 	/System/Library/PrivateFrameworks/CoreNLP.framework/Versions/A/CoreNLP
0x000000019510f000 	/System/Library/PrivateFrameworks/Montreal.framework/Versions/A/Montreal
0x000000019d79c000 	/usr/lib/libcmph.dylib
0x000000019c9bf000 	/usr/lib/libmecab.dylib
0x000000019d90d000 	/usr/lib/libThaiTokenizer.dylib
0x000000025946f000 	/System/Library/PrivateFrameworks/GenerativeModelsFoundation.framework/Versions/A/GenerativeModelsFoundation
0x0000000282de2000 	/System/Library/PrivateFrameworks/TokenGeneration.framework/Versions/A/TokenGeneration
0x0000000259243000 	/System/Library/PrivateFrameworks/GenerativeFunctions.framework/Versions/A/GenerativeFunctions
0x0000000259291000 	/System/Library/PrivateFrameworks/GenerativeFunctionsFoundation.framework/Versions/A/GenerativeFunctionsFoundation
0x000000026812a000 	/System/Library/PrivateFrameworks/ModelCatalog.framework/Versions/A/ModelCatalog
0x000000027532e000 	/System/Library/PrivateFrameworks/SensitiveContentAnalysisML.framework/Versions/A/SensitiveContentAnalysisML
0x0000000259327000 	/System/Library/PrivateFrameworks/GenerativeFunctionsInstrumentation.framework/Versions/A/GenerativeFunctionsInstrumentation
0x0000000272157000 	/System/Library/PrivateFrameworks/PromptKit.framework/Versions/A/PromptKit
0x0000000271b6d000 	/System/Library/PrivateFrameworks/ProactiveDaemonSupport.framework/Versions/A/ProactiveDaemonSupport
0x000000028301a000 	/System/Library/PrivateFrameworks/TokenGenerationCore.framework/Versions/A/TokenGenerationCore
0x00000001bbd67000 	/System/Library/PrivateFrameworks/Trial.framework/Versions/A/Trial
0x00000001bbce8000 	/System/Library/PrivateFrameworks/TrialProto.framework/Versions/A/TrialProto
0x0000000241926000 	/System/Library/PrivateFrameworks/AppleFlatBuffers.framework/Versions/A/AppleFlatBuffers
0x00000002755fe000 	/System/Library/PrivateFrameworks/SentencePieceInternal.framework/Versions/A/SentencePieceInternal
0x00000001a6206000 	/System/Library/Frameworks/Vision.framework/Versions/A/Vision
0x000000024cd24000 	/System/Library/PrivateFrameworks/CoreSceneUnderstanding.framework/Versions/A/CoreSceneUnderstanding
0x0000000287c6b000 	/System/Library/PrivateFrameworks/VisionCore.framework/Versions/A/VisionCore
0x00000001a047c000 	/System/Library/PrivateFrameworks/DataDetectorsCore.framework/Versions/A/DataDetectorsCore
0x00000001c464d000 	/System/Library/Frameworks/Vision.framework/libfaceCore.dylib
0x00000001c5167000 	/System/Library/PrivateFrameworks/Futhark.framework/Versions/A/Futhark
0x00000001c90b5000 	/System/Library/PrivateFrameworks/InertiaCam.framework/Versions/A/InertiaCam
0x00000001c4ef4000 	/System/Library/PrivateFrameworks/TextRecognition.framework/Versions/A/TextRecognition
0x0000000235569000 	/System/Library/Frameworks/DataDetection.framework/Versions/A/DataDetection
0x00000001bf100000 	/System/Library/PrivateFrameworks/TextInput.framework/Versions/A/TextInput
0x000000019ef2a000 	/System/Library/PrivateFrameworks/CVNLP.framework/Versions/A/CVNLP
0x000000023504e000 	/System/Library/Frameworks/CoreTransferable.framework/Versions/A/CoreTransferable
0x00000001a1d40000 	/System/Library/PrivateFrameworks/NetAuth.framework/Versions/A/NetAuth
0x0000000198340000 	/System/Library/PrivateFrameworks/login.framework/Versions/A/Frameworks/loginsupport.framework/Versions/A/loginsupport
0x00000001934dd000 	/System/Library/PrivateFrameworks/UIFoundation.framework/Versions/A/UIFoundation
0x000000019f3e4000 	/System/Library/PrivateFrameworks/Heimdal.framework/Versions/A/Heimdal
0x00000001a19e8000 	/usr/lib/libresolv.9.dylib
0x00000001a1ddc000 	/System/Library/PrivateFrameworks/CommonAuth.framework/Versions/A/CommonAuth
0x000000019c989000 	/usr/lib/libCheckFix.dylib
0x00000001974c7000 	/System/Library/PrivateFrameworks/MetadataUtilities.framework/Versions/A/MetadataUtilities
0x000000025d453000 	/System/Library/PrivateFrameworks/InstalledContentLibrary.framework/Versions/A/InstalledContentLibrary
0x0000000191c1e000 	/System/Library/PrivateFrameworks/CoreServicesStore.framework/Versions/A/CoreServicesStore
0x000000019818b000 	/usr/lib/libapp_launch_measurement.dylib
0x00000001cec1e000 	/System/Library/PrivateFrameworks/MobileSystemServices.framework/Versions/A/MobileSystemServices
0x000000019edaf000 	/usr/lib/libxslt.1.dylib
0x000000019c948000 	/System/Library/PrivateFrameworks/BackgroundTaskManagement.framework/Versions/A/BackgroundTaskManagement
0x00000001aa21e000 	/usr/lib/libcurl.4.dylib
0x0000000291fa3000 	/usr/lib/libcrypto.46.dylib
0x0000000292b26000 	/usr/lib/libssl.48.dylib
0x00000001a9ef8000 	/System/Library/Frameworks/LDAP.framework/Versions/A/LDAP
0x00000001a1d78000 	/System/Library/Frameworks/Kerberos.framework/Versions/A/Kerberos
0x00000001a9f34000 	/System/Library/PrivateFrameworks/TrustEvaluationAgent.framework/Versions/A/TrustEvaluationAgent
0x00000001a1a05000 	/usr/lib/libsasl2.2.dylib
0x00000001aab8c000 	/System/Library/Frameworks/Kerberos.framework/Versions/A/Libraries/libHeimdalProxy.dylib
0x0000000270756000 	/System/Library/PrivateFrameworks/PoirotSQLite.framework/Versions/A/PoirotSQLite
0x00000001e1795000 	/System/Library/PrivateFrameworks/HIDDisplay.framework/Versions/A/HIDDisplay
0x00000001a1ce1000 	/usr/lib/libcups.2.dylib
0x00000001b3e9a000 	/System/Library/PrivateFrameworks/AXCoreUtilities.framework/Versions/A/AXCoreUtilities
0x00000001c4496000 	/System/Library/PrivateFrameworks/AttributeGraph.framework/Versions/A/AttributeGraph
0x000000029128d000 	/usr/lib/libAXSafeCategoryBundle.dylib
0x000000023bcde000 	/System/Library/Frameworks/TabularData.framework/Versions/A/TabularData
0x0000000242ba9000 	/System/Library/PrivateFrameworks/ArgumentParserInternal.framework/Versions/A/ArgumentParserInternal
0x00000001ad19c000 	/System/Library/Frameworks/Cocoa.framework/Versions/A/Cocoa
0x0000000191db9000 	/System/Library/Frameworks/AppKit.framework/Versions/C/AppKit
0x0000000246a5a000 	/System/Library/PrivateFrameworks/CollectionViewCore.framework/Versions/A/CollectionViewCore
0x000000019a9fb000 	/System/Library/PrivateFrameworks/XCTTargetBootstrap.framework/Versions/A/XCTTargetBootstrap
0x00000001a04ce000 	/System/Library/PrivateFrameworks/UserActivity.framework/Versions/A/UserActivity
0x000000025053c000 	/System/Library/PrivateFrameworks/FrontBoard.framework/Versions/A/FrontBoard
0x0000000284a2b000 	/System/Library/PrivateFrameworks/UIIntelligenceSupport.framework/Versions/A/UIIntelligenceSupport
0x000000023ad67000 	/System/Library/Frameworks/SwiftUICore.framework/Versions/A/SwiftUICore
0x000000028b5d7000 	/System/Library/PrivateFrameworks/WritingTools.framework/Versions/A/WritingTools
0x000000028a3ce000 	/System/Library/PrivateFrameworks/WindowManagement.framework/Versions/A/WindowManagement
0x000000025026c000 	/System/Library/PrivateFrameworks/FocusEngine.framework/Versions/A/FocusEngine
0x000000024dc75000 	/System/Library/PrivateFrameworks/DesignLibrary.framework/Versions/A/DesignLibrary
0x000000019a9e6000 	/System/Library/PrivateFrameworks/DFRFoundation.framework/Versions/A/DFRFoundation
0x0000000285978000 	/System/Library/PrivateFrameworks/UpdateCycle.framework/Versions/A/UpdateCycle
0x000000019a6ea000 	/System/Library/Frameworks/Carbon.framework/Versions/A/Frameworks/HIToolbox.framework/Versions/A/HIToolbox
0x00000001a5acc000 	/System/Library/Frameworks/Carbon.framework/Versions/A/Frameworks/SpeechRecognition.framework/Versions/A/SpeechRecognition
0x0000000198112000 	/System/Library/PrivateFrameworks/PerformanceAnalysis.framework/Versions/A/PerformanceAnalysis
0x00000001a5e5c000 	/System/Library/Frameworks/Accessibility.framework/Versions/A/Accessibility
0x000000023bcc4000 	/System/Library/Frameworks/Symbols.framework/Versions/A/Symbols
0x0000000259838000 	/System/Library/PrivateFrameworks/Gestures.framework/Versions/A/Gestures
0x0000000292f4e000 	/usr/lib/swift/libswiftSpatial.dylib
0x00000001b80da000 	/usr/lib/swift/libswiftCoreGraphics.dylib
0x00000001a68a0000 	/usr/lib/swift/libswiftFoundation.dylib
0x00000001f28be000 	/usr/lib/swift/libswiftSwiftOnoneSupport.dylib
0x00000002931d4000 	/usr/lib/swift/libswiftsys_time.dylib
0x00000001dd42b000 	/System/Library/PrivateFrameworks/CoreMaterial.framework/Versions/A/CoreMaterial
0x000000029178a000 	/usr/lib/libSpatial.dylib
0x00000002911aa000 	/System/Library/SubFrameworks/UIUtilities.framework/Versions/A/UIUtilities
0x0000000108c38000 	/Users/charlieichikowitz/Library/Application Support/ModrinthApp/meta/java_versions/zulu25.34.17-ca-jre25.0.3-macosx_aarch64/Contents/Home/lib/server/libjvm.dylib
0x0000000102dfc000 	/Users/charlieichikowitz/Library/Application Support/ModrinthApp/meta/java_versions/zulu25.34.17-ca-jre25.0.3-macosx_aarch64/Contents/Home/lib/libjimage.dylib
0x0000000102e28000 	/Users/charlieichikowitz/Library/Application Support/ModrinthApp/meta/java_versions/zulu25.34.17-ca-jre25.0.3-macosx_aarch64/Contents/Home/lib/libinstrument.dylib
0x0000000102e70000 	/Users/charlieichikowitz/Library/Application Support/ModrinthApp/meta/java_versions/zulu25.34.17-ca-jre25.0.3-macosx_aarch64/Contents/Home/lib/libjava.dylib
0x0000000102f4c000 	/Users/charlieichikowitz/Library/Application Support/ModrinthApp/meta/java_versions/zulu25.34.17-ca-jre25.0.3-macosx_aarch64/Contents/Home/lib/libzip.dylib
0x0000000102f74000 	/Users/charlieichikowitz/Library/Application Support/ModrinthApp/meta/java_versions/zulu25.34.17-ca-jre25.0.3-macosx_aarch64/Contents/Home/lib/libnio.dylib
0x0000000102f24000 	/Users/charlieichikowitz/Library/Application Support/ModrinthApp/meta/java_versions/zulu25.34.17-ca-jre25.0.3-macosx_aarch64/Contents/Home/lib/libnet.dylib
0x0000000102f94000 	/Users/charlieichikowitz/Library/Application Support/ModrinthApp/meta/java_versions/zulu25.34.17-ca-jre25.0.3-macosx_aarch64/Contents/Home/lib/libextnet.dylib
0x0000000102fa8000 	/Users/charlieichikowitz/Library/Application Support/ModrinthApp/meta/java_versions/zulu25.34.17-ca-jre25.0.3-macosx_aarch64/Contents/Home/lib/libmanagement.dylib
0x0000000102fbc000 	/Users/charlieichikowitz/Library/Application Support/ModrinthApp/meta/java_versions/zulu25.34.17-ca-jre25.0.3-macosx_aarch64/Contents/Home/lib/libmanagement_ext.dylib
0x0000000102fec000 	/Users/charlieichikowitz/Library/Application Support/ModrinthApp/meta/java_versions/zulu25.34.17-ca-jre25.0.3-macosx_aarch64/Contents/Home/lib/libverify.dylib
0x0000000103030000 	/Users/charlieichikowitz/Library/Application Support/ModrinthApp/meta/natives/26.2-0.19.5/jna/jna18095385337880354325.tmp
0x0000000107ddc000 	/Users/charlieichikowitz/Library/Application Support/ModrinthApp/meta/natives/26.2-0.19.5/lwjgl/3.4.1-snapshot/arm64/liblwjgl.dylib
0x00000001081b4000 	/Users/charlieichikowitz/Library/Application Support/ModrinthApp/meta/natives/26.2-0.19.5/lwjgl/3.4.1-snapshot/arm64/libMoltenVK.dylib
0x0000000125098000 	/Users/charlieichikowitz/Library/Application Support/ModrinthApp/meta/natives/26.2-0.19.5/lwjgl/3.4.1-snapshot/arm64/libshaderc.dylib
0x0000000103058000 	/Users/charlieichikowitz/Library/Application Support/ModrinthApp/meta/natives/26.2-0.19.5/lwjgl/3.4.1-snapshot/arm64/liblwjgl_tinyfd.dylib
0x0000000107e8c000 	/Users/charlieichikowitz/Library/Application Support/ModrinthApp/meta/natives/26.2-0.19.5/lwjgl/3.4.1-snapshot/arm64/liblwjgl_stb.dylib
0x0000000107ef0000 	/Users/charlieichikowitz/Library/Application Support/ModrinthApp/meta/natives/26.2-0.19.5/lwjgl/3.4.1-snapshot/arm64/libjemalloc.dylib
0x0000000108050000 	/Users/charlieichikowitz/Library/Application Support/ModrinthApp/meta/natives/26.2-0.19.5/lwjgl/3.4.1-snapshot/arm64/libglfw.dylib
0x00000001033d0000 	/Users/charlieichikowitz/Library/Application Support/ModrinthApp/meta/natives/26.2-0.19.5/lwjgl/3.4.1-snapshot/arm64/liblwjgl_vma.dylib
0x0000000125c68000 	/Users/charlieichikowitz/Library/Application Support/ModrinthApp/meta/natives/26.2-0.19.5/lwjgl/3.4.1-snapshot/arm64/libfreetype.dylib
0x0000000125e8c000 	/Users/charlieichikowitz/Library/Application Support/ModrinthApp/meta/natives/26.2-0.19.5/lwjgl/3.4.1-snapshot/arm64/libopenal.dylib
0x0000000103078000 	/Users/charlieichikowitz/Library/Application Support/ModrinthApp/meta/natives/26.2-0.19.5/lwjgl/3.4.1-snapshot/arm64/liblwjgl_opengl.dylib
0x000000012630c000 	/Users/charlieichikowitz/Library/Application Support/ModrinthApp/meta/natives/26.2-0.19.5/lwjgl/3.4.1-snapshot/arm64/libspirv-cross.dylib
0x0000000108100000 	/private/var/folders/97/0x7l_2j54nz3607j4cfqcp300000gn/T/libopus4j-1eb5d9e3e7c729c7d3e18224b0a53fb6/libopus4j.dylib
0x0000000103008000 	/private/var/folders/97/0x7l_2j54nz3607j4cfqcp300000gn/T/librnnoise4j-dd0bc92191c29275673e4f820630aa49/librnnoise4j.dylib
0x0000000102fd0000 	/private/var/folders/97/0x7l_2j54nz3607j4cfqcp300000gn/T/libspeex4j-f75720920af514f7fd1a458b9748f906/libspeex4j.dylib
0x0000000108098000 	/private/var/folders/97/0x7l_2j54nz3607j4cfqcp300000gn/T/liblame4j-616f7ca627be4f4f2d2039debf359014/liblame4j.dylib
0x0000000197fdd000 	/System/Library/PrivateFrameworks/ViewBridge.framework/Versions/A/ViewBridge
0x0000000233e6e000 	/System/Library/Frameworks/AppIntents.framework/Versions/A/AppIntents
0x000000023a436000 	/System/Library/Frameworks/RelevanceKit.framework/Versions/A/RelevanceKit
0x000000019d539000 	/System/Library/Frameworks/CoreSpotlight.framework/Versions/A/CoreSpotlight
0x0000000261987000 	/System/Library/PrivateFrameworks/LinkServices.framework/Versions/A/LinkServices
0x00000001a6b6d000 	/System/Library/Frameworks/Contacts.framework/Versions/A/Contacts
0x0000000240501000 	/System/Library/PrivateFrameworks/AppIntentsTypeSupport.framework/Versions/A/AppIntentsTypeSupport
0x000000024e6c9000 	/System/Library/PrivateFrameworks/DoNotDisturb.framework/Versions/A/DoNotDisturb
0x00000002617d5000 	/System/Library/PrivateFrameworks/LinkMetadata.framework/Versions/A/LinkMetadata
0x00000001bb31f000 	/usr/lib/swift/libswiftIntents.dylib
0x00000001c06b6000 	/System/Library/PrivateFrameworks/IntentsCore.framework/Versions/A/IntentsCore
0x00000002434b9000 	/System/Library/PrivateFrameworks/AvailabilityKit.framework/Versions/A/AvailabilityKit
0x00000002400e4000 	/System/Library/PrivateFrameworks/AppIntentSchemas.framework/Versions/A/AppIntentSchemas
0x0000000235fbf000 	/System/Library/Frameworks/GeoToolbox.framework/Versions/A/GeoToolbox
0x000000025606e000 	/System/Library/PrivateFrameworks/GRDBInternal.framework/Versions/A/GRDBInternal
0x000000027e886000 	/System/Library/PrivateFrameworks/StatusKit.framework/Versions/A/StatusKit
0x00000001a6984000 	/System/Library/PrivateFrameworks/ContactsPersistence.framework/Versions/A/ContactsPersistence
0x00000001a5ad0000 	/System/Library/PrivateFrameworks/AppleLDAP.framework/Versions/A/AppleLDAP
0x00000001aa5bc000 	/System/Library/Frameworks/ClassKit.framework/Versions/A/ClassKit
0x00000001ac86d000 	/System/Library/PrivateFrameworks/CoreSuggestions.framework/Versions/A/CoreSuggestions
0x00000001a68a1000 	/System/Library/PrivateFrameworks/ContactsFoundation.framework/Versions/A/ContactsFoundation
0x00000001a8043000 	/System/Library/PrivateFrameworks/vCard.framework/Versions/A/vCard
0x000000024702b000 	/System/Library/PrivateFrameworks/ContactsMetrics.framework/Versions/A/ContactsMetrics
0x000000019f4a5000 	/System/Library/PrivateFrameworks/login.framework/Versions/A/login
0x0000000265dfb000 	/System/Library/PrivateFrameworks/ManagedOrganizationContacts.framework/Versions/A/ManagedOrganizationContacts
0x00000001987d7000 	/System/Library/PrivateFrameworks/CloudDocs.framework/Versions/A/CloudDocs
0x00000001b384e000 	/System/Library/PrivateFrameworks/ProactiveEventTracker.framework/Versions/A/ProactiveEventTracker
0x00000001a748d000 	/System/Library/PrivateFrameworks/GenerationalStorage.framework/Versions/A/GenerationalStorage
0x00000001a1ed2000 	/System/Library/PrivateFrameworks/CacheDelete.framework/Versions/A/CacheDelete
0x00000001aacc9000 	/System/Library/Frameworks/QuickLookThumbnailing.framework/Versions/A/QuickLookThumbnailing
0x00000001a72b6000 	/System/Library/Frameworks/FileProvider.framework/Versions/A/FileProvider
0x00000001936ad000 	/System/Library/PrivateFrameworks/DesktopServicesPriv.framework/Versions/A/DesktopServicesPriv
0x00000001bad66000 	/System/Library/PrivateFrameworks/FTServices.framework/Versions/A/FTServices
0x00000001b2f3f000 	/System/Library/PrivateFrameworks/CloudServices.framework/Versions/A/CloudServices
0x0000000199c91000 	/System/Library/Frameworks/CoreLocation.framework/Versions/A/CoreLocation
0x00000001a9347000 	/System/Library/Frameworks/Intents.framework/Versions/A/Intents
0x000000019d15d000 	/System/Library/PrivateFrameworks/AuthKit.framework/Versions/A/AuthKit
0x00000001c1c47000 	/usr/lib/swift/libswiftCoreLocation.dylib
0x00000001a3493000 	/System/Library/PrivateFrameworks/Sharing.framework/Versions/A/Sharing
0x00000001a2e17000 	/System/Library/PrivateFrameworks/IDSFoundation.framework/Versions/A/IDSFoundation
0x00000001a99c2000 	/System/Library/PrivateFrameworks/Apple80211.framework/Versions/A/Apple80211
0x000000019c696000 	/System/Library/Frameworks/CoreWLAN.framework/Versions/A/CoreWLAN
0x00000001a15f2000 	/System/Library/PrivateFrameworks/IMFoundation.framework/Versions/A/IMFoundation
0x00000001b32aa000 	/System/Library/PrivateFrameworks/Marco.framework/Versions/A/Marco
0x0000000195a73000 	/System/Library/PrivateFrameworks/CommonUtilities.framework/Versions/A/CommonUtilities
0x00000001af881000 	/System/Library/PrivateFrameworks/Engram.framework/Versions/A/Engram
0x000000028bade000 	/System/Library/PrivateFrameworks/XPCDistributed.framework/Versions/A/XPCDistributed
0x00000001af81f000 	/usr/lib/libtidy.A.dylib
0x000000019f6f8000 	/System/Library/PrivateFrameworks/Bom.framework/Versions/A/Bom
0x00000001a1a25000 	/usr/lib/libParallelCompression.dylib
0x00000001a1a18000 	/System/Library/PrivateFrameworks/MultiverseSupport.framework/Versions/A/MultiverseSupport
0x00000001a7194000 	/System/Library/PrivateFrameworks/DiskManagement.framework/Versions/A/DiskManagement
0x00000001a70a3000 	/System/Library/PrivateFrameworks/AppleIDAuthSupport.framework/Versions/A/AppleIDAuthSupport
0x000000023d578000 	/System/Library/PrivateFrameworks/AAAFoundation.framework/Versions/A/AAAFoundation
0x00000001a1f21000 	/System/Library/PrivateFrameworks/KeychainCircle.framework/Versions/A/KeychainCircle
0x00000001b3e90000 	/System/Library/PrivateFrameworks/URLFormatting.framework/Versions/A/URLFormatting
0x00000001aa212000 	/usr/lib/libcsfde.dylib
0x000000019f095000 	/usr/lib/libCoreStorage.dylib
0x00000001a3972000 	/System/Library/PrivateFrameworks/ProtectedCloudStorage.framework/Versions/A/ProtectedCloudStorage
0x00000001aa20d000 	/System/Library/PrivateFrameworks/EFILogin.framework/Versions/A/EFILogin
0x00000001a74b4000 	/System/Library/PrivateFrameworks/OctagonTrust.framework/Versions/A/OctagonTrust
0x00000001a2bf1000 	/System/Library/PrivateFrameworks/IDS.framework/Versions/A/IDS
0x00000001a8117000 	/System/Library/Frameworks/LocalAuthentication.framework/Versions/A/LocalAuthentication
0x0000000261bc5000 	/System/Library/PrivateFrameworks/LocalAuthenticationCore.framework/Versions/A/LocalAuthenticationCore
0x0000000261d8d000 	/System/Library/PrivateFrameworks/LocalAuthenticationCredentialServices.framework/Versions/A/LocalAuthenticationCredentialServices
0x00000001a8184000 	/System/Library/Frameworks/LocalAuthentication.framework/Support/SharedUtils.framework/Versions/A/SharedUtils
0x0000000242e64000 	/System/Library/PrivateFrameworks/AsyncAlgorithmsInternal.framework/Versions/A/AsyncAlgorithmsInternal
0x00000001c9d48000 	/System/Library/PrivateFrameworks/FTAWD.framework/Versions/A/FTAWD
0x00000001aac51000 	/System/Library/PrivateFrameworks/IntentsFoundation.framework/Versions/A/IntentsFoundation
0x0000000198343000 	/System/Library/PrivateFrameworks/ApplePushService.framework/Versions/A/ApplePushService
0x00000001983ae000 	/System/Library/Frameworks/CloudKit.framework/Versions/A/CloudKit
0x00000001d1dab000 	/System/Library/PrivateFrameworks/DeviceIdentity.framework/Versions/A/DeviceIdentity
0x000000023a8c0000 	/System/Library/Frameworks/SharedWithYouCore.framework/Versions/A/SharedWithYouCore
0x00000002464b9000 	/System/Library/PrivateFrameworks/CloudTelemetry.framework/Versions/A/CloudTelemetry
0x00000001aa684000 	/System/Library/PrivateFrameworks/AppleAccount.framework/Versions/A/AppleAccount
0x00000001aac6c000 	/System/Library/PrivateFrameworks/C2.framework/Versions/A/C2
0x000000024610d000 	/System/Library/PrivateFrameworks/CloudCoreInternal.framework/Versions/A/CloudCoreInternal
0x0000000245e73000 	/System/Library/PrivateFrameworks/CloudAsset.framework/Versions/A/CloudAsset
0x00000001aac62000 	/System/Library/Frameworks/PushKit.framework/Versions/A/PushKit
0x00000002464de000 	/System/Library/PrivateFrameworks/CloudTelemetryTools.framework/Versions/A/CloudTelemetryTools
0x00000002464cf000 	/System/Library/PrivateFrameworks/CloudTelemetryShared.dylib
0x00000001acb44000 	/System/Library/PrivateFrameworks/RTCReporting.framework/Versions/A/RTCReporting
0x000000023d59b000 	/System/Library/PrivateFrameworks/AAAFoundationSwift.framework/Versions/A/AAAFoundationSwift
0x00000001aa90a000 	/System/Library/PrivateFrameworks/AppleIDSSOAuthentication.framework/Versions/A/AppleIDSSOAuthentication
0x000000023cb4e000 	/System/Library/Frameworks/_AppIntents_AppKit.framework/Versions/A/_AppIntents_AppKit
0x0000000291291000 	/usr/lib/libAccessibilityBaseImplementations.dylib
0x0000000108c24000 	/usr/lib/libobjc-trampolines.dylib
0x000000028b5dc000 	/System/Library/PrivateFrameworks/WritingToolsUI.framework/Versions/A/WritingToolsUI
0x000000025905e000 	/System/Library/PrivateFrameworks/GenerativeAssistantSettings.framework/Versions/A/GenerativeAssistantSettings
0x00000002808e6000 	/System/Library/PrivateFrameworks/TextComposer.framework/Versions/A/TextComposer
0x0000000259031000 	/System/Library/PrivateFrameworks/GenerativeAssistantCommon.framework/Versions/A/GenerativeAssistantCommon
0x00000001c2d46000 	/System/Library/Frameworks/SwiftUI.framework/Versions/A/SwiftUI
0x000000023fe01000 	/System/Library/PrivateFrameworks/Anvil.framework/Versions/A/Anvil
0x00000002594e5000 	/System/Library/PrivateFrameworks/GenerativePartnerService.framework/Versions/A/GenerativePartnerService
0x0000000259510000 	/System/Library/PrivateFrameworks/GenerativePartnerServiceUI.framework/Versions/A/GenerativePartnerServiceUI
0x00000001baf12000 	/System/Library/Frameworks/SafariServices.framework/Versions/A/SafariServices
0x00000001b81d3000 	/System/Library/Frameworks/WebKit.framework/Versions/A/WebKit
0x000000023cb8d000 	/System/Library/Frameworks/_AuthenticationServices_SwiftUI.framework/Versions/A/_AuthenticationServices_SwiftUI
0x00000001c22c4000 	/System/Library/PrivateFrameworks/AppStoreDaemon.framework/Versions/A/AppStoreDaemon
0x00000001ad1f2000 	/System/Library/PrivateFrameworks/AppleMediaServices.framework/Versions/A/AppleMediaServices
0x00000001be4be000 	/System/Library/PrivateFrameworks/AppleMediaServicesUI.framework/Versions/A/AppleMediaServicesUI
0x00000001f1e17000 	/System/Library/PrivateFrameworks/JetEngine.framework/Versions/A/JetEngine
0x00000001bbbf8000 	/System/Library/PrivateFrameworks/OnBoardingKit.framework/Versions/A/OnBoardingKit
0x000000027593f000 	/System/Library/PrivateFrameworks/Settings.framework/Versions/A/Settings
0x000000023583e000 	/System/Library/Frameworks/ExtensionKit.framework/Versions/A/ExtensionKit
0x0000000235881000 	/System/Library/Frameworks/FSKit.framework/Versions/A/FSKit
0x00000002807c2000 	/System/Library/PrivateFrameworks/TextAnimationSupport.framework/Versions/A/TextAnimationSupport
0x0000000272a1d000 	/System/Library/PrivateFrameworks/RecapPerformanceTesting.framework/Versions/A/RecapPerformanceTesting
0x00000001bbbe8000 	/System/Library/PrivateFrameworks/SignpostCollection.framework/Versions/A/SignpostCollection
0x00000001acb75000 	/System/Library/Frameworks/WebKit.framework/Versions/A/Frameworks/WebKitLegacy.framework/Versions/A/WebKitLegacy
0x00000001b9cc7000 	/System/Library/Frameworks/Carbon.framework/Versions/A/Carbon
0x00000001aa95b000 	/System/Library/PrivateFrameworks/CorePrediction.framework/Versions/A/CorePrediction
0x00000001990e6000 	/System/Library/Frameworks/WebKit.framework/Versions/A/Frameworks/WebCore.framework/Versions/A/Frameworks/libwebrtc.dylib
0x00000001a1a8d000 	/System/Library/Frameworks/SecurityInterface.framework/Versions/A/SecurityInterface
0x00000001bbbf7000 	/System/Library/PrivateFrameworks/WebInspectorUI.framework/Versions/A/WebInspectorUI
0x00000001af8c1000 	/System/Library/Frameworks/JavaScriptCore.framework/Versions/A/JavaScriptCore
0x00000001b3fdd000 	/System/Library/Frameworks/WebKit.framework/Versions/A/Frameworks/WebCore.framework/Versions/A/WebCore
0x00000001af8ba000 	/System/Library/Frameworks/Carbon.framework/Versions/A/Frameworks/CommonPanels.framework/Versions/A/CommonPanels
0x00000001aa209000 	/System/Library/Frameworks/Carbon.framework/Versions/A/Frameworks/Help.framework/Versions/A/Help
0x00000001af8be000 	/System/Library/Frameworks/Carbon.framework/Versions/A/Frameworks/ImageCapture.framework/Versions/A/ImageCapture
0x00000001af899000 	/System/Library/Frameworks/Carbon.framework/Versions/A/Frameworks/OpenScripting.framework/Versions/A/OpenScripting
0x00000001af8b9000 	/System/Library/Frameworks/Carbon.framework/Versions/A/Frameworks/Ink.framework/Versions/A/Ink
0x00000001af8b6000 	/System/Library/Frameworks/Carbon.framework/Versions/A/Frameworks/SecurityHI.framework/Versions/A/SecurityHI
0x00000002915fd000 	/usr/lib/libInterpreterSecurity.dylib
0x00000001d099d000 	/System/Library/PrivateFrameworks/XprotectFramework.framework/Versions/A/XprotectFramework
0x00000001b32ab000 	/System/Library/PrivateFrameworks/yara.framework/Versions/A/yara
0x000000029157a000 	/usr/lib/libEndpointSecuritySystem.dylib
0x0000000234940000 	/System/Library/Frameworks/BrowserEngineCore.framework/Versions/A/BrowserEngineCore
0x000000023c702000 	/System/Library/Frameworks/WebKit.framework/Versions/A/Frameworks/WebCore.framework/Versions/A/Frameworks/libANGLE-shared.dylib
0x0000000289e22000 	/System/Library/PrivateFrameworks/WebGPU.framework/Versions/A/WebGPU
0x00000001bdb3b000 	/System/Library/Frameworks/SceneKit.framework/Versions/A/SceneKit
0x00000001cf4db000 	/System/Library/Frameworks/ModelIO.framework/Versions/A/ModelIO
0x00000001a3a72000 	/System/Library/Frameworks/MetalKit.framework/Versions/A/MetalKit
0x00000001a5dde000 	/System/Library/Frameworks/GLKit.framework/Versions/A/GLKit
0x0000000293528000 	/usr/lib/usd/libusd_ms.dylib
0x0000000284fcc000 	/System/Library/PrivateFrameworks/USDLib_FormatLoaderProxy.framework/Versions/A/USDLib_FormatLoaderProxy
0x00000002931cf000 	/usr/lib/swift/libswift_errno.dylib
0x00000001bad47000 	/System/Library/PrivateFrameworks/CoreOptimization.framework/Versions/A/CoreOptimization
0x0000000243366000 	/System/Library/PrivateFrameworks/AuthenticationServicesCore.framework/Versions/A/AuthenticationServicesCore
0x00000001c56ff000 	/System/Library/Frameworks/AuthenticationServices.framework/Versions/A/AuthenticationServices
0x000000019f028000 	/System/Library/PrivateFrameworks/SharedWebCredentials.framework/Versions/A/SharedWebCredentials
0x00000001bcac4000 	/System/Library/PrivateFrameworks/SafariCore.framework/Versions/A/SafariCore
0x00000001c5210000 	/System/Library/PrivateFrameworks/SafariFoundation.framework/Versions/A/SafariFoundation
0x00000002446c3000 	/System/Library/PrivateFrameworks/CBORLibrary.framework/Versions/A/CBORLibrary
0x0000000245725000 	/System/Library/PrivateFrameworks/Chirp.framework/Versions/A/Chirp
0x000000024637c000 	/System/Library/PrivateFrameworks/CloudSubscriptionFeatures.framework/Versions/A/CloudSubscriptionFeatures
0x00000001f325c000 	/System/Library/PrivateFrameworks/RemoteManagement.framework/Versions/A/RemoteManagement
0x0000000272e0c000 	/System/Library/PrivateFrameworks/RemoteManagementModel.framework/Versions/A/RemoteManagementModel
0x0000000272e9d000 	/System/Library/PrivateFrameworks/RemoteManagementStore.framework/Versions/A/RemoteManagementStore
0x00000001a3a91000 	/usr/lib/libxcselect.dylib
0x00000001c517f000 	/System/Library/PrivateFrameworks/DifferentialPrivacy.framework/Versions/A/DifferentialPrivacy
0x0000000265e01000 	/System/Library/PrivateFrameworks/ManagedSettingsObjC.framework/Versions/A/ManagedSettingsObjC
0x00000001abd4a000 	/System/Library/PrivateFrameworks/ConfigurationProfiles.framework/Versions/A/ConfigurationProfiles
0x0000000261e17000 	/System/Library/PrivateFrameworks/LockdownMode.framework/Versions/A/LockdownMode
0x0000000285c94000 	/System/Library/PrivateFrameworks/VDAF.framework/Versions/A/VDAF
0x00000001a61c5000 	/System/Library/PrivateFrameworks/SystemAdministration.framework/Versions/A/SystemAdministration
0x00000001b17ad000 	/System/Library/PrivateFrameworks/PowerlogControl.framework/Versions/A/PowerlogControl
0x00000001b17af000 	/usr/lib/libUniversalAccess.dylib
0x00000001adcc5000 	/System/Library/PrivateFrameworks/FamilyControls.framework/Versions/A/FamilyControls
0x00000001a5aa4000 	/System/Library/Frameworks/DirectoryService.framework/Versions/A/DirectoryService
0x00000001aa29f000 	/System/Library/PrivateFrameworks/LoginUIKit.framework/Versions/A/Frameworks/LoginUICore.framework/Versions/A/LoginUICore
0x000000019f6f6000 	/usr/lib/libodfde.dylib
0x00000001adcbf000 	/System/Library/PrivateFrameworks/UniversalAccess.framework/Versions/A/Libraries/libUAPreferences.dylib
0x00000001adce7000 	/System/Library/PrivateFrameworks/CommerceKit.framework/Versions/A/Frameworks/CommerceCore.framework/Versions/A/CommerceCore
0x00000001a1ac7000 	/System/Library/PrivateFrameworks/CoreFollowUp.framework/Versions/A/CoreFollowUp
0x000000024d767000 	/System/Library/PrivateFrameworks/DMCUtilities.framework/Versions/A/DMCUtilities
0x0000000261ea6000 	/System/Library/PrivateFrameworks/MDMClientLibrary.framework/Versions/A/MDMClientLibrary
0x0000000272e91000 	/System/Library/PrivateFrameworks/RemoteManagementProtocol.framework/Versions/A/RemoteManagementProtocol
0x000000024d6c8000 	/System/Library/PrivateFrameworks/DEPClientLibrary.framework/Versions/A/DEPClientLibrary
0x000000024d6f5000 	/System/Library/PrivateFrameworks/DMCEnrollmentLibrary.framework/Versions/A/DMCEnrollmentLibrary
0x00000001b1895000 	/System/Library/PrivateFrameworks/SetupAssistantFramework.framework/Versions/A/SetupAssistantFramework
0x00000001aa9b1000 	/System/Library/PrivateFrameworks/AuthKitUI.framework/Versions/A/AuthKitUI
0x00000001aa2e9000 	/System/Library/PrivateFrameworks/AppSSO.framework/Versions/A/AppSSO
0x00000001c2017000 	/System/Library/PrivateFrameworks/LocalAuthenticationUI.framework/Versions/A/LocalAuthenticationUI
0x00000002703a5000 	/System/Library/PrivateFrameworks/PlatformSSO.framework/Versions/A/PlatformSSO
0x0000000270493000 	/System/Library/PrivateFrameworks/PlatformSSOCore.framework/Versions/A/PlatformSSOCore
0x0000000236b38000 	/System/Library/Frameworks/LocalAuthenticationEmbeddedUI.framework/Versions/A/LocalAuthenticationEmbeddedUI
0x00000001c2b10000 	/System/Library/PrivateFrameworks/AOSUI.framework/Versions/A/AOSUI
0x00000001b360f000 	/System/Library/Frameworks/ContactsUI.framework/Versions/A/ContactsUI
0x00000001a6e2f000 	/System/Library/PrivateFrameworks/FamilyCircle.framework/Versions/A/FamilyCircle
0x00000001d0dac000 	/System/Library/Frameworks/LinkPresentation.framework/Versions/A/LinkPresentation
0x00000001b318f000 	/System/Library/PrivateFrameworks/IASUtilities.framework/Versions/A/IASUtilities
0x000000025c896000 	/System/Library/PrivateFrameworks/IASUtilitiesCore.framework/Versions/A/IASUtilitiesCore
0x0000000272f07000 	/System/Library/PrivateFrameworks/RemoteUI.framework/Versions/A/RemoteUI
0x000000026112a000 	/System/Library/PrivateFrameworks/LiftUI.framework/Versions/A/LiftUI
0x000000028bc03000 	/System/Library/PrivateFrameworks/_IconServices_SwiftUI.framework/Versions/A/_IconServices_SwiftUI
0x00000002462b2000 	/System/Library/PrivateFrameworks/CloudSettings.framework/Versions/A/CloudSettings
0x00000001ac940000 	/System/Library/Frameworks/EventKit.framework/Versions/A/EventKit
0x00000001bbe11000 	/System/Library/PrivateFrameworks/SearchFoundation.framework/Versions/A/SearchFoundation
0x00000001d2f15000 	/System/Library/PrivateFrameworks/Email.framework/Versions/A/Email
0x00000001ba956000 	/System/Library/PrivateFrameworks/CoreRoutine.framework/Versions/A/CoreRoutine
0x00000001f2bb2000 	/System/Library/PrivateFrameworks/VoiceShortcutClient.framework/Versions/A/VoiceShortcutClient
0x00000001ca92d000 	/System/Library/PrivateFrameworks/Categories.framework/Versions/A/Categories
0x00000001c29b4000 	/System/Library/PrivateFrameworks/ChronoServices.framework/Versions/A/ChronoServices
0x000000024515c000 	/System/Library/PrivateFrameworks/CalendarDatabase.framework/Versions/A/CalendarDatabase
0x000000024509d000 	/System/Library/PrivateFrameworks/CalendarDaemon.framework/Versions/A/CalendarDaemon
0x00000001abc85000 	/System/Library/PrivateFrameworks/CalendarFoundation.framework/Versions/A/CalendarFoundation
0x00000001abc40000 	/System/Library/PrivateFrameworks/iCalendar.framework/Versions/A/iCalendar
0x000000024d96c000 	/System/Library/PrivateFrameworks/DataAccessExpress.framework/Versions/A/DataAccessExpress
0x00000001b3777000 	/System/Library/PrivateFrameworks/ContactsAutocomplete.framework/Versions/A/ContactsAutocomplete
0x00000001c2900000 	/System/Library/PrivateFrameworks/FTClientServices.framework/Versions/A/FTClientServices
0x000000027ef10000 	/System/Library/PrivateFrameworks/StorageContainersPrivate.framework/Versions/A/StorageContainersPrivate
0x0000000292e5e000 	/usr/lib/swift/libswiftCoreMediaIO.dylib
0x00000001b3010000 	/System/Library/PrivateFrameworks/CoreDAV.framework/Versions/A/CoreDAV
0x00000001ac80a000 	/System/Library/PrivateFrameworks/CalDAV.framework/Versions/A/CalDAV
0x00000001b7e28000 	/System/Library/PrivateFrameworks/TelephonyUtilities.framework/Versions/A/TelephonyUtilities
0x0000000236af4000 	/System/Library/Frameworks/LiveCommunicationKit.framework/Versions/A/LiveCommunicationKit
0x0000000246bd7000 	/System/Library/PrivateFrameworks/CommunicationTrust.framework/Versions/A/CommunicationTrust
0x00000001bc8d3000 	/System/Library/Frameworks/CallKit.framework/Versions/A/CallKit
0x00000001a6e28000 	/System/Library/PrivateFrameworks/CommunicationsFilter.framework/Versions/A/CommunicationsFilter
0x00000001e77c0000 	/System/Library/PrivateFrameworks/IMTransferServices.framework/Versions/A/IMTransferServices
0x00000001bad60000 	/System/Library/PrivateFrameworks/IncomingCallFilter.framework/Versions/A/IncomingCallFilter
0x000000026b156000 	/System/Library/PrivateFrameworks/NeighborhoodActivityConduit.framework/Versions/A/NeighborhoodActivityConduit
0x00000001bee8a000 	/System/Library/PrivateFrameworks/CallHistory.framework/Versions/A/CallHistory
0x000000029140a000 	/usr/lib/libBASupport.dylib
0x00000002455a3000 	/System/Library/PrivateFrameworks/CallsUtilities.framework/Versions/A/CallsUtilities
0x00000002455af000 	/System/Library/PrivateFrameworks/CallsXPC.framework/Versions/A/CallsXPC
0x00000001f33c7000 	/usr/lib/swift/libswiftCallKit.dylib
0x0000000245595000 	/System/Library/PrivateFrameworks/CallsPersistence.framework/Versions/A/CallsPersistence
0x000000023a70e000 	/System/Library/Frameworks/SensitiveContentAnalysis.framework/Versions/A/SensitiveContentAnalysis
0x00000001bff0a000 	/System/Library/PrivateFrameworks/PeopleSuggester.framework/Versions/A/PeopleSuggester
0x00000001c969e000 	/System/Library/PrivateFrameworks/SpotlightReceiver.framework/Versions/A/SpotlightReceiver
0x000000028bbc3000 	/System/Library/PrivateFrameworks/_AppIntentsServices_AppIntents.framework/Versions/A/_AppIntentsServices_AppIntents
0x0000000240266000 	/System/Library/PrivateFrameworks/AppIntentsServices.framework/Versions/A/AppIntentsServices
0x00000001abc29000 	/System/Library/PrivateFrameworks/CoreRecents.framework/Versions/A/CoreRecents
0x000000023cc10000 	/System/Library/Frameworks/_GeoToolbox_AppIntents.framework/Versions/A/_GeoToolbox_AppIntents
0x00000001dcdd1000 	/System/Library/PrivateFrameworks/DiagnosticRequest.framework/Versions/A/DiagnosticRequest
0x0000000272ace000 	/System/Library/PrivateFrameworks/RegulatoryDomain.framework/Versions/A/RegulatoryDomain
0x00000001a5eb7000 	/usr/lib/libCTGreenTeaLogger.dylib
0x0000000261dea000 	/System/Library/PrivateFrameworks/LocalStatusKit.framework/Versions/A/LocalStatusKit
0x00000001b7d0e000 	/System/Library/PrivateFrameworks/CoreParsec.framework/Versions/A/CoreParsec
0x00000001d2f09000 	/System/Library/PrivateFrameworks/EmailAddressing.framework/Versions/A/EmailAddressing
0x00000001cece4000 	/System/Library/PrivateFrameworks/EmailCore.framework/Versions/A/EmailCore
0x00000001cfdd9000 	/System/Library/PrivateFrameworks/EmailFoundation.framework/Versions/A/EmailFoundation
0x000000026dc7a000 	/System/Library/PrivateFrameworks/PegasusAPI.framework/Versions/A/PegasusAPI
0x000000026ea36000 	/System/Library/PrivateFrameworks/PegasusConfiguration.framework/Versions/A/PegasusConfiguration
0x00000002833f8000 	/System/Library/PrivateFrameworks/ToolKit.framework/Versions/A/ToolKit
0x00000002732c1000 	/System/Library/PrivateFrameworks/ReplicatorEngine.framework/Versions/A/ReplicatorEngine
0x000000027347c000 	/System/Library/PrivateFrameworks/ReplicatorServices.framework/Versions/A/ReplicatorServices
0x0000000280086000 	/System/Library/PrivateFrameworks/SystemWake.framework/Versions/A/SystemWake
0x00000001bcaaa000 	/System/Library/PrivateFrameworks/ContextKit.framework/Versions/A/ContextKit
0x0000000247175000 	/System/Library/PrivateFrameworks/ContextKitCore.framework/Versions/A/ContextKitCore
0x00000001bb007000 	/System/Library/Frameworks/LocalAuthentication.framework/Support/DaemonUtils.framework/Versions/A/DaemonUtils
0x0000000261d4c000 	/System/Library/PrivateFrameworks/LocalAuthenticationCoreUI.framework/Versions/A/LocalAuthenticationCoreUI
0x00000001be484000 	/System/Library/PrivateFrameworks/BridgeXPC.framework/Versions/A/BridgeXPC
0x00000001bbcd8000 	/System/Library/PrivateFrameworks/CoreKDL.framework/Versions/A/CoreKDL
0x00000001ba2ec000 	/System/Library/PrivateFrameworks/EmbeddedOSSupportHost.framework/Versions/A/EmbeddedOSSupportHost
0x00000001ae830000 	/System/Library/PrivateFrameworks/LoginUIKit.framework/Versions/A/LoginUIKit
0x00000001cae2d000 	/System/Library/PrivateFrameworks/StorageKit.framework/Versions/A/StorageKit
0x0000000232042000 	/System/Library/Frameworks/DeviceCheck.framework/Versions/A/DeviceCheck
0x000000024e373000 	/System/Library/PrivateFrameworks/DiskImages2.framework/Versions/A/DiskImages2
0x00000001caea7000 	/System/Library/PrivateFrameworks/CoreWLANKit.framework/Versions/A/CoreWLANKit
0x0000000289178000 	/System/Library/PrivateFrameworks/Wallpaper.framework/Versions/A/Wallpaper
0x0000000292e79000 	/usr/lib/swift/libswiftGLKit.dylib
0x0000000292e85000 	/usr/lib/swift/libswiftMetalKit.dylib
0x0000000292e87000 	/usr/lib/swift/libswiftModelIO.dylib
0x0000000292f4a000 	/usr/lib/swift/libswiftSceneKit.dylib
0x00000001d3e97000 	/System/Library/PrivateFrameworks/DynamicDesktop.framework/Versions/A/DynamicDesktop
0x000000028930b000 	/System/Library/PrivateFrameworks/WallpaperFoundation.framework/Versions/A/WallpaperFoundation
0x000000028936a000 	/System/Library/PrivateFrameworks/WallpaperTypes.framework/Versions/A/WallpaperTypes
0x00000001e95c7000 	/System/Library/PrivateFrameworks/SystemDesktopAppearance.framework/Versions/A/SystemDesktopAppearance
0x000000028ecd2000 	/System/Library/PrivateFrameworks/icloudMCCKit.framework/Versions/A/icloudMCCKit
0x0000000241621000 	/System/Library/PrivateFrameworks/AppleAccountUI.framework/Versions/A/AppleAccountUI
0x00000001dd3f7000 	/System/Library/PrivateFrameworks/PreferencePanesSupport.framework/Versions/A/PreferencePanesSupport
0x00000001c2cbe000 	/System/Library/PrivateFrameworks/FindMyDeviceUI.framework/Versions/A/FindMyDeviceUI
0x000000028c8ab000 	/System/Library/PrivateFrameworks/iCloudQuotaUI.framework/Versions/A/iCloudQuotaUI
0x00000001dd5a8000 	/System/Library/PrivateFrameworks/CoreCDPUI.framework/Versions/A/CoreCDPUI
0x00000001bc803000 	/System/Library/PrivateFrameworks/CoreFollowUpUI.framework/Versions/A/CoreFollowUpUI
0x00000001c9923000 	/System/Library/PrivateFrameworks/IMCore.framework/Versions/A/IMCore
0x00000001b1815000 	/System/Library/PrivateFrameworks/CoreCDP.framework/Versions/A/CoreCDP
0x00000001ad1dd000 	/System/Library/PrivateFrameworks/AskPermission.framework/Versions/A/AskPermission
0x00000001c062a000 	/System/Library/Frameworks/Quartz.framework/Versions/A/Quartz
0x00000001cd398000 	/System/Library/PrivateFrameworks/CloudPhotoServicesConfiguration.framework/Versions/A/CloudPhotoServicesConfiguration
0x00000001becaa000 	/System/Library/PrivateFrameworks/CommerceKit.framework/Versions/A/CommerceKit
0x00000001cedb6000 	/System/Library/PrivateFrameworks/FindMyMac.framework/Versions/A/FindMyMac
0x00000001cec86000 	/System/Library/Frameworks/PreferencePanes.framework/Versions/A/PreferencePanes
0x00000001c2105000 	/System/Library/Frameworks/AddressBook.framework/Versions/A/AddressBook
0x00000001ac06f000 	/System/Library/PrivateFrameworks/AOSAccounts.framework/Versions/A/AOSAccounts
0x00000001a61bf000 	/System/Library/PrivateFrameworks/AppleSRP.framework/Versions/A/AppleSRP
0x00000001aab9c000 	/System/Library/PrivateFrameworks/NetFSServer.framework/Versions/A/NetFSServer
0x00000001bda12000 	/System/Library/Frameworks/PDFKit.framework/Versions/A/PDFKit
0x0000000292e9d000 	/usr/lib/swift/libswiftPassKit.dylib
0x00000001e16d0000 	/System/Library/Frameworks/PassKit.framework/Versions/A/PassKit
0x00000001ae93f000 	/System/Library/PrivateFrameworks/PassKitCore.framework/Versions/A/PassKitCore
0x000000026d594000 	/System/Library/PrivateFrameworks/PassKitMacHelperTemp.framework/Versions/A/PassKitMacHelperTemp
0x0000000291365000 	/usr/lib/libAppleSSE.dylib
0x00000001bb04f000 	/System/Library/PrivateFrameworks/BiometricKit.framework/Versions/A/BiometricKit
0x0000000273ada000 	/System/Library/PrivateFrameworks/SEService.framework/Versions/A/SEService
0x000000023594b000 	/System/Library/Frameworks/FinanceKit.framework/Versions/A/FinanceKit
0x00000001c06d6000 	/System/Library/PrivateFrameworks/NearField.framework/Versions/A/NearField
0x0000000273a51000 	/System/Library/PrivateFrameworks/SESShared.framework/Versions/A/SESShared
0x0000000273d5c000 	/System/Library/PrivateFrameworks/STSXPCHelperClient.framework/Versions/A/STSXPCHelperClient
0x00000001c251f000 	/usr/lib/libnfshared.dylib
0x000000027fe05000 	/System/Library/PrivateFrameworks/Symptoms.framework/Versions/A/Frameworks/SymptomPresentationFeed.framework/Versions/A/SymptomPresentationFeed
0x00000002420fc000 	/System/Library/PrivateFrameworks/AppleMediaServicesKitInternal.framework/Versions/A/AppleMediaServicesKitInternal
0x000000027fb3f000 	/System/Library/PrivateFrameworks/SymptomShared.framework/Versions/A/SymptomShared
0x00000001e4641000 	/System/Library/PrivateFrameworks/PassKitUIFoundation.framework/Versions/A/PassKitUIFoundation
0x00000001a5ae2000 	/System/Library/Frameworks/MapKit.framework/Versions/A/MapKit
0x00000002595b4000 	/System/Library/PrivateFrameworks/GeoAnalytics.framework/Versions/A/GeoAnalytics
0x00000001c254e000 	/System/Library/PrivateFrameworks/Navigation.framework/Versions/A/Navigation
0x00000001cc418000 	/System/Library/PrivateFrameworks/VectorKit.framework/Versions/A/VectorKit
0x00000001b3258000 	/System/Library/PrivateFrameworks/VirtualGarage.framework/Versions/A/VirtualGarage
0x00000001c274b000 	/System/Library/Frameworks/ExternalAccessory.framework/ExternalAccessory
0x00000001c2766000 	/System/Library/PrivateFrameworks/IAP.framework/Versions/A/IAP
0x00000001a5da4000 	/System/Library/PrivateFrameworks/IOPlatformPluginFamily.framework/Versions/A/IOPlatformPluginFamily
0x00000002434bc000 	/System/Library/PrivateFrameworks/AvatarKit.framework/Versions/A/AvatarKit
0x000000024357b000 	/System/Library/PrivateFrameworks/AvatarPersistence.framework/Versions/A/AvatarPersistence
0x000000023c07b000 	/System/Library/Frameworks/TipKit.framework/Versions/A/TipKit
0x00000001ae3e8000 	/System/Library/PrivateFrameworks/IMSharedUtilities.framework/Versions/A/IMSharedUtilities
0x0000000292e3e000 	/usr/lib/swift/libswiftAppleArchive.dylib
0x0000000285d90000 	/System/Library/PrivateFrameworks/VFX.framework/Versions/A/VFX
0x00000001df225000 	/System/Library/PrivateFrameworks/AppleCVA.framework/Versions/A/AppleCVA
0x000000024357a000 	/System/Library/PrivateFrameworks/AvatarKitContent.framework/Versions/A/AvatarKitContent
0x00000002378a1000 	/System/Library/Frameworks/MetalFX.framework/Versions/A/MetalFX
0x0000000246cee000 	/System/Library/PrivateFrameworks/CompositorNonUI.framework/Versions/A/CompositorNonUI
0x0000000233bb9000 	/System/Library/Frameworks/ARKit.framework/Versions/A/ARKit
0x000000023e8af000 	/System/Library/PrivateFrameworks/ARKitCore.framework/Versions/A/ARKitCore
0x0000000291456000 	/usr/lib/libDisplayWarpSupport.dylib
0x0000000248fc1000 	/System/Library/PrivateFrameworks/CoreComposite.framework/Versions/A/CoreComposite
0x0000000291e37000 	/usr/lib/libchannel.dylib
0x0000000292a97000 	/usr/lib/librealtime_safety.dylib
0x000000023e93b000 	/System/Library/PrivateFrameworks/ARKitFoundation.framework/Versions/A/ARKitFoundation
0x00000002416bd000 	/System/Library/PrivateFrameworks/AppleDepth.framework/Versions/A/AppleDepth
0x000000024183a000 	/System/Library/PrivateFrameworks/AppleDepthCore.framework/Versions/A/AppleDepthCore
0x00000001a5edf000 	/System/Library/PrivateFrameworks/CoreAppleCVA.framework/Versions/A/CoreAppleCVA
0x00000001b338e000 	/System/Library/PrivateFrameworks/ContactsUICore.framework/Versions/A/ContactsUICore
0x00000001bae7b000 	/System/Library/PrivateFrameworks/ContactsDonation.framework/Versions/A/ContactsDonation
0x00000001ba728000 	/System/Library/PrivateFrameworks/DataDetectors.framework/Versions/A/DataDetectors
0x00000001ac7f6000 	/System/Library/Frameworks/MediaLibrary.framework/Versions/A/MediaLibrary
0x00000001a6e17000 	/System/Library/PrivateFrameworks/PersonaKit.framework/Versions/A/PersonaKit
0x00000001b337b000 	/System/Library/PrivateFrameworks/PersonaUI.framework/Versions/A/PersonaUI
0x00000001ce67a000 	/System/Library/PrivateFrameworks/Transparency.framework/Versions/A/Transparency
0x000000024fed4000 	/System/Library/PrivateFrameworks/FindMyLocate.framework/Versions/A/FindMyLocate
0x00000001bc780000 	/System/Library/PrivateFrameworks/IntlPreferences.framework/Versions/A/IntlPreferences
0x000000024d020000 	/System/Library/PrivateFrameworks/CoreTransparency.framework/Versions/A/CoreTransparency
0x000000024fda8000 	/System/Library/PrivateFrameworks/FindMyCommon.framework/Versions/A/FindMyCommon
0x000000024fb7b000 	/System/Library/PrivateFrameworks/FindMyBase.framework/Versions/A/FindMyBase
0x0000000239339000 	/System/Library/Frameworks/NearbyInteraction.framework/Versions/A/NearbyInteraction
0x00000001a6a03000 	/System/Library/PrivateFrameworks/AddressBookCore.framework/Versions/A/AddressBookCore
0x00000001c22a2000 	/System/Library/PrivateFrameworks/ToneKit.framework/Versions/A/ToneKit
0x00000001bc7c7000 	/System/Library/PrivateFrameworks/ToneLibrary.framework/Versions/A/ToneLibrary
0x0000000246ff7000 	/System/Library/PrivateFrameworks/ContactsAccounts.framework/Versions/A/ContactsAccounts
0x00000001c0541000 	/System/Library/PrivateFrameworks/Lookup.framework/Versions/A/Lookup
0x0000000239c5a000 	/System/Library/Frameworks/QuickLookUI.framework/Versions/A/QuickLookUI
0x000000023a687000 	/System/Library/Frameworks/ScreenCaptureKit.framework/Versions/A/ScreenCaptureKit
0x00000001bd531000 	/System/Library/Frameworks/Quartz.framework/Versions/A/Frameworks/QuartzComposer.framework/Versions/A/QuartzComposer
0x00000001bc757000 	/System/Library/Frameworks/Quartz.framework/Versions/A/Frameworks/QuartzFilters.framework/Versions/A/QuartzFilters
0x00000001bb7dc000 	/System/Library/Frameworks/Quartz.framework/Versions/A/Frameworks/ImageKit.framework/Versions/A/ImageKit
0x00000002339ba000 	/System/Library/Frameworks/OpenCL.framework/Versions/A/OpenCL
0x00000001b9cc6000 	/System/Library/PrivateFrameworks/CorePDF.framework/Versions/A/CorePDF
0x00000001a3a0b000 	/System/Library/Frameworks/QuickLook.framework/Versions/A/QuickLook
0x00000001ae82b000 	/System/Library/PrivateFrameworks/DisplayServices.framework/Versions/A/DisplayServices
0x00000001bc6db000 	/System/Library/Frameworks/ImageCaptureCore.framework/Versions/A/ImageCaptureCore
0x0000000287cb8000 	/System/Library/PrivateFrameworks/VisionKitCore.framework/Versions/A/VisionKitCore
0x00000001b7cde000 	/System/Library/PrivateFrameworks/QuickLookSupport.framework/Versions/A/QuickLookSupport
0x000000026670b000 	/System/Library/PrivateFrameworks/MediaAnalysisServices.framework/Versions/A/MediaAnalysisServices
0x00000001bf4c8000 	/System/Library/PrivateFrameworks/PhotoLibraryServices.framework/Versions/A/PhotoLibraryServices
0x00000001bc2ec000 	/System/Library/Frameworks/Photos.framework/Versions/A/Photos
0x00000001d11ad000 	/System/Library/PrivateFrameworks/PhotosFormats.framework/Versions/A/PhotosFormats
0x0000000286de9000 	/System/Library/PrivateFrameworks/VectorSearch.framework/Versions/A/VectorSearch
0x00000001cd3c4000 	/System/Library/PrivateFrameworks/CloudPhotoLibrary.framework/Versions/A/CloudPhotoLibrary
0x00000001d6c5c000 	/System/Library/PrivateFrameworks/CloudPhotoServices.framework/Versions/A/CloudPhotoServices
0x00000001d308c000 	/System/Library/PrivateFrameworks/CoreMediaStream.framework/Versions/A/CoreMediaStream
0x00000001a74e6000 	/System/Library/PrivateFrameworks/CPAnalytics.framework/Versions/A/CPAnalytics
0x00000001cf412000 	/System/Library/PrivateFrameworks/MediaConversionService.framework/Versions/A/MediaConversionService
0x00000001ae3d4000 	/System/Library/PrivateFrameworks/PhotoFoundation.framework/Versions/A/PhotoFoundation
0x000000026f065000 	/System/Library/PrivateFrameworks/PhotoLibraryServicesCore.framework/Versions/A/PhotoLibraryServicesCore
0x00000001c9009000 	/System/Library/PrivateFrameworks/MMCS.framework/Versions/A/MMCS
0x00000001ac651000 	/System/Library/PrivateFrameworks/ChunkingLibrary.framework/Versions/A/ChunkingLibrary
0x00000001a618c000 	/System/Library/PrivateFrameworks/AssetCacheServices.framework/Versions/A/AssetCacheServices
0x00000001a8192000 	/System/Library/PrivateFrameworks/AVFoundationCF.framework/Versions/A/AVFoundationCF
0x00000001e76b7000 	/usr/lib/swift/libswiftDemangle.dylib
0x000000025ca85000 	/System/Library/PrivateFrameworks/ImageCaptureDevices.framework/Versions/A/ImageCaptureDevices
0x00000001ba9ec000 	/System/Library/PrivateFrameworks/MediaStream.framework/Versions/A/MediaStream
0x00000001cf900000 	/System/Library/PrivateFrameworks/NeutrinoCore.framework/Versions/A/NeutrinoCore
0x0000000195304000 	/System/Library/PrivateFrameworks/NLP.framework/Versions/A/NLP
0x00000001d59b1000 	/System/Library/PrivateFrameworks/PhotoImaging.framework/Versions/A/PhotoImaging
0x00000001d6c1d000 	/System/Library/PrivateFrameworks/PhotosImagingFoundation.framework/Versions/A/PhotosImagingFoundation
0x000000026fc10000 	/System/Library/PrivateFrameworks/PhotosIntelligenceCore.framework/Versions/A/PhotosIntelligenceCore
0x00000001a862a000 	/System/Library/PrivateFrameworks/EmbeddedAcousticRecognition.framework/Versions/A/EmbeddedAcousticRecognition
0x00000001c44dc000 	/System/Library/PrivateFrameworks/EmojiFoundation.framework/Versions/A/EmojiFoundation
0x00000001cd63e000 	/System/Library/PrivateFrameworks/SDAPI.framework/Versions/A/SDAPI
0x00000002607f1000 	/System/Library/PrivateFrameworks/IsolatedContextLogging.framework/Versions/A/IsolatedContextLogging
0x00000001d6c6b000 	/System/Library/PrivateFrameworks/AutoLoop.framework/Versions/A/AutoLoop
0x0000000270837000 	/System/Library/PrivateFrameworks/Portrait.framework/Versions/A/Portrait
0x00000002505fe000 	/System/Library/PrivateFrameworks/FusionTracker.framework/Versions/A/FusionTracker
0x00000001bcfb4000 	/System/Library/PrivateFrameworks/iTunesCloud.framework/Versions/A/iTunesCloud
0x00000001c6408000 	/System/Library/PrivateFrameworks/DAAPKit.framework/Versions/A/DAAPKit
0x00000001b8079000 	/System/Library/PrivateFrameworks/DeviceManagement.framework/Versions/A/DeviceManagement
0x00000001dcd23000 	/System/Library/PrivateFrameworks/ScreenTimeUI.framework/Versions/A/ScreenTimeUI
0x00000001ba722000 	/System/Library/PrivateFrameworks/QuickLookNonBaseSystem.framework/Versions/A/QuickLookNonBaseSystem
0x00000001baf52000 	/System/Library/PrivateFrameworks/Catalyst.framework/Versions/A/Catalyst
0x00000001bc97b000 	/System/Library/PrivateFrameworks/ScreenTimeCore.framework/Versions/A/ScreenTimeCore
0x00000001d0607000 	/System/Library/PrivateFrameworks/ScreenTimeServiceUI.framework/Versions/A/ScreenTimeServiceUI
0x00000001c919b000 	/System/Library/PrivateFrameworks/ConfigurationEngineModel.framework/Versions/A/ConfigurationEngineModel
0x00000001cc3d2000 	/System/Library/PrivateFrameworks/UsageTracking.framework/Versions/A/UsageTracking
0x0000000235598000 	/System/Library/Frameworks/DeviceActivity.framework/Versions/A/DeviceActivity
0x00000001cc3a1000 	/System/Library/PrivateFrameworks/KnowledgeMonitor.framework/Versions/A/KnowledgeMonitor
0x00000001e45e7000 	/System/Library/PrivateFrameworks/BluetoothManager.framework/Versions/A/BluetoothManager
0x0000000236c2b000 	/System/Library/Frameworks/ManagedSettings.framework/Versions/A/ManagedSettings
0x0000000265e46000 	/System/Library/PrivateFrameworks/ManagedSettingsSupport.framework/Versions/A/ManagedSettingsSupport
0x00000001e17a1000 	/System/Library/Frameworks/ReplayKit.framework/Versions/A/ReplayKit
0x00000001af853000 	/System/Library/PrivateFrameworks/MarkupUI.framework/Versions/A/MarkupUI
0x00000001ba6f9000 	/System/Library/PrivateFrameworks/SidecarCore.framework/Versions/A/SidecarCore
0x00000001bd3e5000 	/System/Library/PrivateFrameworks/AnnotationKit.framework/Versions/A/AnnotationKit
0x00000001bba0f000 	/System/Library/Frameworks/PencilKit.framework/Versions/A/PencilKit
0x00000001bbbd3000 	/System/Library/PrivateFrameworks/SidecarUI.framework/Versions/A/SidecarUI
0x00000001bb37a000 	/System/Library/PrivateFrameworks/CoreHandwriting.framework/Versions/A/CoreHandwriting
0x000000018eee6000 	/usr/lib/libmecabra.dylib
0x00000001b3989000 	/System/Library/PrivateFrameworks/Calculate.framework/Versions/A/Calculate
0x000000019edda000 	/usr/lib/libChineseTokenizer.dylib
0x00000001f3181000 	/System/Library/PrivateFrameworks/ScreenReaderCore.framework/Versions/A/ScreenReaderCore
0x000000027eea2000 	/System/Library/PrivateFrameworks/StocksKit.framework/Versions/A/StocksKit
0x00000001b2930000 	/System/Library/PrivateFrameworks/OAuth.framework/Versions/A/OAuth
0x000000027eb98000 	/System/Library/PrivateFrameworks/StocksCore.framework/Versions/A/StocksCore
0x000000028039c000 	/System/Library/PrivateFrameworks/TeaFoundation.framework/Versions/A/TeaFoundation
0x0000000280583000 	/System/Library/PrivateFrameworks/TeaSettings.framework/Versions/A/TeaSettings
0x00000001e8dd6000 	/System/Library/PrivateFrameworks/NewsCore.framework/Versions/A/NewsCore
0x0000000280339000 	/System/Library/PrivateFrameworks/TeaDB.framework/Versions/A/TeaDB
0x00000001e5760000 	/System/Library/PrivateFrameworks/RemoteConfiguration.framework/Versions/A/RemoteConfiguration
0x00000001e89ba000 	/System/Library/PrivateFrameworks/NewsTransport.framework/Versions/A/NewsTransport
0x00000001e8dc6000 	/System/Library/PrivateFrameworks/NewsFoundation.framework/Versions/A/NewsFoundation
0x000000026b75e000 	/System/Library/PrivateFrameworks/NewsURLBucket.framework/Versions/A/NewsURLBucket
0x00000001bf0c7000 	/System/Library/PrivateFrameworks/MobileInstallation.framework/Versions/A/MobileInstallation
0x000000023c1e4000 	/System/Library/Frameworks/Translation.framework/Versions/A/Translation
0x00000001d8648000 	/System/Library/PrivateFrameworks/RevealCore.framework/Versions/A/RevealCore
0x00000001d863c000 	/System/Library/PrivateFrameworks/Reveal.framework/Versions/A/Reveal
0x00000001d02b2000 	/System/Library/Frameworks/Speech.framework/Versions/A/Speech
0x000000023d6da000 	/System/Library/PrivateFrameworks/AIMLExperimentationAnalytics.framework/Versions/A/AIMLExperimentationAnalytics
0x000000023fb86000 	/System/Library/PrivateFrameworks/AlgorithmsInternal.framework/Versions/A/AlgorithmsInternal
0x0000000283cfe000 	/System/Library/PrivateFrameworks/TranslationUIServices.framework/Versions/A/TranslationUIServices
0x0000000282a4f000 	/System/Library/PrivateFrameworks/TipKitCore.framework/Versions/A/TipKitCore
0x00000001c4561000 	/System/Library/PrivateFrameworks/CoreCDPInternal.framework/Versions/A/CoreCDPInternal
0x000000025d25f000 	/System/Library/PrivateFrameworks/InputAnalytics.framework/Versions/A/InputAnalytics
0x00000001ca224000 	/System/Library/Frameworks/InstantMessage.framework/Versions/A/InstantMessage
0x00000001c2010000 	/System/Library/PrivateFrameworks/IDSKVStore.framework/Versions/A/IDSKVStore
0x00000001c1cae000 	/System/Library/PrivateFrameworks/IMDPersistence.framework/Versions/A/IMDPersistence
0x0000000285c8a000 	/System/Library/PrivateFrameworks/UserSafety.framework/Versions/A/UserSafety
0x00000001e364c000 	/System/Library/PrivateFrameworks/BlastDoor.framework/Versions/A/BlastDoor
0x0000000261958000 	/System/Library/PrivateFrameworks/LinkPresentationStyleSheetParsing.framework/Versions/A/LinkPresentationStyleSheetParsing
0x00000002709f8000 	/System/Library/PrivateFrameworks/PosterFoundation.framework/Versions/A/PosterFoundation
0x0000000270a86000 	/System/Library/PrivateFrameworks/PosterModel.framework/Versions/A/PosterModel
0x0000000270a60000 	/System/Library/PrivateFrameworks/PosterFuturesKit.framework/Versions/A/PosterFuturesKit
0x000000024f952000 	/System/Library/PrivateFrameworks/FeedbackService.framework/Versions/A/FeedbackService
0x00000001badcf000 	/System/Library/PrivateFrameworks/CoreSDB.framework/Versions/A/CoreSDB
0x0000000242c3b000 	/System/Library/PrivateFrameworks/AskToCore.framework/Versions/A/AskToCore
0x00000001dd5a5000 	/System/Library/PrivateFrameworks/MachineSettings.framework/Versions/A/MachineSettings
0x00000001cebff000 	/System/Library/PrivateFrameworks/BezelServices.framework/Versions/A/BezelServices
0x00000001c6493000 	/System/Library/PrivateFrameworks/SPOwner.framework/Versions/A/SPOwner
0x00000001bed0f000 	/System/Library/PrivateFrameworks/FMCore.framework/Versions/A/FMCore
0x000000028c7fd000 	/System/Library/PrivateFrameworks/iCloudQuota.framework/Versions/A/iCloudQuota
0x00000001b32f4000 	/System/Library/PrivateFrameworks/CoreRecognition.framework/Versions/A/CoreRecognition
0x00000001cecbf000 	/System/Library/PrivateFrameworks/InAppMessages.framework/Versions/A/InAppMessages
0x00000001f1d30000 	/System/Library/PrivateFrameworks/JetUI.framework/Versions/A/JetUI
0x0000000260b50000 	/System/Library/PrivateFrameworks/JetPack.framework/Versions/A/JetPack
0x00000001cecb6000 	/System/Library/PrivateFrameworks/InAppMessagesCore.framework/Versions/A/InAppMessagesCore
0x000000028bc13000 	/System/Library/PrivateFrameworks/_JetEngine_SwiftUI.framework/Versions/A/_JetEngine_SwiftUI
0x000000027fe2e000 	/System/Library/PrivateFrameworks/Synapse.framework/Versions/A/Synapse
0x0000000244eeb000 	/System/Library/PrivateFrameworks/CSExattrCrypto.framework/Versions/A/CSExattrCrypto
0x00000001c0238000 	/System/Library/PrivateFrameworks/StoreFoundation.framework/Versions/A/StoreFoundation
0x00000001bed09000 	/System/Library/PrivateFrameworks/ServerInformation.framework/Versions/A/ServerInformation
0x00000001be71e000 	/System/Library/PrivateFrameworks/Install.framework/Frameworks/DistributionKit.framework/Versions/A/DistributionKit
0x00000001b7ab2000 	/System/Library/PrivateFrameworks/PackageKit.framework/Versions/A/PackageKit
0x00000001be741000 	/System/Library/PrivateFrameworks/OSPersonalization.framework/Versions/A/OSPersonalization
0x00000001c079f000 	/System/Library/PrivateFrameworks/BridgeOSSoftwareUpdate.framework/Versions/A/BridgeOSSoftwareUpdate
0x00000001bb277000 	/System/Library/PrivateFrameworks/StorageManagement.framework/Versions/A/StorageManagement
0x00000001d0132000 	/usr/lib/libauthinstall.dylib
0x00000001c07a8000 	/System/Library/PrivateFrameworks/InstallerDiagnostics.framework/Versions/A/InstallerDiagnostics
0x00000001d07ef000 	/usr/lib/libcrypto.42.dylib
0x000000029337b000 	/usr/lib/updaters/libAppleTconUARPUpdater.dylib
0x0000000293510000 	/usr/lib/updaters/libT200Updater.dylib
0x00000001c078d000 	/System/Library/PrivateFrameworks/GPUInfo.framework/Versions/A/GPUInfo
0x00000001cedbc000 	/System/Library/PrivateFrameworks/MobileActivationMacOS.framework/Versions/A/MobileActivationMacOS
0x00000001b2874000 	/System/Library/PrivateFrameworks/AccountsDaemon.framework/Versions/A/AccountsDaemon
0x00000001c07eb000 	/System/Library/PrivateFrameworks/AOSKit.framework/Versions/A/AOSKit
0x000000019ef09000 	/System/Library/PrivateFrameworks/AppSSOCore.framework/Versions/A/AppSSOCore
0x0000000243689000 	/System/Library/PrivateFrameworks/BackgroundSystemTasks.framework/Versions/A/BackgroundSystemTasks
0x00000001aabd6000 	/System/Library/PrivateFrameworks/DuetActivityScheduler.framework/Versions/A/DuetActivityScheduler
0x00000001cd2ef000 	/System/Library/PrivateFrameworks/NetworkServiceProxy.framework/Versions/A/NetworkServiceProxy
0x00000001a5e18000 	/usr/lib/libnetworkextension.dylib
0x000000027fb4f000 	/System/Library/PrivateFrameworks/Symptoms.framework/Versions/A/Frameworks/SymptomAnalytics.framework/Versions/A/SymptomAnalytics
0x00000001a2927000 	/System/Library/Frameworks/NetworkExtension.framework/Versions/A/NetworkExtension
0x00000001a92f0000 	/System/Library/PrivateFrameworks/CoreDuetContext.framework/Versions/A/CoreDuetContext
0x0000000193958000 	/System/Library/PrivateFrameworks/CoreDuet.framework/Versions/A/CoreDuet
0x00000001ae10e000 	/System/Library/PrivateFrameworks/AssistantServices.framework/Versions/A/AssistantServices
0x00000001a82d6000 	/System/Library/PrivateFrameworks/SAObjects.framework/Versions/A/SAObjects
0x00000001adcf4000 	/System/Library/PrivateFrameworks/MediaRemote.framework/Versions/A/MediaRemote
0x000000027c3c5000 	/System/Library/PrivateFrameworks/SiriTTSService.framework/Versions/A/SiriTTSService
0x0000000276abd000 	/System/Library/PrivateFrameworks/SiriCrossDeviceArbitration.framework/Versions/A/SiriCrossDeviceArbitration
0x000000024f4dc000 	/System/Library/PrivateFrameworks/FaceTimeNameUtility.framework/Versions/A/FaceTimeNameUtility
0x0000000276b11000 	/System/Library/PrivateFrameworks/SiriCrossDeviceArbitrationFeedback.framework/Versions/A/SiriCrossDeviceArbitrationFeedback
0x00000001cf644000 	/System/Library/PrivateFrameworks/UIKitServices.framework/Versions/A/UIKitServices
0x00000001b3104000 	/System/Library/PrivateFrameworks/MediaServices.framework/Versions/A/MediaServices
0x000000019f353000 	/System/Library/PrivateFrameworks/PersistentConnection.framework/Versions/A/PersistentConnection
0x000000027dcaf000 	/System/Library/PrivateFrameworks/SonicFoundation.framework/Versions/A/SonicFoundation
0x00000001c2d11000 	/usr/lib/libtailspin.dylib
0x00000001d6d7d000 	/System/Library/PrivateFrameworks/Osprey.framework/Versions/A/Osprey
0x000000027ba45000 	/System/Library/PrivateFrameworks/SiriTTS.framework/Versions/A/SiriTTS
0x000000027a604000 	/System/Library/PrivateFrameworks/SiriPowerInstrumentation.framework/Versions/A/SiriPowerInstrumentation
0x0000000280337000 	/System/Library/PrivateFrameworks/TailspinSymbolication.framework/Versions/A/TailspinSymbolication
0x000000024d832000 	/System/Library/PrivateFrameworks/Darwinup.framework/Versions/A/Darwinup
0x00000001cf44d000 	/System/Library/PrivateFrameworks/SignpostSupport.framework/Versions/A/SignpostSupport
0x00000001bad4c000 	/System/Library/PrivateFrameworks/FeatureFlagsSupport.framework/Versions/A/FeatureFlagsSupport
0x00000001ceb0d000 	/System/Library/PrivateFrameworks/ktrace.framework/Versions/A/ktrace
0x00000001cf67c000 	/System/Library/PrivateFrameworks/SampleAnalysis.framework/Versions/A/SampleAnalysis
0x00000001d8616000 	/System/Library/PrivateFrameworks/kperfdata.framework/Versions/A/kperfdata
0x00000001a3b49000 	/usr/lib/libdscsym.dylib
0x00000001d8aeb000 	/System/Library/PrivateFrameworks/BulkSymbolication.framework/Versions/A/BulkSymbolication
0x00000001abd24000 	/System/Library/PrivateFrameworks/CoreDuetDaemonProtocol.framework/Versions/A/CoreDuetDaemonProtocol
0x00000001c00b9000 	/System/Library/PrivateFrameworks/CaptiveNetwork.framework/Versions/A/CaptiveNetwork
0x00000001aa11d000 	/System/Library/PrivateFrameworks/EAP8021X.framework/Versions/A/EAP8021X
0x000000024d5f7000 	/System/Library/PrivateFrameworks/CryptoKitPrivate.framework/Versions/A/CryptoKitPrivate
0x00000001ba31c000 	/System/Library/PrivateFrameworks/FindMyDevice.framework/Versions/A/FindMyDevice
0x00000001ae91e000 	/System/Library/PrivateFrameworks/FMCoreLite.framework/Versions/A/FMCoreLite
0x000000019c97a000 	/System/Library/Frameworks/ServiceManagement.framework/Versions/A/ServiceManagement
0x00000001c1c2c000 	/System/Library/Frameworks/Accelerate.framework/Versions/A/Frameworks/vImage.framework/Versions/A/Libraries/libCGInterfaces.dylib
0x0000000147f18000 	/System/Library/Extensions/AGXMetalG13X.bundle/Contents/MacOS/AGXMetalG13X
0x00000001b2f9e000 	/System/Library/PrivateFrameworks/IOGPU.framework/Versions/A/IOGPU
0x0000000233838000 	/System/Library/Frameworks/OpenGL.framework/Versions/A/Resources/GLEngine.bundle/GLEngine
0x00000002336d8000 	/System/Library/Frameworks/OpenGL.framework/Versions/A/Libraries/libGLProgrammability.dylib
0x000000012ef30000 	/System/Library/Extensions/AppleMetalOpenGLRenderer.bundle/Contents/MacOS/AppleMetalOpenGLRenderer
0x0000000233996000 	/System/Library/Frameworks/OpenGL.framework/Versions/A/Resources/GLRendererFloat.bundle/GLRendererFloat
0x0000000146fb0000 	/private/var/folders/97/0x7l_2j54nz3607j4cfqcp300000gn/T/libjcocoa5543961450589793598.dylib
0x00000001c5267000 	/System/Library/CoreServices/RawCamera.bundle/Contents/MacOS/RawCamera
0x00000001ca940000 	/System/Library/PrivateFrameworks/TextToSpeech.framework/Versions/A/TextToSpeech
0x00000001cfc0c000 	/System/Library/PrivateFrameworks/AXAssetLoader.framework/Versions/A/AXAssetLoader
0x000000027f655000 	/System/Library/PrivateFrameworks/SwiftSQLite.framework/Versions/A/SwiftSQLite
0x000000023ef7a000 	/System/Library/PrivateFrameworks/AccessibilityUtilities.framework/Versions/A/AccessibilityUtilities
0x00000001ba5c8000 	/System/Library/PrivateFrameworks/AccessibilitySharedSupport.framework/Versions/A/AccessibilitySharedSupport
0x00000001dcd72000 	/System/Library/PrivateFrameworks/AXRuntime.framework/Versions/A/AXRuntime
0x00000001c00c7000 	/System/Library/PrivateFrameworks/UniversalAccess.framework/Versions/A/UniversalAccess
0x000000027410f000 	/System/Library/PrivateFrameworks/Sage.framework/Versions/A/Sage
0x00000001ceafd000 	/System/Library/PrivateFrameworks/AccessibilitySupport.framework/Versions/A/AccessibilitySupport
0x00000001d07ab000 	/System/Library/PrivateFrameworks/UniversalAccess.framework/Versions/A/Frameworks/UniversalAccessCore.framework/Versions/A/UniversalAccessCore
0x00000001d8ac2000 	/System/Library/PrivateFrameworks/AccessibilitySupport.framework/Versions/A/Frameworks/AccessibilityEvents.framework/Versions/A/AccessibilityEvents
0x00000001cf827000 	/System/Library/PrivateFrameworks/AccessibilitySupport.framework/Versions/A/Frameworks/AccessibilityFoundation.framework/Versions/A/AccessibilityFoundation
0x00000001d89eb000 	/System/Library/PrivateFrameworks/AccessibilitySupport.framework/Versions/A/Frameworks/AccessibilityKit.framework/Versions/A/AccessibilityKit
0x00000001d8a55000 	/System/Library/PrivateFrameworks/AccessibilitySupport.framework/Versions/A/Frameworks/AccessibilityVisuals.framework/Versions/A/AccessibilityVisuals
0x00000001a82a1000 	/System/Library/PrivateFrameworks/BatteryUIKit.framework/Versions/A/BatteryUIKit
0x000000028574e000 	/System/Library/PrivateFrameworks/UniversalControl.framework/Versions/A/UniversalControl
0x00000001aab8e000 	/usr/lib/libScreenReader.dylib
0x0000000280b51000 	/System/Library/PrivateFrameworks/TextInputUI.framework/Versions/A/TextInputUI
0x0000000280b87000 	/System/Library/PrivateFrameworks/TextInputUIMacHelper.framework/Versions/A/TextInputUIMacHelper
0x000000023eb8b000 	/System/Library/PrivateFrameworks/AccessibilityBundles.framework/Versions/A/AccessibilityBundles
0x00000001601cc000 	/Users/charlieichikowitz/Library/Application Support/ModrinthApp/meta/java_versions/zulu25.34.17-ca-jre25.0.3-macosx_aarch64/Contents/Home/lib/libawt.dylib
0x0000000236aa8000 	/System/Library/Frameworks/JavaRuntimeSupport.framework/Versions/A/JavaRuntimeSupport
0x00000001603b0000 	/Users/charlieichikowitz/Library/Application Support/ModrinthApp/meta/java_versions/zulu25.34.17-ca-jre25.0.3-macosx_aarch64/Contents/Home/lib/libawt_lwawt.dylib
0x0000000160170000 	/Users/charlieichikowitz/Library/Application Support/ModrinthApp/meta/java_versions/zulu25.34.17-ca-jre25.0.3-macosx_aarch64/Contents/Home/lib/libosxapp.dylib
0x00000001b8143000 	/System/Library/Frameworks/ExceptionHandling.framework/Versions/A/ExceptionHandling
0x000000016063c000 	/Users/charlieichikowitz/Library/Application Support/ModrinthApp/meta/java_versions/zulu25.34.17-ca-jre25.0.3-macosx_aarch64/Contents/Home/lib/libfontmanager.dylib
0x00000001604e0000 	/Users/charlieichikowitz/Library/Application Support/ModrinthApp/meta/java_versions/zulu25.34.17-ca-jre25.0.3-macosx_aarch64/Contents/Home/lib/libfreetype.dylib
0x00000001c5257000 	/System/Library/PrivateFrameworks/SafariPlatformSupport.framework/Versions/A/SafariPlatformSupport
0x00000001607d4000 	/System/Library/Components/CoreAudio.component/Contents/MacOS/CoreAudio
0x0000000160350000 	/System/Library/Frameworks/Security.framework/Versions/A/PlugIns/csparser.bundle/Contents/MacOS/csparser
0x0000000172d38000 	/Users/charlieichikowitz/Library/Application Support/ModrinthApp/profiles/Ramen simple mods 1.0.3.1 1.0.0/config/spark/tmp/spark-10a1599832f9b-libasyncProfiler.so.tmp
0x0000000176988000 	/private/var/folders/97/0x7l_2j54nz3607j4cfqcp300000gn/T/sqlite-3.53.4.0-62904f44-e7fd-4be6-9b17-de354d5f7de3-libsqlitejdbc.dylib
0x0000000173004000 	/Users/charlieichikowitz/Library/Application Support/ModrinthApp/meta/java_versions/zulu25.34.17-ca-jre25.0.3-macosx_aarch64/Contents/Home/lib/libjsound.dylib

JVMTI agents:
/private/var/folders/97/0x7l_2j54nz3607j4cfqcp300000gn/T/.tmp2mosaO/theseus.jar path:none, loaded, initialized, instrumentlib options:none


VM Arguments:
jvm_args: --sun-misc-unsafe-memory-access=allow --enable-native-access=ALL-UNNAMED -Djava.library.path=/Users/charlieichikowitz/Library/Application Support/ModrinthApp/meta/natives/26.2-0.19.5/java -Djna.tmpdir=/Users/charlieichikowitz/Library/Application Support/ModrinthApp/meta/natives/26.2-0.19.5/jna -Dorg.lwjgl.system.SharedLibraryExtractPath=/Users/charlieichikowitz/Library/Application Support/ModrinthApp/meta/natives/26.2-0.19.5/lwjgl -Dio.netty.native.workdir=/Users/charlieichikowitz/Library/Application Support/ModrinthApp/meta/natives/26.2-0.19.5/netty -Dminecraft.launcher.brand=theseus -Dminecraft.launcher.version=0.21.4 -DFabricMcEmu=net.minecraft.client.main.Main -Xmx8192M -Dlog4j.configurationFile=/Users/charlieichikowitz/Library/Application Support/ModrinthApp/meta/log_configs/client-1.21.2.xml -javaagent:/private/var/folders/97/0x7l_2j54nz3607j4cfqcp300000gn/T/.tmp2mosaO/theseus.jar -Dmodrinth.internal.ipc.host=127.0.0.1 -Dmodrinth.internal.ipc.port=63337 -Dmodrinth.internal.quickPlay.serverVersion=BUILTIN -XX:+UseG1GC -XX:+ParallelRefProcEnabled -XX:MaxGCPauseMillis=10 -XX:+UnlockExperimentalVMOptions -XX:+DisableExplicitGC -XX:G1NewSizePercent=20 -XX:G1MaxNewSizePercent=30 -XX:G1HeapRegionSize=8M -XX:G1ReservePercent=15 -XX:G1HeapWastePercent=5 -XX:G1MixedGCCountTarget=4 --add-opens=java.base/java.lang.reflect=ALL-UNNAMED --add-opens=jdk.internal/jdk.internal.misc=ALL-UNNAMED 
java_command: com.modrinth.theseus.MinecraftLaunch net.fabricmc.loader.impl.launch.knot.KnotClient --username ImBisy --version 26.2 --gameDir /Users/charlieichikowitz/Library/Application Support/ModrinthApp/profiles/Ramen simple mods 1.0.3.1 1.0.0 --assetsDir /Users/charlieichikowitz/Library/Application Support/ModrinthApp/meta/assets --assetIndex 32 --uuid c3c58c0d75c64303a63e7b64c9c23b77 --accessToken eyJraWQiOiIwNDkxODEiLCJhbGciOiJSUzI1NiJ9.eyJ4dWlkIjoiMjUzNTQ0NTM0OTE2MTMzNSIsImFnZyI6IkFkdWx0Iiwic3ViIjoiMzQxMjllYTQtM2YwNC00ODdiLWJkMGUtNjNjZGY2ZmVkMDBkIiwiYXV0aCI6IlhCT1giLCJucyI6ImRlZmF1bHQiLCJyb2xlcyI6W10sImlzcyI6ImF1dGhlbnRpY2F0aW9uIiwiZmxhZ3MiOlsibXVsdGlwbGF5ZXIiXSwicHJvZmlsZXMiOnsibWMiOiJjM2M1OGMwZC03NWM2LTQzMDMtYTYzZS03YjY0YzljMjNiNzcifSwicG1pZCI6IjRlOWY5OWI0LTdhNzYtNTRiZC1iOTBlLTI3ZmNiNzNmM2JiNiIsInBsYXRmb3JtIjoiUENfTEFVTkNIRVIiLCJ0aWQiOiJFOTlCMCIsInBmZCI6W3sidHlwZSI6Im1jIiwiaWQiOiJjM2M1OGMwZC03NWM2LTQzMDMtYTYzZS03YjY0YzljMjNiNzciLCJuYW1lIjoiSW1CaXN5In1dLCJ4aWQiOiIyNTM1NDQ1MzQ5MTYxMzM1IiwibmJmIjoxNzg5ODQyNjQyLCJleHAiOjE3ODk5MjkwNDIsImlhdCI6MTc4OTg0MjY0MiwiYWlkIjoiMDAwMDAwMDAtMDAwMC0wMDAwLTAwMDAtMDAwMDQwMmI1MzI4In0.HHz6dr3nDfAD-DQztm7UByua3UV0l-Q-Mfbkpsnagmk0OyBwiekxRckP70IfoMMJvqEvpHDyN1o9UdYjfqVDCbeUSU8G6ByeZARbHwJGTgWbT4lclzeRT7AcM_4jQYeFHQ9roie63CK7sv8bXstDaGw_gyccq91h-7EK5JE7YKXFPC5qNBp8su1LHPHN0xvfc5tLdu1_pEzNLjH4tFW9mViZL4VopsfEbi5zpgQatzbQ-XYH3yZZO4edGQg3uIuWCCKJ70c-7fivWgNIczk_rJF0RpvCzqVRrAE1BD1lE1jaC6gLM2gTm7jYEPgZ_OZsGU4QSxd1_T_RHNo653js-w --clientId c4502edb-87c6-40cb-b595-64a280cf8906 --xuid 0 --versionType release --width 854 --height 480
java_class_path (initial): /private/var/folders/97/0x7l_2j54nz3607j4cfqcp300000gn/T/.tmp2mosaO/theseus.jar:/Users/charlieichikowitz/Library/Application Support/ModrinthApp/meta/versions/26.2-0.19.5/26.2-0.19.5.jar:/Users/charlieichikowitz/Library/Application Support/ModrinthApp/meta/libraries/at/yawk/lz4/lz4-java/1.10.1/lz4-java-1.10.1.jar:/Users/charlieichikowitz/Library/Application Support/ModrinthApp/meta/libraries/ca/weblite/java-objc-bridge/1.1/java-objc-bridge-1.1.jar:/Users/charlieichikowitz/Library/Application Support/ModrinthApp/meta/libraries/com/azure/azure-json/1.4.0/azure-json-1.4.0.jar:/Users/charlieichikowitz/Library/Application Support/ModrinthApp/meta/libraries/com/github/oshi/oshi-core/6.9.0/oshi-core-6.9.0.jar:/Users/charlieichikowitz/Library/Application Support/ModrinthApp/meta/libraries/com/google/code/gson/gson/2.14.0/gson-2.14.0.jar:/Users/charlieichikowitz/Library/Application Support/ModrinthApp/meta/libraries/com/google/guava/failureaccess/1.0.3/failureaccess-1.0.3.jar:/Users/charlieichikowitz/Library/Application Support/ModrinthApp/meta/libraries/com/google/guava/guava/33.6.0-jre/guava-33.6.0-jre.jar:/Users/charlieichikowitz/Library/Application Support/ModrinthApp/meta/libraries/com/ibm/icu/icu4j/78.3/icu4j-78.3.jar:/Users/charlieichikowitz/Library/Application Support/ModrinthApp/meta/libraries/com/microsoft/azure/msal4j/1.24.1/msal4j-1.24.1.jar:/Users/charlieichikowitz/Library/Application Support/ModrinthApp/meta/libraries/com/mojang/authlib/9.0.75/authlib-9.0.75.jar:/Users/charlieichikowitz/Library/Application Support/ModrinthApp/meta/libraries/com/mojang/blocklist/1.0.10/blocklist-1.0.10.jar:/Users/charlieichikowitz/Library/Application Support/ModrinthApp/meta/libraries/com/mojang/brigadier/1.3.10/brigadier-1.3.10.jar:/Users/charlieichikowitz/Library/Application Support/ModrinthApp/meta/libraries/com/mojang/datafixerupper/10.0.21/datafixerupper-10.0.21.jar:/Users/charlieichikowitz/Library/Application Support/ModrinthApp/meta/libraries/com/mojang/jtracy/1.0.37/jtracy-1.0.37.jar:/Users/charlieichikowitz/Library/Application Support/ModrinthApp/meta/libraries/com/mojang/jtracy/1.0.37/jtracy-1.0.37-natives-macos.jar:/Users/charlieichikowitz/Library/Application Support/ModrinthApp/meta/libraries/com/mojang/jtracy/1.0.37/jtracy-1.0.37-natives-macos-arm64.jar:/Users/charlieichikowitz/Library/Application Support/ModrinthApp/meta/libraries/com/mojang/logging/1.7.12/logging-1.7.12.jar:/Users/charlieichikowitz/Library/Application Support/ModrinthApp/meta/libraries/com/mojang/patchy/2.2.10/patchy-2.2.10.jar:/Users/charlieichikowitz/Library/Application Support/ModrinthApp/meta/libraries/com/mojang/text2speech/1.19.12/text2speech-1.19.12.jar:/Users/charlieichikowitz/Library/Application Support/ModrinthApp/meta/libraries/commons-codec/commons-codec/1.22.0/commons-codec-1.22.0.jar:/Users/charlieichikowitz/Library/Application Support/ModrinthApp/meta/libraries/commons-io/commons-io/2.20.0/commons-io-2.20.0.jar:/Users/charlieichikowitz/Library/Application Support/ModrinthApp/meta/libraries/io/netty/netty-buffer/4.2.15.Final/netty-buffer-4.2.15.Final.jar:/Users/charlieichikowitz/Library/Application Support/ModrinthApp/meta/libraries/io/netty/netty-codec-base/4.2.15.Final/netty-codec-base-4.2.15.Final.jar:/Users/charlieichikowitz/Library/Application Support/ModrinthApp/meta/libraries/io/netty/netty-codec-compression/4.2.15.Final/netty-codec-compression-4.2.15.Final.jar:/Users/charlieichikowitz/Library/Application Support/ModrinthApp/meta/libraries/io/netty/netty-codec-http/4.2.15.Final/netty-codec-http-4.2.15.Final.jar:/Users/charlieichikowitz/Library/Application Support/ModrinthApp/meta/libraries/io/netty/netty-common/4.2.15.Final/netty-common-4.2.15.Final.jar:/Users/charlieichikowitz/Library/Application Support/ModrinthApp/meta/libraries/io/netty/netty-handler/4.2.15.Final/netty-handler-4.2.15.Final.jar:/Users/charlieichikowitz/Library/Application Support/ModrinthApp/meta/libraries/io/netty/netty-resolver/4.2.15.Final/netty-resolver-4.2.15.Final.jar:/Users/charlieichikowitz/Library/Application Support/ModrinthApp/meta/libraries/io/netty/netty-transport-classes-epoll/4.2.15.Final/netty-transport-classes-epoll-4.2.15.Final.jar:/Users/charlieichikowitz/Library/Application Support/ModrinthApp/meta/libraries/io/netty/netty-transport-classes-kqueue/4.2.15.Final/netty-transport-classes-kqueue-4.2.15.Final.jar:/Users/charlieichikowitz/Library/Application Support/ModrinthApp/meta/libraries/io/netty/netty-transport-native-kqueue/4.2.15.Final/netty-transport-native-kqueue-4.2.15.Final-osx-aarch_64.jar:/Users/charlieichikowitz/Library/Application Support/ModrinthApp/meta/libraries/io/netty/netty-transport-native-kqueue/4.2.15.Final/netty-transport-native-kqueue-4.2.15.Final-osx-x86_64.jar:/Users/charlieichikowitz/Library/Application Support/ModrinthApp/meta/libraries/io/netty/netty-transport-native-unix-common/4.2.15.Final/netty-transport-native-unix-common-4.2.15.Final.jar:/Users/charlieichikowitz/Library/Application Support/ModrinthApp/meta/libraries/io/netty/netty-transport/4.2.15.Final/netty-transport-4.2.15.Final.jar:/Users/charlieichikowitz/Library/Application Support/ModrinthApp/meta/libraries/it/unimi/dsi/fastutil/8.5.18/fastutil-8.5.18.jar:/Users/charlieichikowitz/Library/Application Support/ModrinthApp/meta/libraries/net/java/dev/jna/jna-platform/5.17.0/jna-platform-5.17.0.jar:/Users/charlieichikowitz/Library/Application Support/ModrinthApp/meta/libraries/net/java/dev/jna/jna/5.17.0/jna-5.17.0.jar:/Users/charlieichikowitz/Library/Application Support/ModrinthApp/meta/libraries/net/sf/jopt-simple/jopt-simple/5.0.4/jopt-simple-5.0.4.jar:/Users/charlieichikowitz/Library/Application Support/ModrinthApp/meta/libraries/org/apache/commons/commons-compress/1.28.0/commons-compress-1.28.0.jar:/Users/charlieichikowitz/Library/Application Support/ModrinthApp/meta/libraries/org/apache/commons/commons-lang3/3.20.0/commons-lang3-3.20.0.jar:/Users/charlieichikowitz/Library/Application Support/ModrinthApp/meta/libraries/org/apache/logging/log4j/log4j-api/2.26.0/log4j-api-2.26.0.jar:/Users/charlieichikowitz/Library/Application Support/ModrinthApp/meta/libraries/org/apache/logging/log4j/log4j-core/2.26.0/log4j-core-2.26.0.jar:/Users/charlieichikowitz/Library/Application Support/ModrinthApp/meta/libraries/org/apache/logging/log4j/log4j-slf4j2-impl/2.26.0/log4j-slf4j2-impl-2.26.0.jar:/Users/charlieichikowitz/Library/Application Support/ModrinthApp/meta/libraries/org/jcraft/jorbis/0.0.17/jorbis-0.0.17.jar:/Users/charlieichikowitz/Library/Application Support/ModrinthApp/meta/libraries/org/joml/joml/1.10.8/joml-1.10.8.jar:/Users/charlieichikowitz/Library/Application Support/ModrinthApp/meta/libraries/org/jspecify/jspecify/1.0.0/jspecify-1.0.0.jar:/Users/charlieichikowitz/Library/Application Support/ModrinthApp/meta/libraries/org/lwjgl/lwjgl-freetype/3.4.1/lwjgl-freetype-3.4.1.jar:/Users/charlieichikowitz/Library/Application Support/ModrinthApp/meta/libraries/org/lwjgl/lwjgl-freetype/3.4.1/lwjgl-freetype-3.4.1-natives-macos.jar:/Users/charlieichikowitz/Library/Application Support/ModrinthApp/meta/libraries/org/lwjgl/lwjgl-freetype/3.4.1/lwjgl-freetype-3.4.1-natives-macos-arm64.jar:/Users/charlieichikowitz/Library/Application Support/ModrinthApp/meta/libraries/org/lwjgl/lwjgl-glfw/3.4.1/lwjgl-glfw-3.4.1.jar:/Users/charlieichikowitz/Library/Application Support/ModrinthApp/meta/libraries/org/lwjgl/lwjgl-glfw/3.4.1/lwjgl-glfw-3.4.1-natives-macos.jar:/Users/charlieichikowitz/Library/Application Support/ModrinthApp/meta/libraries/org/lwjgl/lwjgl-glfw/3.4.1/lwjgl-glfw-3.4.1-natives-macos-arm64.jar:/Users/charlieichikowitz/Library/Application Support/ModrinthApp/meta/libraries/org/lwjgl/lwjgl-jemalloc/3.4.1/lwjgl-jemalloc-3.4.1.jar:/Users/charlieichikowitz/Library/Application Support/ModrinthApp/meta/libraries/org/lwjgl/lwjgl-jemalloc/3.4.1/lwjgl-jemalloc-3.4.1-natives-macos.jar:/Users/charlieichikowitz/Library/Application Support/ModrinthApp/meta/libraries/org/lwjgl/lwjgl-jemalloc/3.4.1/lwjgl-jemalloc-3.4.1-natives-macos-arm64.jar:/Users/charlieichikowitz/Library/Application Support/ModrinthApp/meta/libraries/org/lwjgl/lwjgl-openal/3.4.1/lwjgl-openal-3.4.1.jar:/Users/charlieichikowitz/Library/Application Support/ModrinthApp/meta/libraries/org/lwjgl/lwjgl-openal/3.4.1/lwjgl-openal-3.4.1-natives-macos.jar:/Users/charlieichikowitz/Library/Application Support/ModrinthApp/meta/libraries/org/lwjgl/lwjgl-openal/3.4.1/lwjgl-openal-3.4.1-natives-macos-arm64.jar:/Users/charlieichikowitz/Library/Application Support/ModrinthApp/meta/libraries/org/lwjgl/lwjgl-opengl/3.4.1/lwjgl-opengl-3.4.1.jar:/Users/charlieichikowitz/Library/Application Support/ModrinthApp/meta/libraries/org/lwjgl/lwjgl-opengl/3.4.1/lwjgl-opengl-3.4.1-natives-macos.jar:/Users/charlieichikowitz/Library/Application Support/ModrinthApp/meta/libraries/org/lwjgl/lwjgl-opengl/3.4.1/lwjgl-opengl-3.4.1-natives-macos-arm64.jar:/Users/charlieichikowitz/Library/Application Support/ModrinthApp/meta/libraries/org/lwjgl/lwjgl-shaderc/3.4.1/lwjgl-shaderc-3.4.1.jar:/Users/charlieichikowitz/Library/Application Support/ModrinthApp/meta/libraries/org/lwjgl/lwjgl-shaderc/3.4.1/lwjgl-shaderc-3.4.1-natives-macos.jar:/Users/charlieichikowitz/Library/Application Support/ModrinthApp/meta/libraries/org/lwjgl/lwjgl-shaderc/3.4.1/lwjgl-shaderc-3.4.1-natives-macos-arm64.jar:/Users/charlieichikowitz/Library/Application Support/ModrinthApp/meta/libraries/org/lwjgl/lwjgl-spvc/3.4.1/lwjgl-spvc-3.4.1.jar:/Users/charlieichikowitz/Library/Application Support/ModrinthApp/meta/libraries/org/lwjgl/lwjgl-spvc/3.4.1/lwjgl-spvc-3.4.1-natives-macos.jar:/Users/charlieichikowitz/Library/Application Support/ModrinthApp/meta/libraries/org/lwjgl/lwjgl-spvc/3.4.1/lwjgl-spvc-3.4.1-natives-macos-arm64.jar:/Users/charlieichikowitz/Library/Application Support/ModrinthApp/meta/libraries/org/lwjgl/lwjgl-stb/3.4.1/lwjgl-stb-3.4.1.jar:/Users/charlieichikowitz/Library/Application Support/ModrinthApp/meta/libraries/org/lwjgl/lwjgl-stb/3.4.1/lwjgl-stb-3.4.1-natives-macos.jar:/Users/charlieichikowitz/Library/Application Support/ModrinthApp/meta/libraries/org/lwjgl/lwjgl-stb/3.4.1/lwjgl-stb-3.4.1-natives-macos-arm64.jar:/Users/charlieichikowitz/Library/Application Support/ModrinthApp/meta/libraries/org/lwjgl/lwjgl-tinyfd/3.4.1/lwjgl-tinyfd-3.4.1.jar:/Users/charlieichikowitz/Library/Application Support/ModrinthApp/meta/libraries/org/lwjgl/lwjgl-tinyfd/3.4.1/lwjgl-tinyfd-3.4.1-natives-macos.jar:/Users/charlieichikowitz/Library/Application Support/ModrinthApp/meta/libraries/org/lwjgl/lwjgl-tinyfd/3.4.1/lwjgl-tinyfd-3.4.1-natives-macos-arm64.jar:/Users/charlieichikowitz/Library/Application Support/ModrinthApp/meta/libraries/org/lwjgl/lwjgl-vma/3.4.1/lwjgl-vma-3.4.1.jar:/Users/charlieichikowitz/Library/Application Support/ModrinthApp/meta/libraries/org/lwjgl/lwjgl-vma/3.4.1/lwjgl-vma-3.4.1-natives-macos.jar:/Users/charlieichikowitz/Library/Application Support/ModrinthApp/meta/libraries/org/lwjgl/lwjgl-vma/3.4.1/lwjgl-vma-3.4.1-natives-macos-arm64.jar:/Users/charlieichikowitz/Library/Application Support/ModrinthApp/meta/libraries/org/lwjgl/lwjgl-vulkan/3.4.1/lwjgl-vulkan-3.4.1.jar:/Users/charlieichikowitz/Library/Application Support/ModrinthApp/meta/libraries/org/lwjgl/lwjgl-vulkan/3.4.1/lwjgl-vulkan-3.4.1-natives-macos.jar:/Users/charlieichikowitz/Library/Application Support/ModrinthApp/meta/libraries/org/lwjgl/lwjgl-vulkan/3.4.1/lwjgl-vulkan-3.4.1-natives-macos-arm64.jar:/Users/charlieichikowitz/Library/Application Support/ModrinthApp/meta/libraries/org/lwjgl/lwjgl/3.4.1/lwjgl-3.4.1-natives-macos.jar:/Users/charlieichikowitz/Library/Application Support/ModrinthApp/meta/libraries/org/lwjgl/lwjgl/3.4.1/lwjgl-3.4.1-natives-macos-arm64.jar:/Users/charlieichikowitz/Library/Application Support/ModrinthApp/meta/libraries/org/lwjgl/lwjgl/3.4.1/lwjgl-3.4.1-unsafe.jar:/Users/charlieichikowitz/Library/Application Support/ModrinthApp/meta/libraries/org/slf4j/slf4j-api/2.0.17/slf4j-api-2.0.17.jar:/Users/charlieichikowitz/Library/Application Support/ModrinthApp/meta/libraries/org/ow2/asm/asm/9.10.1/asm-9.10.1.jar:/Users/charlieichikowitz/Library/Application Support/ModrinthApp/meta/libraries/org/ow2/asm/asm-analysis/9.10.1/asm-analysis-9.10.1.jar:/Users/charlieichikowitz/Library/Application Support/ModrinthApp/meta/libraries/org/ow2/asm/asm-commons/9.10.1/asm-commons-9.10.1.jar:/Users/charlieichikowitz/Library/Application Support/ModrinthApp/meta/libraries/org/ow2/asm/asm-tree/9.10.1/asm-tree-9.10.1.jar:/Users/charlieichikowitz/Library/Application Support/ModrinthApp/meta/libraries/org/ow2/asm/asm-util/9.10.1/asm-util-9.10.1.jar:/Users/charlieichikowitz/Library/Application Support/ModrinthApp/meta/libraries/net/fabricmc/sponge-mixin/0.17.4+mixin.0.8.7/sponge-mixin-0.17.4+mixin.0.8.7.jar:/Users/charlieichikowitz/Library/Application Support/ModrinthApp/meta/libraries/net/fabricmc/intermediary/26.2/intermediary-26.2.jar:/Users/charlieichikowitz/Library/Application Support/ModrinthApp/meta/libraries/net/fabricmc/fabric-loader/0.19.5/fabric-loader-0.19.5.jar
Launcher Type: SUN_STANDARD

[Global flags]
     intx CICompilerCount                          = 4                                         {product} {ergonomic}
     uint ConcGCThreads                            = 2                                         {product} {ergonomic}
     bool DisableExplicitGC                        = true                                      {product} {command line}
     uint G1ConcRefinementThreads                  = 8                                         {product} {ergonomic}
     uint G1EagerReclaimRemSetThreshold            = 64                                   {experimental} {ergonomic}
   size_t G1HeapRegionSize                         = 8388608                                   {product} {command line}
     uint G1HeapWastePercent                       = 5                                         {product} {command line}
     uint G1MaxNewSizePercent                      = 30                                   {experimental} {command line}
    uintx G1MixedGCCountTarget                     = 4                                         {product} {command line}
     uint G1NewSizePercent                         = 20                                   {experimental} {command line}
     uint G1RemSetArrayOfCardsEntries              = 64                                   {experimental} {ergonomic}
     uint G1RemSetHowlMaxNumBuckets                = 8                                    {experimental} {ergonomic}
     uint G1RemSetHowlNumBuckets                   = 8                                    {experimental} {ergonomic}
     uint G1ReservePercent                         = 15                                        {product} {command line}
   size_t InitialHeapSize                          = 268435456                                 {product} {ergonomic}
   size_t MarkStackSize                            = 4194304                                   {product} {ergonomic}
   size_t MarkStackSizeMax                         = 536870912                                 {product} {ergonomic}
    uintx MaxGCPauseMillis                         = 10                                        {product} {command line}
   size_t MaxHeapSize                              = 8589934592                                {product} {command line}
   size_t MaxNewSize                               = 2575302656                                {product} {ergonomic}
   size_t MinHeapDeltaBytes                        = 8388608                                   {product} {ergonomic}
   size_t MinHeapSize                              = 8388608                                   {product} {ergonomic}
    uintx NonNMethodCodeHeapSize                   = 5849088                                {pd product} {ergonomic}
    uintx NonProfiledCodeHeapSize                  = 122912768                              {pd product} {ergonomic}
     bool ParallelRefProcEnabled                   = true                                      {product} {command line}
    uintx ProfiledCodeHeapSize                     = 122912768                              {pd product} {ergonomic}
    uintx ReservedCodeCacheSize                    = 251674624                              {pd product} {ergonomic}
     bool SegmentedCodeCache                       = true                                      {product} {ergonomic}
   size_t SoftMaxHeapSize                          = 8589934592                             {manageable} {ergonomic}
     bool UnlockExperimentalVMOptions              = true                                 {experimental} {command line}
     bool UseCompressedOops                        = true                           {product lp64_product} {ergonomic}
     bool UseG1GC                                  = true                                      {product} {command line}
     bool UseNUMA                                  = false                                     {product} {ergonomic}
     bool UseNUMAInterleaving                      = false                                     {product} {ergonomic}

Logging:
Log output configuration:
 #0: stdout all=warning uptime,level,tags foldmultilines=false
 #1: stderr all=off uptime,level,tags foldmultilines=false

Release file:
IMPLEMENTOR="Azul Systems, Inc."
IMPLEMENTOR_VERSION="Zulu25.34+17-CA"
JAVA_RUNTIME_VERSION="25.0.3+9-LTS"
JAVA_VERSION="25.0.3"
JAVA_VERSION_DATE="2026-04-21"
LIBC="default"
MODULES="java.base com.azul.tooling java.logging java.management java.security.sasl java.naming jdk.jfr com.azul.crs.client java.compiler java.datatransfer java.xml java.prefs java.desktop java.instrument java.rmi java.management.rmi java.net.http java.scripting java.security.jgss java.transaction.xa java.sql java.sql.rowset java.xml.crypto java.se java.smartcardio jdk.accessibility jdk.charsets jdk.crypto.cryptoki jdk.dynalink jdk.internal.vm.ci jdk.graal.compiler jdk.graal.compiler.management jdk.httpserver jdk.incubator.vector jdk.jdwp.agent jdk.jsobject jdk.localedata jdk.management jdk.management.agent jdk.management.jfr jdk.naming.dns jdk.naming.rmi jdk.net jdk.nio.mapmode jdk.sctp jdk.security.auth jdk.security.jgss jdk.unsupported jdk.xml.dom jdk.zipfs"
OS_ARCH="aarch64"
OS_NAME="Darwin"
SOURCE=".:git:a6c8c3aa940a"

Environment Variables:
PATH=/usr/bin:/bin:/usr/sbin:/sbin
SHELL=/bin/zsh
TMPDIR=/var/folders/97/0x7l_2j54nz3607j4cfqcp300000gn/T/

Active Locale:
LC_ALL=C
LC_COLLATE=C
LC_CTYPE=C
LC_MESSAGES=C
LC_MONETARY=C
LC_NUMERIC=C
LC_TIME=C

Signal Handlers:
   SIGSEGV: crash_handler in libjvm.dylib, mask=11100110000111110111111111111111, flags=SA_ONSTACK|SA_RESTART|SA_SIGINFO, unblocked
    SIGBUS: crash_handler in libjvm.dylib, mask=11100110000111110111111111111111, flags=SA_RESTART|SA_SIGINFO, unblocked
    SIGFPE: crash_handler in libjvm.dylib, mask=11100110000111110111111111111111, flags=SA_RESTART|SA_SIGINFO, unblocked
   SIGPIPE: javaSignalHandler in libjvm.dylib, mask=11100110000111110111111111111111, flags=SA_RESTART|SA_SIGINFO, unblocked
   SIGXFSZ: javaSignalHandler in libjvm.dylib, mask=11100110000111110111111111111111, flags=SA_RESTART|SA_SIGINFO, unblocked
    SIGILL: crash_handler in libjvm.dylib, mask=11100110000111110111111111111111, flags=SA_RESTART|SA_SIGINFO, unblocked
   SIGUSR2: SR_handler in libjvm.dylib, mask=00000000000000000000000000000000, flags=SA_RESTART|SA_SIGINFO, unblocked
    SIGHUP: UserHandler in libjvm.dylib, mask=11100110000111110111111111111111, flags=SA_RESTART|SA_SIGINFO, unblocked
    SIGINT: UserHandler in libjvm.dylib, mask=11100110000111110111111111111111, flags=SA_RESTART|SA_SIGINFO, unblocked
   SIGTERM: UserHandler in libjvm.dylib, mask=11100110000111110111111111111111, flags=SA_RESTART|SA_SIGINFO, unblocked
   SIGQUIT: UserHandler in libjvm.dylib, mask=11100110000111110111111111111111, flags=SA_RESTART|SA_SIGINFO, blocked
   SIGTRAP: crash_handler in libjvm.dylib, mask=11100110000111110111111111111111, flags=SA_RESTART|SA_SIGINFO, unblocked


Compilation memory statistics disabled.

Periodic native trim disabled

---------------  S Y S T E M  ---------------

OS:
uname: Darwin 25.6.0 Darwin Kernel Version 25.6.0: Fri Jul 31 19:18:49 PDT 2026; root:xnu-12377.161.14~5/RELEASE_ARM64_T6000 arm64
OS uptime: 10 days 10:20 hours
rlimit (soft/hard): STACK 8176k/65520k , CORE 0k/infinity , NPROC 2666/4000 , NOFILE 1048576/infinity , AS infinity/infinity , CPU infinity/infinity , DATA infinity/infinity , FSIZE infinity/infinity , MEMLOCK infinity/infinity , RSS infinity/infinity
load average: 7.96 9.37 10.55

CPU: total 8 (initial active 8) 0x61:0x0:0x1b588bb3:0, fp, asimd, aes, pmull, sha1, sha256, crc32, lse, sha3, sha512
machdep.cpu.brand_string:Apple M1 Pro
hw.cachelinesize:128
hw.l1icachesize:131072
hw.l1dcachesize:65536
hw.l2cachesize:4194304

Memory: 16k page, physical 16777216k(4033104k free), swap 7340032k(973056k free)

vm_info: OpenJDK 64-Bit Server VM (25.0.3+9-LTS) for bsd-aarch64 JRE (25.0.3+9-LTS) (Zulu25.34+17-CA), built on 2026-04-17T21:16:51Z with clang Apple LLVM 14.0.3 (clang-1403.0.22.14.1)

END.
